time_s,lap,motor_rpm,motor_torque_nm,power_kw,motor_temp_c,inverter_temp_c,battery_voltage_v,battery_current_a
0.0,1,3978.3268299265833,135.46936355287372,56.43781181464715,62.62825492344167,50.28833316413025,594.7863994977813,104.27201004437279
0.1,1,3895.7305684211715,135.0313546241759,55.08738483447386,63.12464232810324,51.25343172905511,594.9122252696393,101.75549460721527
0.2,1,4111.055621032181,142.96175482133032,61.546284638643556,61.61580496649976,49.02657726174406,594.309931889608,113.80136220783925
0.3,1,4174.390678631765,142.66598990530784,62.365177695070216,61.49174952135033,49.171205460174534,594.2334819236014,115.33036152797308
0.4,1,3944.9608898403926,119.01945281428917,49.16876151850255,63.42813560745158,49.52883892404624,595.4630597837665,90.73880432467035
0.5,1,4051.8298647807806,145.2334362950799,61.62351009579461,62.35234310043676,50.04972329480562,594.3027231472373,113.94553705525368
0.6,1,4232.822747856397,135.8833284022291,60.23166610909637,61.57093853723826,49.876079153896896,594.432620129298,111.34759741403968
0.7,1,4235.647324276565,134.44017884126703,59.6317413209385,64.52460053641504,50.40367346226274,594.4885917937258,110.22816412548195
0.8,1,4308.936762617151,144.5504578086114,65.22561909424215,62.66023560914907,48.694230868766375,593.9662816974792,120.67436605041735
0.9,1,4274.125291505611,150.21620544432898,67.23457347189198,64.850315491231,50.236068686707355,593.7784754987669,124.43049002466296
1.0,1,4483.087548289939,137.31529981988777,64.4651158647746,63.55680726566958,49.11654068232942,594.037345700798,119.25308598403944
1.1,1,4517.524140345122,155.18417015057827,73.41359948104996,63.9283963869307,49.73470456146074,593.2000780061278,135.99843987744293
1.2,1,4493.665761423918,157.03712625908284,73.89783647659976,63.372866472505294,51.60507371301819,593.1547020166529,136.90595966694218
1.3,1,4637.871096312406,153.45340753514705,74.52874848578386,60.492383168716685,48.517576034590824,593.0955711358711,138.08857728257976
1.4,1,4618.180733351755,148.4705123026561,71.80253050545552,62.36627135354761,49.65484521075233,593.3509945716628,132.98010856674296
1.5,1,4534.675850231049,149.09531076242698,70.80091177843536,63.631320973538685,48.67789379289846,593.4447818792726,131.1043624145475
1.6,1,4693.402594486253,164.52663757020358,80.8635212781541,64.27151869833176,50.12356547717731,592.5011955194734,149.97608961053174
1.7,1,4608.826614648939,148.14709780020536,71.50100335771006,61.73781487473217,51.03641743754086,593.3792314426569,132.4153711468614
1.8,1,4824.375238548688,167.54320387432924,84.64406534242596,63.872584523496066,50.175253803048285,592.1459005000543,157.0819899989158
1.9,1,4776.6016505147245,160.28681391326245,80.17619444926348,62.641569797238795,49.90602222579027,592.565744048581,148.6851190283801
2.0,1,4803.593490976395,162.10805233849663,81.54539740962204,64.32110265219637,51.36800315644084,592.4371448000612,151.25710399877562
2.1,1,4795.636261812696,152.14171164893295,76.40524124307768,64.06743526414293,50.38668751457437,592.9196303114711,141.6073937705778
2.2,1,5014.964446210423,164.37385735768476,86.3235363100733,65.03395627346877,50.892055074027894,591.9879253571826,160.24149285634962
2.3,1,4921.942710456675,170.98102100691756,88.12783040460612,65.47285480411793,50.803768240064954,591.8181137562067,163.63772487586516
2.4,1,4933.006986930147,158.59799892332123,81.92907506807684,64.79423731495311,47.22800842518188,592.401098610773,151.97802778454047
2.5,1,4976.570655537244,172.69157892248947,89.99739786360627,65.3265675322773,50.043032414605165,591.6420546311389,167.15890737722248
2.6,1,5096.144411848586,171.05321085075448,91.28545299642457,63.924188131967725,49.056791862472075,591.5206952678097,169.58609464380402
2.7,1,5115.048254031662,167.13301523057768,89.52423145418759,67.78269642371671,49.32042560553841,591.6866232514543,166.26753497091386
2.8,1,5153.480369338553,178.81083719054112,96.49905948929872,62.982576068928495,51.638914201237434,591.0289571060143,179.42085787971223
2.9,1,5188.303012196822,158.58026676024286,86.15948497769709,63.861897027789254,49.80381596920667,592.00336019276,159.93279614479775
3.0,1,5383.08274930116,177.56937830245332,100.09854114219507,65.62671527117101,52.085189389918,590.6889749492098,186.22050101580612
3.1,1,5172.398978826228,187.60332870052693,101.61578469214594,65.49806211232354,48.798637177166846,590.5455474220955,189.08905155808952
3.2,1,5192.844099923936,187.44920277706555,101.93363227957222,65.22920005666374,49.13606244138678,590.5154917963066,189.6901640738679
3.3,1,5193.801312573383,181.17776099833168,98.5414249579116,65.50407199081818,50.995193257446196,590.8360981572328,183.2780368553449
3.4,1,5358.323014648432,177.39362146152305,99.53951225800948,62.242591651081824,49.90428076457874,590.7418030311082,185.1639393778362
3.5,1,5434.83580495928,176.08738551586364,100.21743685865424,66.6989981811719,50.56548821706767,590.6777380972761,186.4452380544776
3.6,1,5343.612321385382,179.42608602166595,100.40356747300129,64.59595361278345,50.158060186804036,590.6601459927322,186.7970801453555
3.7,1,5300.545667117735,186.337349811917,103.4306164148345,66.38427695281736,50.139693105952766,590.3738953454425,192.5220930911496
3.8,1,5327.022900007862,177.83933685812303,99.2067019263565,62.497346037498964,49.989630498744795,590.773248961693,184.53502076614086
3.9,1,5491.205153689105,189.72622935454606,109.09972678009954,65.29362165735134,50.484650772489566,589.837039588761,203.25920822478224
4.0,1,5523.119297937895,200.26516335112925,115.82930517492173,64.35748048040519,50.9577789270932,589.1984655265592,216.03068946881763
4.1,1,5526.282845433092,185.78289610386327,107.51460304114384,65.76794814319956,51.94123719646509,589.9872483894915,200.25503221017175
4.2,1,5432.69684855484,177.66234097773003,101.07400385917173,65.50938100078798,50.13466692395207,590.5967709807546,188.0645803849086
4.3,1,5538.280709407319,178.49065009432746,103.51875820116291,65.61541285386065,49.95359444876147,590.3655560544212,192.68887891157533
4.4,1,5546.689331372188,194.14408113350254,112.76819124100159,63.95244587004685,49.834512241884845,589.4891112567253,210.21777486549354
4.5,1,5574.839372035083,189.06744706810667,110.37678413762842,65.2015895537154,51.83618540795096,589.7159669933633,205.6806601327355
4.6,1,5654.399371633401,196.37413423747822,116.2784893414969,65.1002797180841,51.06583987137507,589.1557919430345,216.88416113930998
4.7,1,5609.50533933216,187.22445771960068,109.9805190703655,65.9571258743942,48.48527963654483,589.7535406803395,204.92918639321147
4.8,1,5668.523238842043,197.47062777299033,117.21982163775306,66.59592476502874,48.449674151477765,589.0663426610994,218.67314677801232
4.9,1,5625.335395626913,191.21719624907195,112.64294209316101,65.63508987448604,49.57090153851261,589.5009971615273,209.98005676945468
5.0,1,5660.412119655172,187.8393497200922,111.34308398345311,63.96859325393368,50.63895130291058,589.6243224122886,207.5135517542276
5.1,1,5706.106724113268,190.7739566409082,113.9954704544154,65.67430165023198,50.38286317714134,589.3726189749036,212.54762050192767
5.2,1,5520.069459458473,185.78805581407988,107.39670337470167,68.72342652095676,50.93831951689531,589.9984176373368,200.03164725326315
5.3,1,5639.691381176844,208.65183018968708,123.2270793822295,67.60998536986874,50.25498457234782,588.4948549846682,230.10290030663555
5.4,1,5636.152595828395,194.58289051015097,114.84603642076334,62.109854499585744,51.834412480934795,589.2918564678919,214.16287064216135
5.5,1,5630.161772602074,200.2727929696416,118.07866820059249,65.79920695950895,51.21534870889745,588.984707359887,220.30585280225978
5.6,1,5673.996801702233,192.47915297553993,114.36717758188841,66.88550117652314,50.5267347986662,589.3373276019745,213.25344796051127
5.7,1,5850.722783085994,189.3222481526101,115.9951396097461,65.59162447417907,51.600095075081995,589.1827115869536,216.34576826092825
5.8,1,5634.331471333516,195.46962253396703,115.33212274541212,65.3014587342495,48.81112285097655,589.2456917204188,215.08616559162533
5.9,1,5815.795257513489,205.20880960859492,124.97804534965661,65.5760488036132,50.37990319282582,588.3280673665635,233.4386526687308
6.0,1,5570.529290729467,194.2217644662364,113.29819093666006,66.60155364398395,50.60711389857872,589.4388098956495,211.22380208701202
6.1,1,5704.580120932933,192.11247577814086,114.76457982985926,64.60296040557807,51.075936129083935,589.299591868883,214.00816262234116
6.2,1,5757.277648758907,199.60680849941542,120.34308567367228,67.44942195624313,48.76270554137637,588.7693587370422,224.61282525915408
6.3,1,5802.390162130514,202.2973028613896,122.92087374573013,65.9973436782272,50.221109995231686,588.5240125849956,229.51974830008794
6.4,1,5818.641799512337,210.56309506153988,128.3017251991503,64.98370977245769,50.88529609943146,588.0112057878779,239.77588424244232
6.5,1,5830.3458927519505,201.7720728899249,123.19242217593501,67.49582214892762,50.96498850962492,588.4981552709287,230.0368945814273
6.6,1,5725.311905747973,204.01031959691628,122.31505234171529,64.33296286260948,51.67661965599632,588.5816916030487,228.36616793902408
6.7,1,5717.575048457582,204.71799949426523,122.57348123988488,65.56103632221784,51.25433063735547,588.5570885257679,228.85822948464238
6.8,1,5845.693833914959,191.7670983967195,117.3920753855358,65.58109294160833,50.433986548962544,589.049971402572,219.0005719485589
6.9,1,5748.365584857735,193.2247458174744,116.3150048858075,68.87928965250161,51.17148522352608,589.1523226011075,216.95354797784944
7.0,1,5647.404613758038,192.4857101421587,113.8350534832446,65.52362810942695,50.29649811401464,589.3878482792425,212.24303441515076
7.1,1,5662.726457600588,190.82826445667396,113.16103257658705,63.79842158381318,50.645657228000395,589.4518281984763,210.9634360304733
7.2,1,5684.610333998523,205.77754637388514,122.49752179614791,65.72455739130848,51.294378289707716,588.5643202724093,228.71359455181505
7.3,1,5820.571069208223,202.27183523768738,123.29050435884002,67.00737628623776,50.45463887339119,588.4888151450589,230.22369709882128
7.4,1,5788.104208663885,200.8066194378639,121.71468638423696,67.43921815846716,50.86196409593926,588.638839848344,227.22320303312017
7.5,1,5841.290983378919,182.0867059162735,111.38217605215138,69.26738153806406,51.460988954551226,589.6206142817095,207.58771436581014
7.6,1,5736.152886788407,214.58696967919434,128.8999304367368,68.26064048334707,51.21122186606443,587.9541391259027,240.91721748194573
7.7,1,5792.8138395101505,193.87941284336375,117.61152623732443,66.83430825318999,51.73157680090097,589.0291131161677,219.417737676647
7.8,1,5838.195706479443,214.42092134309016,131.0914674347452,65.57514457601732,52.82527240667394,587.7449775738406,245.10044852318742
7.9,1,5750.4276868676625,189.81115674064282,114.30112377633846,68.6293183532155,51.19814241024474,589.3435993310161,213.12801337967926
8.0,1,5824.336549893082,194.1458382986078,118.41403101120476,66.2734478669955,50.031984154611884,588.9528241077147,220.94351784570563
8.1,1,5719.300630387161,184.26918261471877,110.36319197458376,65.96076666469477,51.0028335764433,589.7172558772515,205.65488245496908
8.2,1,5749.084320914875,202.06067934175888,121.64915740907638,66.2844867156739,50.95723476971069,588.6450768021839,227.09846395632098
8.3,1,5748.886666734185,191.63440194717595,115.36812668620581,65.31623425649704,51.099005157797905,589.2422720494333,215.15455901133464
8.4,1,5673.346679999181,191.6308497119265,113.85008678522398,66.29454210447378,51.97726142948067,589.3864211155849,212.27157768830352
8.5,1,5835.271175305715,189.31470698395583,115.68419127339268,66.60599981131077,48.794557354423986,589.2122503529358,215.75499294128463
8.6,1,5746.765276098631,204.12661214404756,122.8433650680207,67.79525521360374,51.988603891295,588.5313926710612,229.37214657877462
8.7,1,5795.221538297468,203.41112740549454,123.44496121923268,66.48506905975722,52.32095358797715,588.4741059837418,230.5178803251647
8.8,1,5842.741300959601,210.84438959302506,129.00523217800043,65.46169849991476,51.034052450316786,587.9440925419033,241.1181491619334
8.9,1,5842.91875315652,193.07358169424472,118.1357434150435,65.08956078964754,51.05323668207071,588.9792814149234,220.4143717015313
9.0,1,5867.561565485529,199.10334305890552,122.33897154941764,67.29656866890248,50.21425188922997,588.5794145227544,228.41170954491076
9.1,1,5799.300002674184,188.22965092020596,114.31210721225983,67.16279000280583,50.45669163456537,589.3425564764668,213.14887047066463
9.2,1,5773.233089129186,194.5790385872987,117.63695199573748,66.44057079221272,51.14246721109613,589.0266963604321,219.46607279135833
9.3,1,5811.176333129682,192.9482546423276,117.41768839781548,66.57445511878232,51.07189195266052,589.0475370236886,219.04925952622648
9.4,1,5664.2963303046,199.47435452334156,118.32095109816493,67.63079052290949,51.152551575790966,588.9616736537221,220.76652692555854
9.5,1,5693.5277880495905,202.97319616171208,121.01766053942065,68.86200834415435,51.05169119379101,588.7051748624183,225.89650275163422
9.6,1,5712.3494472747025,202.41079247848273,121.08129307565049,66.28546612653729,51.31627261103771,588.699119671571,226.01760656858005
9.7,1,5750.885954304677,189.18200725930936,113.93133919467628,67.35614686839284,51.197071342875915,589.3787074198528,212.42585160294198
9.8,1,5891.860200437309,201.66906696593705,124.42863604408716,68.42674578560893,49.3782948829815,588.3804115327866,232.39176934426723
9.9,1,5776.778502555163,193.95967355788306,117.33451386058492,66.37237298678302,51.22681415952599,589.055442240721,218.89115518557787
10.0,1,5836.471040996475,191.57559926537087,117.08982198438348,67.31136848144624,52.24471788061063,589.0786974122468,218.42605175506378
10.1,1,6006.119324122189,188.45938758439624,118.53329294431822,67.31047433189575,50.350773163598426,588.9414849175455,221.17030164909124
10.2,1,5859.859515717907,189.06294353717297,116.0171619799303,65.8079791181671,51.86783297556965,589.1806194412817,216.38761117436616
10.3,1,5975.511972752741,204.73520623262544,128.11390505379723,67.6087158140437,49.44169629247603,588.029120832588,239.41758334824044
10.4,1,5829.243281172799,194.2410420210486,118.57190516491723,67.46887151048139,50.31955401693164,588.9378136481512,221.24372703697532
10.5,1,5911.667503958898,192.8559010029101,119.3909889274095,68.12113372045711,49.698171069208584,588.8599237579333,222.80152484133396
10.6,1,5854.948239452293,189.33728571628404,116.0881325383608,66.05429503160421,51.708251693473194,589.1738770691622,216.5224586167551
10.7,1,5927.787020468213,207.8298516499725,129.01171160035398,67.51355831932443,51.95889798042107,587.9434743444674,241.13051311065078
10.8,1,6055.405628963457,199.37429908591236,126.42734908735994,69.18221613871708,50.20830721921739,588.1899414584718,236.2011708305647
10.9,1,5827.854642828844,184.71989272471805,112.7329824556581,70.03918034353009,51.4673389008807,589.4924525524871,210.15094895025982
11.0,1,6050.391113151407,187.3776381059303,118.72162376014748,69.10388241097894,51.93537140171037,588.9235778875316,221.52844224936757
11.1,1,6049.676455717342,187.31699322709932,118.66918086938699,66.1762873216396,50.23998793278788,588.9285644183469,221.4287116330604
11.2,1,5989.419156372151,189.36034180478555,118.76879605805506,68.15057897639485,50.390516339011626,588.9190924373676,221.61815125264866
11.3,1,5928.060384888525,182.95257980504718,113.57422307950144,67.04957703409663,50.981935284343386,589.4126086965716,211.74782606856752
11.4,1,6092.659167061964,190.4548046261283,121.51431269572944,67.98956314119717,49.39303573644848,588.6579107045615,226.84178590877082
11.5,1,6056.670722634904,197.07024148610458,124.99240663675218,66.7412420855537,50.33262512995041,588.3266989885415,233.46602022917068
11.6,1,6151.031628202738,177.23396858984017,114.16251832012293,65.6302418172367,52.35196990188058,589.3567593097403,212.86481380519376
11.7,1,6153.740235827067,178.0578721990991,114.74372825738386,67.29098315833133,49.695527443947874,589.3015719734299,213.96856053140368
11.8,1,6327.343394431577,182.10069534347303,120.6595293679357,68.58900508711942,51.035429776981516,588.7392517986328,225.21496402734329
11.9,1,6176.7085012879725,181.95608274355686,117.69345240026638,68.08444175661651,50.69117648644216,589.0213258415271,219.57348316945854
12.0,1,6127.238594494843,198.53725795164922,127.39002694836503,68.23882001337299,49.989082128229576,588.098156831782,238.03686336436044
12.1,1,6267.262601339726,191.09835234253768,125.41903438530575,68.03082203015664,50.35968821178716,588.286045906741,234.2790818651781
12.2,1,6297.613365046727,190.23961649230887,125.46008396061109,68.27203045747518,51.87554883530303,588.282134016961,234.3573196607815
12.3,1,6433.023616547243,181.32687691456923,122.15350848728782,68.43688253928875,50.661134215515936,588.5970699165789,228.05860166842194
12.4,1,6411.10994309842,180.72693474568752,121.33461747239727,67.48619511924275,50.80167790454706,588.6750123863198,226.499752273603
12.5,1,6394.217261253444,172.12899495810902,115.2577240498534,67.92909780514888,51.67675956330893,589.2527580149217,214.94483970156693
12.6,1,6528.513596874255,187.3295147963061,128.07051006236486,69.93482585548679,49.77024233966731,588.0332598638257,239.3348027234856
12.7,1,6306.374991842816,184.86818131976935,122.08732496915508,68.02610863434955,48.996212681664325,588.6033700798987,227.93259840202495
12.8,1,6388.936858817003,190.01376686357523,127.12831232396455,67.9189707101105,51.794670915330286,588.123112391713,237.53775216574127
12.9,1,6392.666820762733,179.12492356759608,119.91312086791051,68.00304521836541,50.145764198752815,588.810261218814,223.7947756237179
13.0,1,6475.183461903187,179.20560795267127,121.51567170463143,67.62924778168957,50.885486991970254,588.6577813631633,226.84437273673439
13.1,1,6413.471430747658,180.9945034265063,121.5590139496971,67.37892871664366,49.21192741849228,588.653656307117,226.92687385766135
13.2,1,6637.125090095649,185.6627746395847,129.04270475026513,68.16185048288196,50.34488204152923,587.9405172900094,241.18965419981237
13.3,1,6588.661006068895,168.75284831379923,116.43321593287533,67.31411979749522,48.84125271650554,589.1410910838144,217.17817832370997
13.4,1,6503.457479691673,183.8315337451504,125.19671500744097,67.75536226997986,49.98348773166373,588.3072312915092,233.85537416981606
13.5,1,6580.508626437765,178.18071252653388,122.78597751633306,66.98982405514415,49.253121744701176,588.5368567772284,229.2628644554327
13.6,1,6740.935776350628,170.56934136567708,120.40645771801633,68.07597583025613,49.004424331276844,588.7633296749159,224.7334065016821
13.7,1,6825.26120867552,163.05406736384919,116.54121232170057,68.65477313536844,49.55972851136407,589.1308297045143,217.38340590971347
13.8,1,6970.103973783789,176.36866770985938,128.7328276640086,67.70627567467929,47.54997393904352,587.9700812771507,240.5983744569869
13.9,1,7092.258332759896,187.14708865989186,138.99405962669334,65.5568097037348,48.66371856918218,586.9894837041509,260.2103259169826
14.0,1,6890.051241649836,188.43669094295157,135.9616852170503,68.68105532970793,50.58603677693979,587.2796159412062,254.4076811758771
14.1,1,6792.093112101491,178.91424785433273,127.25567999968642,68.12203043432712,50.13103800576711,588.110967632867,237.7806473426608
14.2,1,6719.108854544646,189.8854955056739,133.60788438985676,66.79058655623137,48.68868326736772,587.5046216169521,249.90756766095842
14.3,1,6982.737576992043,175.58802528360113,128.39533166009326,68.91449667691022,50.28999423268711,588.0022768091385,239.95446381723013
14.4,1,6915.78509686382,182.31138061106427,132.03342442325427,66.31202340128235,48.842912166164744,587.6550299238318,246.89940152336476
14.5,1,6989.282441883171,172.24191868947491,126.0666068199046,69.24763681216223,50.42185011241245,588.2243281916774,235.5134361664534
14.6,1,7006.295629486161,171.57338877937485,125.88297715714891,67.92677420691764,49.5627669299027,588.2418305927392,235.16338814521646
14.7,1,7086.7085660092625,170.22093925123414,126.3240886387202,65.27489471137586,49.33156372757103,588.1997848869105,236.004302261789
14.8,1,7236.884738332314,160.34068931178186,121.5133572429192,68.2128989220901,49.543667623814905,588.6580016381491,226.8399672370174
14.9,1,7185.921610936113,183.58796249250574,138.15140155809226,67.51229500511843,52.17206997644955,587.0701371627747,258.597256744506
15.0,1,7191.127839018219,169.9138991533332,127.9541963636619,67.33178084981223,48.83131860851915,588.0443536165017,239.11292766996667
15.1,1,7142.776225164847,168.63537763977422,126.13753854439275,67.1144549330801,49.794028197339976,588.2175671503115,235.64865699376924
15.2,1,7116.760952800939,165.8388915234104,123.59399847733444,67.84624446834238,50.32596092226572,588.4599122283439,230.80175543312293
15.3,1,7264.034782204782,172.53453029591398,131.24493704616262,67.41530638442808,48.55907783280759,587.7303246492074,245.39350701585136
15.4,1,7339.147142105731,186.1889215318044,143.09618296124782,65.76758585866823,47.903909634380355,586.5965323669611,268.06935266077744
15.5,1,7545.835314538535,188.39337896305008,148.8680762268049,69.51962913778551,48.8735269971333,586.0427159921287,279.145680157427
15.6,1,7423.445673833543,162.01625953972413,125.94842878745453,67.69690445498719,50.210329469614905,588.2355922852519,235.2881542949615
15.7,1,7537.139076356201,171.07944751454707,135.03084520166828,67.10825036706838,49.08489001071772,587.3686183129903,252.627633740193
15.8,1,7428.536497287743,166.25107608616946,129.32912653409144,66.62835587719313,49.17160341944267,587.9131883686268,241.73623262746332
15.9,1,7395.032641887384,180.35354886744412,139.6668716917049,68.90268830395891,50.28908623693156,586.9250704642161,261.49859071567903
16.0,1,7446.951911507429,175.39739713139198,136.78242896157565,66.41449111392554,48.547374762400096,587.2011175556045,255.97764888790948
16.1,1,7500.1418848089625,168.90359460180915,132.65908258515694,68.12764859023153,49.24016050595344,587.5952701599906,248.09459680018904
16.2,1,7800.970379597845,173.84801611496874,142.0191751423921,67.26019470432409,47.79007218975799,586.699753433012,266.0049313397599
16.3,1,7549.751615283892,169.990373769935,134.395773286503,67.32323560968241,49.59943188636181,587.4293249694435,251.4135006111303
16.4,1,7735.711625682933,184.63597009797562,149.57024400863963,66.62209022764387,49.482824438860035,585.9752694286693,280.4946114266136
16.5,1,7597.767987515165,177.1803011896038,140.9710975401909,67.19405838394971,50.02326593010737,586.8001661435877,263.99667712824566
16.6,1,7798.721414038853,178.0668111061778,145.42363832431468,67.94055505516074,48.0566963028934,586.3733405922428,272.5331881551426
16.7,1,7772.6201140927,154.7469262257219,125.9557770151045,68.203352711465,48.9841010181533,588.2348919046027,235.3021619079459
16.8,1,7746.116827206521,172.99566359967423,140.32914454411673,66.96872527610387,47.8713706117919,586.861652094927,262.7669581014595
16.9,1,7781.16161135634,188.10370919361867,153.27467817383553,67.79223459018371,48.87740573576404,585.6191772028849,287.6164559423012
17.0,1,7745.925107053917,182.87205722965342,148.3369216558446,68.95688332083354,50.578793910598435,586.093725358036,278.1254928392809
17.1,1,7872.633478187563,160.73696497393246,132.51480884525978,65.88442954135485,48.749571362734144,587.6090515734228,247.81896853154421
17.2,1,7808.163480311459,171.55919415382547,140.27862916475738,67.86037174605556,47.67755037427859,586.8664898745153,262.6702025096927
17.3,1,7755.0624150913945,165.43787764237777,134.35346315279122,66.71473066506557,48.336567754463445,587.4333689483728,251.33262103254197
17.4,1,7769.152229577509,185.9299155691449,151.26955217628418,66.57969479910332,47.37830571143133,585.8119769081768,283.7604618364628
17.5,1,7924.943715457372,175.7737757923926,145.87433402386006,68.14284294704306,47.6661318775794,586.3301009359402,273.3979812811958
17.6,1,8075.461724480995,168.80838034720912,142.75455810363033,67.16151107158721,49.60537860108939,586.6292779206949,267.4144415861008
17.7,1,7956.43597203897,174.54822616041452,145.4328884899331,66.3413046769026,47.46043801623032,586.3724531988064,272.5509360238709
17.8,1,7944.624785470772,156.19032073560928,129.9439683598429,69.37573731814432,49.191225181107974,587.8545145011451,242.90970997709792
17.9,1,7996.560493603807,166.9860212257671,139.8337362716042,68.87530905977958,48.87666339224641,586.9090930545499,261.81813890900116
18.0,1,8105.826256717831,174.98035099292832,148.53034574712365,65.43651543384476,48.2912684492012,586.0751509514873,278.4969809702534
18.1,1,8013.770192539549,180.79459003882855,151.7228293886558,65.96952829644546,49.02187760071847,585.7684041366734,284.6319172665312
18.2,1,7963.875038347057,161.43989172583358,134.63684077623103,68.43403033676982,47.828455074138,587.4062827878356,251.8743442432867
18.3,1,8116.795812584067,172.51931845601968,146.63950052173877,67.36255524512616,49.578411103185644,586.2566760561535,274.8664788769281
18.4,1,8060.00765537941,182.41707346245477,153.96767661502022,69.4870995206854,48.010540809524585,585.5525127688868,288.949744622264
18.5,1,8171.5350208410355,165.35397597688637,141.4968938738585,68.40750581073522,48.293696057792,586.7497958003567,265.004083992867
18.6,1,8048.187433968885,177.28575944111026,149.41718571397953,68.00824105806606,48.145764372103564,585.9899727633994,280.200544732013
18.7,1,7918.373383954291,176.31252307292056,146.20012871695042,66.40311769385944,49.3115151402372,586.2988401909324,274.02319618135266
18.8,1,7907.414400068488,188.02190624200838,155.69388966322495,68.19904411177987,49.13728864316404,585.3863883892236,292.27223221552777
18.9,1,8195.692766919738,174.5815747734611,149.83480058404103,66.05785638271934,45.9418268748172,585.9498533820721,281.00293235855816
19.0,1,8202.842879442134,175.1627638298853,150.46476116419439,69.13402072830509,48.788337660270514,585.8893237435402,282.2135251291945
19.1,1,8021.0584106216875,182.51968957306858,153.30983576057426,68.05274685205724,46.7599551752784,585.615795519992,287.68408960015904
19.2,1,7999.510973887128,167.42049908018146,140.2492956054231,66.53433857022098,48.13356941801726,586.8692990665868,262.6140186682653
19.3,1,8171.341503924866,175.32708752349043,150.0275433078815,68.46720677076975,48.336953323763716,585.9313350958178,281.37329808364484
19.4,1,7922.723227615019,173.84927889070124,144.23677258709654,70.16838866816067,48.06320168741852,586.4871770343389,270.256459313224
19.5,1,7937.0894444025425,176.23019717817456,146.47726408767937,67.19389210117049,48.88611134192527,586.2722457321022,274.555085357955
19.6,1,8076.219760328828,183.3011776771674,155.02509320881515,68.09151372378562,49.075303806524616,585.4507623667861,290.9847526642784
19.7,1,7969.4639176568935,181.3971246291103,151.386840543987,66.88832207669576,47.55160278294007,585.8007028129084,283.9859437418329
19.8,1,7997.159843810646,172.42816913130713,144.40180151180186,67.48395606136133,47.48502243050931,586.4713512408687,270.5729751826277
19.9,1,7971.678120729887,178.77145918093854,149.23701625578713,65.54738758356322,48.22851357569376,586.0072795262206,279.85440947558686
20.0,1,8007.715302579085,188.38732237174875,157.97520065055102,67.32949160271517,46.690330910929674,585.1666949703267,296.66610059346453
20.1,1,8096.698291297635,172.26776283980104,146.06312502080985,67.35600293081644,47.726584380178565,586.3119864243989,273.7602715120215
20.2,1,7957.857159406463,179.2293864106069,149.3598866734692,69.43561863301623,49.52106239908332,585.995476922519,280.09046154962107
20.3,1,7995.634615282419,176.97917558627756,148.1848228118114,65.0954597296903,46.63603241047349,586.108330477429,277.83339045141815
20.4,1,7723.8715668543655,177.99991440691846,143.9737959208171,66.88457947658074,47.77149358730981,586.5123939247351,269.7521215052984
20.5,1,7897.181073764929,167.12694854323036,138.21246027208625,68.73909350112437,47.4885210345996,587.0642938023798,258.71412395240554
20.6,1,7803.894372912893,188.50783620012822,154.0527335179658,66.87448040859198,50.055236936163126,585.5443294699082,289.11341060183645
20.7,1,7749.454344549795,173.29271196445293,140.6306681948659,66.92979303179081,47.48119474504691,586.8327739451565,263.3445210968682
20.8,1,7762.134984268274,185.96549032671624,151.1618395559501,66.10583521580992,47.50827504296494,585.8223301633425,283.55339673315143
20.9,1,7793.243457799726,174.49169658944726,142.403815894564,65.95651252232746,46.926297453006306,586.6628935026082,266.742129947836
21.0,1,7890.5609527655015,174.5090904624433,144.19644449984386,64.85406045287496,47.935310514819214,586.4910442475899,270.17911504820177
21.1,1,7655.279760102243,187.41313528896774,150.24143071766954,66.25902907878259,48.16503538225692,585.910783871812,281.78432256376027
21.2,1,7761.1393006265425,185.89889633197993,151.0883254431469,65.79542352398644,46.97788479383307,585.8293960686512,283.4120786269739
21.3,1,7688.415355060623,180.40900966706002,145.2525207165178,67.09242166226693,48.821223872081546,586.3897558718245,272.2048825635113
21.4,1,7678.739975298048,184.26869834029,148.17336622345593,65.97326544372072,48.07232462306558,586.1094305531687,277.81138893662614
21.5,1,7779.899974100047,176.89817129109264,144.12057117732508,66.31022062522665,48.62188723829195,586.4983198867825,270.03360226435007
21.6,1,7709.876650900284,178.82142180040833,144.37619486143444,66.30991974220976,47.41054976521319,586.4738069013999,270.52386197200235
21.7,1,7759.312616283266,174.19460544534462,141.54240447102364,66.76118192442476,47.950540772938666,586.7454355509158,265.0912889816834
21.8,1,7590.510693463327,185.08391769567478,147.11884209233907,66.15074857057297,47.46290835719691,586.2106691543548,275.78661691290336
21.9,1,7511.4669492081985,173.81405325720533,136.72195691670146,65.47641204022774,49.102315510670365,587.2069020149349,255.86195970130234
22.0,1,7528.211021101749,188.95902405829926,148.96630288039083,66.81864386012438,47.7295113469148,586.033281810483,279.3343637903388
22.1,1,7543.954231099652,176.22908857846528,139.22116320495743,67.9614652951162,47.590601987390535,586.9677430273116,260.645139453768
22.2,1,7508.714596833472,178.442029530424,140.3108867574882,66.79900257205598,47.092197894026604,586.8634006242701,262.7319875145997
22.3,1,7359.570676496642,183.44919363026645,141.38290647673207,65.87701661460547,47.00306258524465,586.7607163391533,264.78567321693276
22.4,1,7441.4967111098795,178.1254189945307,138.80810044413977,66.42458771205166,47.72533252677099,587.0072843923617,259.85431215276435
22.5,1,7424.600803326693,175.6734943610552,136.58655961476038,64.0747745815049,48.27578350620377,587.219853034589,255.60293930821786
22.6,1,7611.845534605319,177.3289734001239,141.35080445396636,66.33103340312019,46.74022834740196,586.7637917916924,264.7241641661526
22.7,1,7520.5407822052475,183.55555362921743,144.5590274118111,65.98029062644346,47.519964368983025,586.4562729214606,270.8745415707881
22.8,1,7230.567274714824,172.3975681939704,130.53654828510912,65.30258310003563,47.54616492084698,587.7979537490439,244.04092501912032
22.9,1,7253.579665991379,175.8712391838792,133.59057737426681,65.48186182561494,47.688984417980734,587.5062753854762,249.8744922904757
23.0,1,7111.021483835137,176.52257763493554,131.4500843808962,65.85337162994671,45.59176854584853,587.7107364892029,245.7852702159414
23.1,1,7163.050990652293,182.17631640338263,136.65281332514337,67.49750925782604,46.34319830696295,587.2135158091514,255.7296838169725
23.2,1,7218.262882825191,175.0766162737071,132.33949009566163,67.57757552008664,45.87077799449702,587.625797600447,247.4840479910597
23.3,1,7271.981198909845,188.06231115763586,143.21322819070127,65.11353824475037,47.23822733152492,586.585312443264,268.2937511347211
23.4,1,7057.378701886164,173.91422475343217,128.53078074796088,65.56542710085137,46.27312223770808,587.9893560353794,240.2128792924134
23.5,1,7033.825067716965,172.92882317764196,127.37598843069726,65.55549400650288,46.64664293098609,588.0994955167306,238.01008966538802
23.6,1,6861.452877322769,172.95459627378065,124.27300813435657,67.0771935200517,45.917431129104756,588.395237027019,232.095259459619
23.7,1,7019.655100155057,164.47092385047267,120.90201085445442,66.23914313142284,46.67734529964343,588.716179613534,225.67640772932123
23.8,1,6904.065595959768,165.94210033798268,119.9748207216392,66.13434340948113,45.925394413316084,588.804392077798,223.912158444042
23.9,1,6924.8445111470855,168.9722976715852,122.53330678220215,66.6246395109335,47.77637203691084,588.5609133722942,228.78173255411753
24.0,1,6862.280727272508,180.10139756808687,129.4238102690407,65.22323017136925,47.466709950909745,587.9041535538679,241.91692892264086
24.1,1,6907.398108859574,171.35803646903116,123.9503000503361,67.53306975093825,47.10678585220112,588.4259765577266,231.4804688454683
24.2,1,6720.502094700417,167.61233056524475,117.96041819144602,65.8514742495179,46.62374882535487,588.9959486586781,220.08102682643653
24.3,1,6719.645282680171,178.98099905295945,125.94527934131624,64.78332195383035,44.85720115252197,588.2358924674737,235.28215065052564
24.4,1,7033.247672938513,180.61933195638255,133.02974567750283,65.49138945365931,46.405944814477806,587.559860402009,248.80279195981984
24.5,1,6681.075140932919,177.88997229662357,124.45903853642642,67.20150916412457,46.0720281453932,588.3775152282287,232.44969543542425
24.6,1,6672.082179103041,162.44720299544346,113.5016677349041,65.16896341171446,47.0501652463688,589.4194959396314,211.61008120737165
24.7,1,6924.193280131516,164.2439549281302,119.0932629258579,66.7742483363372,47.39208098378472,588.8882381215145,222.23523756970962
24.8,1,6999.61717480066,179.67404556990948,131.70075135637828,64.83972009553983,47.0665690557613,587.6868001497788,246.26399700442335
24.9,1,6586.851002367051,167.90843703779578,115.81877753028144,64.62641064261909,47.97462041089973,589.1994656027732,216.01068794453568
25.0,1,6638.268720862407,163.56505866566695,113.70353858455529,66.29151689271315,46.1130000348002,589.4003331460149,211.9933370797014
25.1,1,6681.413547261924,169.66037181898983,118.70728870485819,64.40575169530081,46.04136033339292,588.924940944414,221.5011811117222
25.2,1,6789.537218756077,170.8521145404293,121.47562704620056,66.39581667070262,47.6589294766243,588.6615925222154,226.76814955569284
25.3,1,6508.555907464543,158.94567573935757,108.33330052484555,65.7847050231733,46.75727906190355,589.9096770552567,201.8064588948664
25.4,1,6556.671469695051,163.60256214992086,112.33165102910986,64.2681674542382,46.31417502168822,589.5305359752867,209.38928049426522
25.5,1,6632.171014389585,167.64908362222332,116.43552831681893,65.18422120590454,48.37790895486681,589.1408713742765,217.18257251447085
25.6,1,6578.678179917839,152.11403929107766,104.7940340088979,64.56464674725319,47.07943862433821,590.2448725532755,195.10254893448973
25.7,1,6481.405660884507,159.37176506985244,108.17059152565088,65.59492736486452,46.28159364396403,589.9250953353021,201.49809329395794
25.8,1,6484.917658783123,150.51055542956746,102.2115660559882,67.39425435177186,45.75673546186462,590.4892078667185,190.21584266562968
25.9,1,6348.241376121411,150.42904258021355,100.00316397405804,64.6365584378371,47.739851351732305,590.69798874565,186.0402250870004
26.0,1,6438.199271825563,152.35238482742807,102.71699117030487,65.6742147440092,46.59111327033389,590.4414042046294,191.171915907413
26.1,1,6418.238653504007,158.59134782235634,106.59184261266586,65.01506822317492,46.37953310750656,590.0746547889912,198.50690422017578
26.2,1,6449.076745445182,151.93253543015788,102.60699019502137,64.96644717593632,47.002318114324915,590.4518088874432,190.9638222511353
26.3,1,6358.498513060576,148.5610378837874,98.92091318179332,64.69095778921451,47.17728378038383,590.8002492949608,183.99501410078415
26.4,1,6441.045332370076,152.35255696381574,102.76251419346194,63.811721827801534,46.81835204570214,590.4370982008811,191.25803598237894
26.5,1,6478.2123891966385,142.83345654174138,96.89776199476061,65.19400768686545,47.12387882434451,590.9913179858551,180.17364028289876
26.6,1,6383.284418026588,152.71353972029746,102.08227902325828,64.39637013670581,46.66283697892535,590.5014347127233,189.97130574553353
26.7,1,6389.205497960736,156.4609568520976,104.68427666725789,63.607929500739985,46.738053877407204,590.2552612212812,194.89477557437567
26.8,1,6348.859243786848,146.79619307744494,97.59759360561502,65.86134114839088,45.42337051907207,590.9252392915306,181.49521416938796
26.9,1,6332.582625365322,144.72193711846387,95.97184633430194,64.71360809373317,47.937354828960075,591.0787206753241,178.42558649351645
27.0,1,6253.527802432864,147.52537367125387,96.60963166826313,64.27136622306286,44.865467426597235,591.0185191354078,179.62961729184258
27.1,1,6342.370263921442,129.46425221383382,85.98646152926794,66.10327189897599,46.380818457968054,592.0196382895224,159.60723420955105
27.2,1,6294.00347309926,146.1554439522055,96.33200347374675,62.241861142082755,44.707127200784534,591.0447264187546,179.10547162490616
27.3,1,6493.741023427501,162.8275605295921,110.72648127398739,65.92234049467105,45.91837861402308,589.6828048098957,206.34390380208515
27.4,1,6436.690533083623,138.9552535123912,93.66260193051978,63.288373564112874,45.417989490573035,591.2965897339527,174.0682053209457
27.5,1,6316.880466861274,137.66327861466974,91.06455830519236,64.54793427281123,46.097980442496386,591.5415113502261,169.1697729954774
27.6,1,6201.3917948562885,142.3696755884564,92.45603905212758,63.53777293087942,46.277092329626264,591.4103598952493,171.79280209501485
27.7,1,6162.495352340587,147.3337154719371,95.07960389629456,63.08506603935,44.95228260557823,591.1629199258794,176.741601482413
27.8,1,6376.239921194757,141.27840562202368,94.33417444552349,65.7184181817154,45.85265802708049,591.2332460449774,175.33507910045273
27.9,1,6283.542390148377,117.98752063577275,77.63708884569122,66.31817608785705,47.24938030193231,592.804074233265,143.9185153346989
28.0,1,6300.264644328088,135.63021701858307,89.48368639853645,63.7740876733075,44.51725489477643,591.6904419657017,166.19116068596782
28.1,1,6085.530767881517,148.36934532943857,94.55211783687238,64.39085634452879,44.94946332287513,591.2126863484518,175.74627303096463
28.2,1,6336.508551525255,134.1452768168542,89.0131211325228,64.00529607492362,46.63845487818032,591.7347582454697,165.30483509060446
28.3,1,6289.200574793157,121.11669775360593,79.7678863890946,65.96203190642134,45.8296270513175,592.6040825065506,147.9183498689872
28.4,1,6138.633866116755,130.57138820116805,83.93601961986273,61.29806319663627,45.87779085567819,592.212475418346,155.75049163308108
28.5,1,6197.860470357486,119.0229802348826,77.25048831146277,64.23472045472542,46.72369643168322,592.8403450264228,143.19309947154352
28.6,1,6266.645397157685,135.9967702393136,89.24673420881689,62.85786356583934,44.88228077573712,591.7127581804227,165.74483639154437
28.7,1,6245.888938970914,120.04607547776969,78.51829171699485,60.85142103640611,45.1321696258128,592.7213831400396,145.5723371992076
28.8,1,6212.804141159618,126.61844560190707,82.3783821288029,63.19403005090643,44.984221076141736,592.3588809454027,152.8223810919451
28.9,1,6230.6955351867255,119.44777423145348,77.9369147169358,65.792344301557,45.25422339255787,592.7759415297471,144.4811694050577
29.0,1,6216.832719999852,120.97323747341291,78.7566261278256,62.73538328785779,46.917720112450546,592.6990140914716,146.01971817056892
29.1,1,6255.750484571403,134.54085885388648,88.1378052752746,64.4194601744701,43.85310026683081,591.8171746940428,163.65650611914361
29.2,1,6381.743102254459,124.1953776718827,82.99909712635514,64.85679585313763,44.33615726734836,592.3005474644249,153.98905071150352
29.3,1,5998.9853879471175,118.88473399464391,74.68484989415391,63.35095482249473,44.14110471832704,593.0809390236809,138.3812195263829
29.4,1,6221.319867272695,114.10579312467891,74.33936430609704,63.45849933974012,46.885112021848734,593.1133220166239,137.73355966752206
29.5,1,6261.691550379274,108.33964782608905,71.04077785088428,61.20212229336539,44.845869562938866,593.4223245726946,131.55350854610901
29.6,1,6274.207044964192,111.99836670375588,73.58667050546794,62.349981632838826,45.11067095746474,593.1838609914491,136.32278017101612
29.7,1,6211.945649428862,120.85409758311795,78.61721321295765,64.24546294458663,43.800011724948156,592.7120989989771,145.75802002045862
29.8,1,6081.566445202384,126.24302781070354,80.39915348728519,63.17752701586126,45.129789848599074,592.5448069853662,149.10386029267443
29.9,1,6280.741817073851,114.76857625276345,75.48532917600045,63.493168650313656,46.23645873417012,593.0058948910057,139.8821021798858
30.0,1,6414.719562995685,128.9938052050331,86.6513128316944,63.15978909561966,45.60088877557439,591.957083927418,160.85832145163977
30.1,1,6105.817327121067,112.28646034468356,71.79592853087392,65.57804581257449,45.21829838851379,593.3516128505856,132.96774298828723
30.2,1,6334.346531536306,114.95252651019597,76.25159937914141,62.3786641031569,43.73974601265705,592.9340398152198,141.31920369560476
30.3,1,6221.61963014946,108.37258006463195,70.60760606418904,64.76943825619293,44.9553892959886,593.4628787517499,130.74242496500005
30.4,1,6247.310575771466,122.17800100356033,79.9309049583883,62.95082559800208,45.40920907400703,592.5887763316518,148.22447336696314
30.5,1,6153.14058344996,129.24101606742693,83.27714338846371,64.77135898828224,44.249667769477966,592.2744134898805,154.51173020239025
30.6,1,6221.107629952028,101.54489235256067,66.15374220918994,61.21607369524365,45.87582977170384,593.8795314401721,122.40937119655996
30.7,1,6375.748842586114,110.77771420883322,73.96260832685275,62.85539166351888,46.085703072349425,593.1486319626982,137.02736074603536
30.8,1,6306.572686821216,121.38228141172345,80.16361977661207,62.10918664263026,44.65193388036439,592.566924833925,148.66150332149914
30.9,1,6414.34214584199,101.73357701715776,68.33529201494706,62.69682523642747,45.886617196360895,593.675524389678,126.48951220643994
31.0,1,6359.719696158289,115.16841347254874,76.70081465977077,63.94420919886108,45.0315043399609,592.8919075771613,142.1618484567739
31.1,1,6287.178025122359,119.09807115605659,78.41318667835004,62.8798857739652,46.2690995180625,592.7312473063666,145.37505387266606
31.2,1,6408.209976342224,110.44886154143497,74.11849554229636,63.83779306021081,47.1370905742961,593.1340225732655,137.31954853469006
31.3,1,6280.750878740138,113.11458790261574,74.39757902644124,61.51715682589975,43.990515674709926,593.1078656955714,137.84268608857246
31.4,1,6313.622235125588,120.95917228846167,79.97348421048486,61.282183508159484,45.835171724354964,592.5847783393856,148.304433212287
31.5,1,6202.080902730966,121.65119488443798,79.01006590702585,62.237153762563565,46.35242500095365,592.675225442001,146.49549115998184
31.6,1,6231.21314081435,106.96764867852089,69.79971897602911,62.11977365235019,44.05882215702263,593.5384993586235,129.23001282752807
31.7,1,6152.586939447896,103.0744439083972,66.41059597454557,61.891545055813054,44.436694809630495,593.8555191845896,122.88961630820722
31.8,1,6306.089830383572,99.7719497329462,65.88662022739193,60.91273535626656,44.408024217566776,593.9045015501838,121.9099689963241
31.9,1,6092.636491341753,112.47291474025414,71.7599017370113,63.45009520592664,44.844480682337945,593.354986758719,132.90026482562098
32.0,1,6270.627175041618,95.46629554502881,62.68875846345992,61.52503690515102,44.60403366639059,594.2032676939328,115.93464612134312
32.1,1,6169.128148059308,102.7480265536961,66.3782653616106,63.6205775396725,44.74553033214269,593.8585417552957,122.82916489408535
32.2,1,6288.62836466962,104.69550062221006,68.94655422734435,61.873537687691595,45.76549931056209,593.6183369439082,127.6332611218379
32.3,1,6237.973672723334,99.93012137384838,65.27826009590618,62.58544742908395,43.01567742489402,593.9613621078677,120.7727578426477
32.4,1,6328.023972993023,104.89870552470273,69.51313296764091,62.425802135732155,43.92185774901998,593.5653199710246,128.69360057950757
32.5,1,6212.028196987429,120.39524404194528,78.31976356314125,60.71677508606638,45.55022685598375,592.7400148386611,145.19970322677864
32.6,1,5979.905073646261,101.11150006430314,63.317456613060386,62.09604440278666,45.41790981726744,594.14455437321,117.1089125358003
32.7,1,6108.618138370217,98.44971707613816,62.97759442941846,63.91904400316438,43.791715306271335,594.176295125505,116.47409748989958
32.8,1,5988.438012213909,108.15603142960563,67.82548683698772,61.85677571899807,45.39537385639153,593.723211372657,125.5357725468582
32.9,1,6034.398586505211,102.29367523675347,64.64149518546769,62.58632812619118,46.148245442290516,594.020865748171,119.58268503658019
33.0,1,6210.102641867491,110.2769765222308,71.71537056213687,62.286841241635884,44.7583522914225,593.3591570482477,132.81685903504695
33.1,1,6109.036130129939,100.95704070469768,64.58593088328692,61.773663043547636,43.78571338049841,594.0260574829045,119.47885034190904
33.2,1,5963.031243259764,97.68582318315845,60.99963598872617,61.57944122757678,45.655221034650104,594.3609546950327,112.78090609934566
33.3,1,5913.1031042327895,86.57760118925135,53.61047044300696,61.96308906971911,46.490202834476655,595.0497750480056,99.00449903988715
33.4,1,5991.508895578772,87.38311018235284,54.82672752830217,62.17307881916166,43.86820741222318,594.9365057830242,101.2698843395151
33.5,1,5850.817433563099,85.54796563486619,52.414910801035234,59.585563383812215,44.78109119348341,595.161074408698,96.77851182603945
33.6,1,5879.633745055828,100.74917900973725,62.03266045699573,61.45614070349236,45.81978862171323,594.2645273606768,114.70945278646582
33.7,1,5949.039119190522,88.27365187588018,54.99288910976536,60.88990260901088,44.833089371044416,594.9210278808152,101.57944238369396
33.8,1,6004.164779753938,106.33395887189417,66.85797273476184,60.59258985535744,42.958837099515044,593.8136909923933,123.72618015213561
33.9,1,5926.262902286665,97.51234903699873,60.5158517633062,62.569417801660386,45.13826030670397,594.4061025179647,111.87794964070576
34.0,1,5623.791429914715,95.36744820779494,56.163994187534186,60.086541286944374,43.70505072411181,594.8119167425771,103.76166514845863
34.1,1,5842.431215573064,90.96655338867689,55.654971686326405,59.244873166325995,43.40246235551337,594.8593470160465,102.81305967907088
34.2,1,5791.438894511387,101.04698169306155,61.2827777113904,61.825963012637665,42.935072549719315,594.3345280653666,113.30943869266889
34.3,1,5794.030986554901,90.89834650055069,55.15252684158432,59.11937187527369,45.84317454876833,594.9061569081434,101.87686183713026
34.4,1,5877.41456373047,89.49203445547968,55.08068389502317,58.463292410525085,43.8083148826386,594.9128494945189,101.74301010962267
34.5,1,5496.090576282393,104.58930595114441,60.19629756709214,61.819968729290224,44.96693462732941,594.4359202316987,111.28159536602652
34.6,1,5603.241725319604,98.65582469650666,57.8882882561076,60.87398652507568,45.20343945631815,594.6511917863103,106.97616427379444
34.7,1,5681.921805214155,94.45313078099433,56.20050634613362,61.204509728497264,44.77750592683219,594.8085142781188,103.82971443762358
34.8,1,5441.031839414285,100.53344286771403,57.282299138030375,60.060318539755876,44.90377592569982,594.7076872537971,105.84625492405962
34.9,1,5696.123712693951,96.0733787837288,57.30745151206187,58.884193873993475,44.980088669388806,594.7053425506716,105.89314898656767
35.0,1,5554.676045589821,98.68109205316179,57.40124346036883,59.0770553436588,44.72929182778919,594.6965991051738,106.06801789652309
35.1,1,5563.051854048733,90.29292035532572,52.60117260910762,60.1281662419306,43.823507169323946,595.1437373227125,97.12525354575178
35.2,1,5390.525219857744,110.53620223695238,62.397076112337864,58.8829815236327,43.72712187279678,594.230503559024,115.38992881952026
35.3,1,5483.43031364262,92.04029700499866,52.851699615184664,60.7336845109714,44.46459044129297,595.1204168821672,97.59166235665589
35.4,1,5468.231366886118,107.06559085973132,61.309167330871276,59.765916499463714,44.43684224239513,594.3320649069171,113.35870186165607
35.5,1,5348.727551752974,94.94877456177564,53.182464483736666,60.498848081763235,44.98608240230314,595.0896246343264,98.20750731347175
35.6,1,5308.052716833691,102.03936029355359,56.719392761538266,60.419220007655,45.65249187561465,594.7601564802596,104.79687039480837
35.7,1,5269.9810657345915,101.66939573053052,56.10840397159464,60.65374257604877,44.889149716021606,594.8170969616609,103.65806076678155
35.8,1,5120.159436914503,104.71913274122043,56.148497528482366,60.74581119432464,43.72908720559107,594.813360820393,103.73278359213941
35.9,1,5145.438519856012,90.98917296495823,49.027610701081905,59.69091342935152,42.35386627977834,595.4761838730903,90.47632253819302
36.0,1,5101.672217905779,104.60620445045865,55.8854322186462,60.28183685849823,43.761461201669945,594.8378738495419,103.24252300916328
36.1,1,5108.758922499679,110.22570203938712,58.96942604513484,60.30208537927613,43.18161000934205,594.5503720009053,108.99255998189346
36.2,1,5122.996906192988,95.73406645576547,51.359314466592835,57.06233605477608,43.791756253434215,595.259309158395,94.81381683209975
36.3,1,4882.669073072557,98.05234070494726,50.1353295727241,60.71129562676651,44.76076008675905,595.3731733958557,92.53653208288597
36.4,1,4926.147564791045,94.42967834838649,48.71296287368175,60.07419173407275,44.599555204758296,595.505437476824,89.89125046352001
36.5,1,5033.170679003027,95.97280270256019,50.584615549280485,60.5302566830431,46.37035123371062,595.3313825506364,93.37234898727274
36.6,1,4775.855338604378,110.70121263156243,55.364599120154345,58.268667736719834,44.99259173754007,594.8864002617486,102.27199476502847
36.7,1,4722.141091009145,92.03403372300181,45.51096392523747,59.393783751185374,46.41634197836597,595.8029708886058,83.94058222788203
36.8,1,4772.967939667355,92.82995388600025,46.398642012106095,58.42306163217078,45.22030680565535,595.7205168148955,85.58966370208964
36.9,1,4787.23597325596,111.08053392086028,55.686690967491174,60.586962324837195,45.5891952687277,594.856391663947,102.8721667210607
37.0,1,4661.193520702656,104.57346510496969,51.04429982038174,57.968207117723516,44.14323597880977,595.288618374866,94.22763250267963
37.1,1,4739.308134548306,115.45918147103251,57.30229792883913,58.50123441327991,43.42660744143316,594.705822968977,105.88354062045937
37.2,1,4647.303684095878,97.89563819415166,47.642332182535654,60.21844142428293,44.05146416963877,595.6049550337748,87.90089932450428
37.3,1,4598.67773549699,102.38152442879284,49.30411708346812,58.784034691915274,44.48819080274277,595.4504739847805,90.99052030439111
37.4,1,4524.130522990729,97.3379515903263,46.11539644744406,58.3876145092863,43.87186669958756,595.7468292448496,85.06341510300899
37.5,1,4645.432169790397,103.4467589944298,50.32359166876018,60.55252940951548,43.49917739029494,595.3556627029986,92.88674594002828
37.6,1,4357.704532265228,90.52128678857872,41.30828047622621,60.56489070974623,44.91778068709538,596.1930354676626,76.13929064674835
37.7,1,4139.867185730271,108.24582085946476,46.92736451900953,60.257684290557386,43.496497888783146,595.6713942505708,86.57211498858601
37.8,1,4435.772988370849,106.2409908099752,49.35032785635187,60.373608471621296,42.96968394316044,595.4461770346272,91.07645930745662
37.9,1,4193.257324530307,104.11316218237306,45.71784696304533,59.04161942967566,43.3826992492146,595.7837561237025,84.32487752595193
38.0,1,4200.602879987927,102.33617417736792,45.0162610540881,59.03876430304909,44.272367805720116,595.8489125600468,83.02174879906488
38.1,1,4268.6648443919175,99.37088777567642,44.42013203857621,58.47174711760738,43.518070363611976,595.9042639173585,81.9147216528279
38.2,1,3946.275930621927,111.30580089469142,45.99746160106172,59.416299723000385,44.283493743461214,595.7577842508911,84.84431498217873
38.3,1,3934.1884365834485,98.60345895356798,40.623367862585745,58.54754186403577,45.11494984099169,596.2565557430537,74.86888513892723
38.4,1,3855.9901416904227,110.98469055410698,44.8154341864727,58.62775433900868,45.092197864620054,595.8675607535199,82.64878492960293
38.5,1,3888.137955433118,122.53336876939618,49.8912812742785,59.83415071349463,43.8605052275027,595.3958713474269,92.08257305146162
38.6,1,3961.3082820503055,119.03150600607844,49.37751030605706,60.50297980798806,43.22129251299579,595.4436494209745,91.12701158051095
38.7,1,3925.8342065369875,98.72685080734024,40.58783225888038,59.52713724324566,43.953839814931754,596.2598510200719,74.8029795985633
38.8,1,3859.3459683622314,106.14409341853393,42.89811038246701,61.1705294481701,45.18966302273698,596.0455386726784,79.0892265464322
38.9,1,3656.5582454288715,113.49792093849095,43.45992973725897,58.13929393760513,45.42809462819699,595.9933981910375,80.13203617925001
39.0,1,3529.6264158650647,110.7096526696507,40.92068049774826,56.74934546107416,44.896993224543884,596.228983999983,75.42032000034055
39.1,1,3713.2449086033657,102.06635563916002,39.68851234464225,59.78191448886469,45.75106840624676,596.3432342884448,73.13531423110248
39.2,1,3622.9721836418603,115.22603414268765,43.7163840071333,57.9680536911554,46.28468706767139,595.9695945172898,80.60810965420387
39.3,1,3671.8902686257325,113.1307304234619,43.50096621300861,58.53616643849676,44.078432511980274,595.9895893798687,80.20821240262649
39.4,1,3656.1725453643257,127.2778889393405,48.73132999951872,56.711637984304154,46.05472140819891,595.5037299183055,89.9254016338898
39.5,1,3564.670155090656,112.78584085079277,42.101982821177266,57.72759486345789,44.31442785702053,596.119408753622,77.61182492756006
39.6,1,3586.6421656089656,123.41869255887146,46.35510927867618,56.975687472594835,45.601966060364724,595.7245609916415,85.50878016716979
39.7,1,3499.967767787495,107.05999828508286,39.23917744743672,58.229372618961314,45.29814979578249,596.3848869951905,72.3022600961906
39.8,1,3493.2103680864825,109.42254348507954,40.02765648564373,58.24971690653793,42.620298032505744,596.3117922308772,73.76415538245624
39.9,1,3341.4963091607783,122.36059701894757,42.8165027302403,58.80424235883814,43.63922674905509,596.0531116285249,78.93776742950081
40.0,1,3357.9124878929147,125.5861154642516,44.16107318973647,60.15754053830402,43.39258081949524,595.9283146425116,81.43370714976868
40.1,1,3361.177156195562,111.98928761719806,39.41817409342625,59.45621846227643,42.84055305282028,596.3682949618649,72.63410076270247
40.2,1,3388.9358544832903,119.5499332750323,42.426900416042145,56.671863036328105,45.51096195580849,596.0892629351699,78.21474129660146
40.3,1,3243.09712814295,110.39932867830375,37.493415622744045,59.32310126241047,46.709780262732444,596.546661115128,69.06677769744078
40.4,1,3300.563740079734,119.48879235427631,41.29941633488647,58.70308774077368,44.39301085875887,596.1938576342882,76.12284731423642
40.5,1,3197.3990748870474,127.30001773025397,42.62397290511236,58.42757566061485,45.51482744434794,596.070977076025,78.58045847950166
40.6,1,3184.1543359576053,119.0776794269329,39.70572134477698,58.49420176287826,46.155594876641345,596.3416389221707,73.16722155658567
40.7,1,3247.8723531530427,121.05590836911732,41.17309944842735,58.74386905669254,44.88991027417054,596.2055735271501,75.88852945699728
40.8,1,2954.566933043294,115.56260972955441,35.75524776569294,57.645600588453625,44.66718359578001,596.7076438970522,65.84712205895585
40.9,1,2996.685479541494,119.59929543748856,37.53171438246144,58.234998425735085,44.458034694039064,596.5431130393581,69.13773921283678
41.0,1,2956.0974353232796,137.1051502897492,42.442517049473,59.85299966045719,45.25281410839794,596.0878139483459,78.24372103308292
41.1,1,2853.385493847536,125.96270848741636,37.6383916810145,57.56653993026945,45.60178725928303,596.533230011483,69.33539977033774
41.2,1,2989.9427241995813,119.08258579250875,37.28548043102063,57.15481867064738,45.20104017882454,596.5659239175411,68.6815216491766
41.3,1,3106.00158759638,124.53384994453918,40.50584586764297,58.29659825850141,45.179143161100455,596.2674536178527,74.65092764294809
41.4,1,2989.2997485934116,116.18515106626565,36.370453023686366,56.994437822451125,44.713223380823266,596.6506758128776,66.98648374244726
41.5,1,3017.8434428834103,120.88867314928851,38.2041846030725,56.264758121768786,43.18451794019138,596.4808070986269,70.38385802746348
41.6,1,3086.3487078041976,138.12095900356292,44.64092611679941,57.90022944005076,45.688533593077956,595.8837641063029,82.32471787394161
41.7,1,3093.949924761532,128.20153417580195,41.53699944970314,60.03394241670558,43.51983391618697,596.1718205416973,76.56358916605427
41.8,1,2947.320703284452,143.02330072224638,44.143098027788156,58.23179323376032,45.437782105810825,595.9299833633257,81.40033273348536
41.9,1,3069.66455013376,129.69839944327447,41.69213673644525,58.475450463289924,45.58836460968781,596.1574298514884,76.85140297023167
42.0,1,2938.119008332652,130.67942467709395,40.20732817370018,55.68853938874288,43.70671985857675,596.2951335143764,74.09732971247081
42.1,1,2839.205564276435,135.97021429016033,40.42678803945792,58.75454894834775,44.254166090517074,596.2747844652324,74.50431069535284
42.2,1,2852.76881972436,113.31521469893539,33.85192913411894,58.32544154591141,46.99854564062615,596.8838222162497,62.3235556750069
42.3,1,2760.1384766943006,133.98343630269537,38.726709812301294,57.40063377796806,44.81298069319398,596.4323848730464,71.35230253907253
42.4,1,2809.0289720044307,132.71713091400446,39.04018086361359,58.40024773169456,43.68792704327968,596.4033318257132,71.93336348573553
42.5,1,2853.0459598358057,143.9586214407101,43.0105568098087,58.37451680914421,45.72498197265587,596.0351036496646,79.2979270067076
42.6,1,2958.080036580353,140.79006556241637,43.61245653641182,56.885698680327316,44.16767201776134,595.9792411290326,80.4151774193474
42.7,1,3040.901521910207,126.5666017330425,40.304180353647155,58.542553072587715,43.036348386043734,596.2861532302065,74.27693539586812
42.8,1,2742.7965917843376,143.6462616714604,41.25879570362587,59.56866799266678,45.493446024306465,596.1976252489163,76.04749502167351
42.9,1,2909.062507235067,133.54720859319823,40.683329288748226,57.84688641973805,44.07413976808249,596.2509953348376,74.98009330324749
43.0,1,2771.4736245519157,129.46720129217653,37.57501198257294,57.06814895340644,45.3293022004012,596.5391018096204,69.21796380759133
43.1,1,2914.9196610424137,137.57549539013877,41.994874994113694,57.88554804312932,44.213053357785995,596.1293455333964,77.41308933207051
43.2,1,2857.7592015148257,135.15582887139763,40.4472528564596,59.11409958043387,45.75084845798662,596.272886828048,74.54226343904111
43.3,1,2697.52911986209,147.70558179228638,41.72455054493727,56.60743935299706,45.24531282323854,596.1544230258105,76.9115394837911
43.4,1,2961.7415782234393,139.66310116040344,43.316909255692615,58.76428972518849,42.491043519105375,596.0066722911765,79.8665541764683
43.5,1,2818.972515608969,139.04175597834612,41.04541995476003,57.24794094679974,45.48096761082513,596.2174153309404,75.65169338119176
43.6,1,2829.3968123439745,144.2107247342405,42.72873517069883,58.34411403284074,44.828190005380215,596.0612559898934,78.77488020213036
43.7,1,2782.9046258914827,145.84070309169655,42.50164016194022,57.3690632675881,46.55386646146081,596.0823281556115,78.35343688776902
43.8,1,2827.4995081297266,143.94031834962263,42.62001663567552,57.35900614732974,45.551843267004124,596.0713441793948,78.57311641210345
43.9,1,2936.109496273397,148.63562122669762,45.7007963948085,59.86085007148007,45.932536836793304,595.7853397838617,84.29320432276768
44.0,1,2883.929134739045,143.18402024888988,43.24219736260547,56.33648661451844,44.48583657829961,596.0136062581697,79.72787483660568
44.1,1,2940.1866487591706,140.30002133797967,43.197762878611336,58.60462959003925,44.426560632962655,596.0177301195508,79.64539760898333
44.2,1,2950.9760134966773,147.98303397944608,45.730528920870924,60.095124996858026,45.21148045460911,595.7825782154458,84.34843569108352
44.3,1,3050.222892566879,138.83389578207746,44.34612784162002,58.836053925645096,44.89726320998411,595.9111345812147,81.77730837570607
44.4,1,2900.8619388682437,139.84304513044378,42.48117789636282,56.412549935011626,46.61688381389345,596.084226777371,78.31546445257914
44.5,1,2802.2542658998786,151.78018191417144,44.54010391647767,56.468955715528644,45.14679469927764,595.8931252041025,82.13749591795022
44.6,1,3053.495682789784,151.1799923246051,48.34151392759787,57.10243539753003,44.096772246651746,595.5399682972186,89.200634055627
44.7,1,2930.5583665112063,139.84513257280452,42.91670277565831,58.191956691995195,44.51573220834798,596.0438133248706,79.1237335025869
44.8,1,3078.2240381618153,136.78172698428267,44.0917083487626,58.27222781553263,46.33031983707164,595.9347540627087,81.30491874582503
44.9,1,3019.355609621409,150.23135882950558,47.50107947333297,56.47423828801281,45.22020113595323,595.6180822926573,87.63835414685445
45.0,1,2981.3437860937875,145.6029285054065,45.45804837553895,56.95269104986364,45.18916810400874,595.8078853484319,83.8422930313618
45.1,1,3038.0335973532174,142.19821310742762,45.23924302019334,57.026495168796416,46.4927180381442,595.8282057319464,83.4358853610729
45.2,1,3201.535988329693,137.70347905409236,46.16702811164847,57.7842004128879,44.540644598361105,595.7420330351362,85.1593392972768
45.3,1,3224.9456736140933,142.22423927226993,48.03133309525205,60.384101746920635,43.24333301967614,595.5688003900227,88.62399219954455
45.4,1,3045.7803447918523,139.67456420970458,44.549673217045616,56.884561370757574,44.648965881857066,595.8922367303765,82.1552653924698
45.5,1,3066.038993516211,135.07877623608206,43.37039816781419,56.83450292646419,45.767463948450875,596.0017079168304,79.9658416633929
45.6,1,3164.7320965470276,140.5136158161418,46.56761322606876,56.650098003686026,45.29962221115587,595.7048189202089,85.90362159582014
45.7,1,2993.818355717009,141.3281370821297,44.30805632507304,58.77608109936839,44.01267691746956,595.9146691374226,81.706617251549
45.8,1,3117.425417662212,136.68106407638825,44.620357054490604,57.96792578812636,46.613350180547855,595.8856739181082,82.28652163783636
45.9,1,3094.877737700528,145.4532409051594,47.14064466660949,56.946718319180654,45.78518036044497,595.6515765028961,86.96846994207817
46.0,1,3138.5935835523433,147.9450701046703,48.625513260643984,57.59203582262463,46.03529685281854,595.5135673740926,89.72865251814596
46.1,1,3040.8902995983667,145.48866077258086,46.32959645593603,57.083323810848775,46.09069444268381,595.726931098854,85.46137802291923
46.2,1,2980.154374631029,136.5213439930436,42.60572251453314,58.394496030854704,44.397562523075294,596.0726705311808,78.54658937638192
46.3,1,2945.112934081061,143.48135229436622,44.25129983737399,61.26751272579838,46.02416609079347,595.9199383263071,81.6012334738582
46.4,1,3046.524062105684,138.45192493647272,44.17049119656417,58.71467562201574,46.65413641891038,595.9274403198438,81.45119360312378
46.5,1,3119.4435560190514,128.95192168218242,42.12438450576379,57.94997207889548,46.9125805984305,596.1173304263095,77.65339147380928
46.6,1,3145.187379758709,141.98785261044924,46.7655809106279,57.27204922966193,46.51931089044817,595.6864261127455,86.27147774508899
46.7,1,3366.749852507278,137.95924608078536,48.63963195981436,56.46694186189197,46.337141059666315,595.5122548211169,89.75490357766148
46.8,1,3297.073759178712,154.7300503755295,53.42345211305569,58.9689914240402,44.1127377629795,595.0671880916169,98.65623816766174
46.9,1,3109.4872402044216,146.39666867699032,47.67037751765948,58.91386914093098,45.86155292530269,595.6023485834316,87.95302833136589
47.0,1,3242.3616728882657,140.77642497479053,47.79913166346962,57.549940800302004,44.946419815406344,595.5903822596817,88.19235480636621
47.1,1,3178.635515553323,137.12760378128246,45.64510774575128,59.57641696983741,47.21184376323823,595.7905120975599,84.1897580488012
47.2,1,3197.7814342689735,136.0973471264735,45.5750395850632,58.1574338122963,47.08690929385356,595.7970198394089,84.05960321182306
47.3,1,3249.375104092251,127.47661770643836,43.37694868096953,59.074041482925985,45.033024169841546,596.0010999496037,79.97800100792574
47.4,1,3297.025675027005,121.86439921287172,42.07535596769443,58.512520596796456,45.964764271445446,596.1218790540852,77.56241891829518
47.5,1,3211.8505249201303,127.4484354225331,42.86654211087013,57.95780781270149,46.28660468712049,596.0484681406301,79.03063718739645
47.6,1,3350.441777642095,132.72601720323814,46.567910948788445,57.03832563244273,46.966399603895034,595.7047912602067,85.90417479586677
47.7,1,3145.588857479599,117.81008608965745,38.80726614612763,58.023887660780076,44.41766049654012,596.4249190424679,71.50161915064245
47.8,1,3258.756251220555,128.21307522856196,43.75350128124756,59.22386331501348,43.91148109540927,595.9661491928821,80.6770161423583
47.9,1,3508.3821821261195,129.7506639484945,47.66999468908451,57.6190362231393,46.18722779447699,595.6023841625398,87.95231674920387
48.0,1,3285.5986522183875,129.4232896760362,44.53029417583833,58.77240709324805,43.645786479330035,595.8940359990196,82.11928001960814
48.1,1,3402.7053466950288,125.73376912542989,44.802773129095605,56.961874891523266,46.36404478915137,595.8687363827598,82.62527234480444
48.2,1,3276.7180848106696,127.39759278886815,43.71484250325778,59.21418815216902,46.826091190097486,595.9697376029246,80.60524794150638
48.3,1,3323.991414729511,141.26616794337522,49.17299669463092,58.671125759016824,47.498513205969175,595.4626659914929,90.74668017014119
48.4,1,3263.5293690664244,133.23359780067196,45.53338096425719,56.87105714193674,45.66855064064709,595.8008889119246,83.98222176150739
48.5,1,3252.147163093085,124.06568555598298,42.25231290126307,58.06328043928806,46.48111869973627,596.1054615269438,77.89076946112232
48.6,1,3192.99841114938,126.88870989589785,42.427779414142094,59.468846661740784,47.00039446215965,596.0891813776607,78.21637244678527
48.7,1,3305.9394389555587,126.53906024439927,43.80746435972468,56.85980802716615,45.202238415756206,595.9611401244281,80.77719751143718
48.8,1,3181.4731948528556,120.7230521228819,40.22046554846958,57.105543955707574,47.32250306809645,596.2939154125911,74.12169174817905
48.9,1,3322.205385363107,120.06832272118947,41.771833640707065,58.3278305258363,46.710814284486645,596.1500368148816,76.99926370236994
49.0,1,3357.981714359742,131.87204201853586,46.37241096954583,60.992269588305625,45.86045894530186,595.7229536768217,85.54092646356594
49.1,1,3284.9073140632895,121.19931369024535,41.69192028285086,57.64672575391726,46.636832565121615,596.1574499304279,76.85100139144197
49.2,1,3217.4085767187203,115.80830280841069,39.01885582611993,59.07019353717249,46.38577438461384,596.4053083578981,71.89383284203814
49.3,1,3281.559227032947,122.49716890223786,42.095426746547815,58.81056863211065,47.33494660473745,596.1200169939132,77.59966012173777
49.4,1,3202.2623157913645,122.94845719278979,41.22955106980562,57.81401731848428,46.224279992902716,596.2003376958062,75.99324608387747
49.5,1,3312.950633640513,107.63262866152826,37.34113629537261,58.73832740120002,46.84179837355251,596.5607681648737,68.78463670252586
49.6,1,3041.9228956072743,120.47210663369434,38.376319781187426,58.031580509329984,46.023841141401604,596.4648562663604,70.702874672794
49.7,1,3175.215362447525,126.14624243344514,41.944606422354305,58.164116991535224,45.73708858554891,596.1340090153021,77.31981969395747
49.8,1,3008.536197026788,122.53999712829777,38.60661501532047,56.62494031645292,46.87671335890322,596.4435147152668,71.1297056946637
49.9,1,3045.587962193036,134.29960250608363,42.83260542355791,58.61460746255947,45.83874920363515,596.0516173601535,78.96765279693
50.0,1,3306.5491355520176,126.75776637618527,43.89127294166371,59.74878518902487,47.56651729995299,595.9533605090705,80.9327898185893
50.1,1,3250.815776866695,127.45150147353712,43.38763049877922,58.76520079471591,47.38867017681088,596.0001085444208,79.99782911158604
50.2,1,3085.6619146342227,136.2192101217554,44.01648068527815,60.031788012184386,46.06190097796015,595.9417375941748,81.16524811650379
50.3,1,2998.984651581613,121.23671093941489,38.07474530292663,59.4469294701997,47.07144745618898,596.4928009704649,70.14398059070231
50.4,1,2847.2964110061007,116.38416031711424,34.7020536016843,58.70691080489366,46.11868915304276,596.8051444266915,63.89711146616946
50.5,1,3064.017912823243,121.37462382313424,38.94465086783765,58.0531364966647,45.314865346668604,596.4121860151008,71.75627969798484
50.6,1,3331.85812516887,109.9629560453491,38.36732530886972,58.25187733801582,46.3528057777776,596.4656897565203,70.6862048695939
50.7,1,3129.0742370205658,113.95465292574082,37.340192072312036,57.099984559902644,46.93062721901072,596.5608556349403,68.7828873011938
50.8,1,3020.043838087911,107.99472898082504,34.15422412361579,58.57375928621348,47.53332279659009,596.8558476414473,62.88304717105234
50.9,1,3102.4599935423685,114.64808757007717,37.24788541617713,59.09955953163421,47.1924175496623,596.5694065294347,68.61186941130768
51.0,1,2894.722522745568,106.63826250761247,32.32575064591877,61.01342034548434,47.98168590377627,597.0250155367723,59.499689264553126
51.1,1,2999.197916423901,105.73926625557158,33.21008874297537,59.619897011979084,46.12396550135019,596.9432098049845,61.13580390030961
51.2,1,3021.0507614168655,112.79557289267561,35.684424325955455,57.97952563371345,46.75959697063518,596.7142014544092,65.71597091181616
51.3,1,2987.3380283615743,108.29876632057088,33.87946118930607,57.32198300749898,48.81186563040674,596.8812744910745,62.37451017850958
51.4,1,3054.3563594015445,95.14020763555116,30.43073336597977,58.83367020872531,45.2676589082721,597.2002383632757,55.99523273448426
51.5,1,2995.5136231796973,97.82331055654538,30.686140786662545,60.08838752890845,46.77805772454724,597.1766281328751,56.46743734249753
51.6,1,3009.672295288494,99.37055372953202,31.3188306436039,58.88269418208779,46.189820759184244,597.1181332895593,57.63733420881408
51.7,1,2864.0981485243146,100.62028551069405,30.178806454953484,59.8314008668335,47.09724515369859,597.223525013005,55.52949973990053
51.8,1,2998.0387074458536,109.11277381681253,34.25637861911587,58.99767418263859,46.889547660492894,596.8463936020682,63.07212795863393
51.9,1,3050.726388588705,107.16673761675462,34.236699164036594,60.10984517350642,47.95752147691086,596.848214889857,63.03570220286133
52.0,1,2787.0610468272553,112.52568005146,32.84178440063597,57.367566245366234,47.642273449865776,596.977282551399,60.45434897202199
52.1,1,2778.1974981659423,109.7856575802269,31.940178681494043,61.244533108576654,46.11253438901418,597.0606758347366,58.786483305268575
52.2,1,2972.8259410907876,111.47999291880745,34.705238432367665,58.020176725024484,46.8613980337734,596.8048496360063,63.903007279873236
52.3,1,2811.280405570705,107.70991230309357,31.709431499151222,60.34367765518392,47.480856735157495,597.0820148443905,58.359703112189436
52.4,1,2946.526069493212,104.4077188332093,32.215992313513276,59.10101580823324,48.25177043209185,597.0351671641331,59.29665671733687
52.5,1,2755.0399954067457,110.13911300990955,31.775917595987025,59.32547261362698,49.976760237848865,597.0758665084711,58.482669830577834
52.6,1,2919.480609604001,108.39857973890962,33.14040451277227,59.212361010269,48.27800934364337,596.9496567654935,61.006864690131124
52.7,1,2778.2049807974845,104.13022404100782,30.294912770972733,59.84600963270976,46.594114987643614,597.2127930511122,55.74413897775571
52.8,1,2775.039788277011,109.94621175495367,31.95053263432726,60.12629392229363,47.54415931477294,597.059718287221,58.80563425557966
52.9,1,2884.3215053323784,84.19607203021104,25.431039767856078,60.885653965774374,47.850355293428684,597.6620401103326,46.75919779334777
53.0,1,2686.8804707336176,98.16838390476804,27.621585652427594,61.343885627322564,47.18134418194723,597.4597963736576,50.80407252684836
53.1,1,2617.8663680269647,97.66369410639753,26.77375217000417,60.09162652951378,48.20232679926061,597.5380895212138,49.238209575723886
53.2,1,2651.1710161142787,107.49356578132665,29.84343647369244,61.78930606705144,45.49200039698059,597.2545218212899,54.90956357420259
53.3,1,2723.793308973193,110.06344038456865,31.39394193042861,59.88427861276722,48.347806716454826,597.1111881698343,57.77623660331187
53.4,1,2519.6742137178985,88.56999744756315,23.370050000984367,61.10580848596006,47.34951696997114,597.8521971022326,42.95605795534698
53.5,1,2717.180448845069,108.27602668690082,30.809128207263292,60.36786165223819,47.747410718891636,597.1652583291706,56.69483341658861
53.6,1,2594.272692574952,89.89368854356368,24.421562293623037,59.235215540898004,49.354011286010895,597.755194611165,44.89610777669782
53.7,1,2744.004798650981,89.82089151602666,25.81016885714699,60.15294571699093,46.65790098757985,597.6270465767567,47.45906846486605
53.8,1,2397.7205956375865,95.90491739416692,24.08064233838483,60.58081067869907,48.22322126406897,597.7866480949158,44.26703810168419
53.9,1,2541.404290450564,95.07317777807896,25.302322505986,59.98023786748879,48.77545798412855,597.6739197505739,46.52160498852254
54.0,1,2447.6392469126113,86.16783568348848,22.08621070167308,60.5565015601347,48.182854477172135,597.9705890511151,40.588218977698034
54.1,1,2521.8925908757165,101.42268472955521,26.78491707485583,61.142029689478875,46.429251123753055,597.5370586324052,49.258827351897025
54.2,1,2617.2793043369365,101.4469874282563,27.804676324127463,60.11838439118277,49.42470587226589,597.4428861674814,51.14227665036992
54.3,1,2570.957073068401,103.90812241049326,27.975183288973472,56.656917908320374,47.89375803076894,597.4271373245713,51.45725350857447
54.4,1,2559.039986058033,93.3554931755238,25.017595569996757,62.246966435575324,47.60830770994932,597.7001962324066,45.996075351869194
54.5,1,2564.0378430398096,95.99377750209983,25.774849069522997,59.91969510866047,47.85603242872651,597.6303067593665,47.39386481267161
54.6,1,2595.480506749295,95.96048641676299,26.081876259945485,59.33292976010626,47.81496257989114,597.601965510692,47.960689786158355
54.7,1,2478.319671247799,107.9136048690115,28.00671309631816,59.016288667733235,47.037446512269874,597.4242249886388,51.515500227225175
54.8,1,2640.2507921155134,76.20369849614549,21.069287513992965,60.00612987033397,48.423014192809106,598.0643333911162,38.713332177675284
54.9,1,2636.042717028947,89.31224522903018,24.654265523037257,59.77949552366776,47.69118489031285,597.7337233606679,45.325532786641816
55.0,1,2610.6982881571766,96.03878589954259,26.256205543451667,59.61558864333837,48.98957400296454,597.5858722180312,48.28255563937546
55.1,1,2629.080969984459,88.41186402754539,24.341264003496075,59.7269297081108,48.866459278901615,597.7626032796862,44.74793440627536
55.2,1,2607.5390098266557,94.2351694736802,25.731935153528187,61.22692301836321,50.004618164042085,597.6342678677083,47.31464264583224
55.3,1,2776.9751670968753,95.21510802414288,27.688949457973802,63.073682304858444,48.1973041892619,597.4535747821176,50.928504357649445
55.4,1,2580.7430002493797,91.56967380953421,24.747141593399494,61.66820574201857,47.635576486724744,597.7251533636646,45.496932726707655
55.5,1,2566.3409816698263,96.72213898962568,25.993745916363515,62.07716532300775,46.99886985487525,597.6101009750805,47.797980498389734
55.6,1,2531.5606535451143,100.78672542827354,26.71900555282063,60.323932066339275,50.691635309119285,597.5431443872014,49.13711225597012
55.7,1,2513.8577654832643,94.87596612213054,24.976152123671234,60.949442941799056,49.18997017861802,597.7040207139447,45.919585721105705
55.8,1,2503.6283639641924,93.51880731738896,24.51870003902715,61.38288242725098,47.86489980330828,597.7462320150742,45.075359698518014
55.9,1,2548.5082110672165,95.71318449853014,25.543853876308635,60.127126566326666,50.2798164091187,597.6516278222879,46.967443554242436
56.0,1,2638.485501334796,97.0247022149875,26.80807615232308,60.45544069996206,49.972046134441804,597.5349202746451,49.3015945070988
56.1,1,2690.383170881327,85.1183861256661,23.980936345873396,62.03972289682579,47.29370630957673,597.7958464029377,44.08307194124404
56.2,1,2678.0791378094395,100.77579473618744,28.262349070670414,62.37077337385962,47.920483438046205,597.4006114274746,51.9877714505094
56.3,1,2616.260797973464,94.65238962882484,25.932311788919325,61.19168838932597,48.570479231309776,597.6157719340586,47.68456131882999
56.4,1,2791.4389595825096,106.9245503694249,31.256056712055532,59.72518861964213,47.661432842786795,597.1239375186562,57.52124962687503
56.5,1,2794.2657324597335,102.53523079735324,30.003328435890307,60.853449872412305,48.66351728837658,597.2397440965044,55.20511806991067
56.6,1,2728.1152126375373,106.91171786857257,30.543347493146744,59.52754240198388,49.50049932641712,597.1898283821018,56.203432357963266
56.7,1,2701.6683512924837,91.98664884990889,26.02468314956882,61.39655329057521,47.44357584770073,597.6072451309265,47.85509738147198
56.8,1,2837.354373551402,96.82507915064366,28.76935063618197,61.662150499832784,49.13799217405843,597.3537732206562,52.92453558687612
56.9,1,2825.804059312118,91.10701795375778,26.960161815070567,61.08035094826432,50.04149702809019,597.5208772972803,49.58245405439243
57.0,1,2694.189926811467,95.26528766124585,26.877663301512978,61.74496849498511,49.30107615368259,597.5284949599007,49.43010080198519
57.1,1,2850.228378177923,109.38132769929494,32.64761560807021,62.00507752562017,48.85294280174933,596.9952440134177,60.095119731645354
57.2,1,2907.598235451175,111.46114270439011,33.938020350136775,61.8630754667662,48.288003981460605,596.8758555476268,62.482889047464596
57.3,1,2824.3292034919455,93.46062340449865,27.642200207533715,60.16320811904753,49.81433451924031,597.4578924668076,50.842150663849
57.4,1,2955.9893678167446,98.75474651850796,30.569579457086576,61.35148370630844,47.83379675951084,597.1874034630055,56.251930739891804
57.5,1,2828.9388753692215,101.91028110972829,30.1904913570769,62.197716348406914,49.28056723994272,597.2224449693649,55.551100612700566
57.6,1,3124.2947316716495,107.03920316223731,35.02059188625762,63.651004689742926,49.090181084784696,596.7756587973502,64.48682405299564
57.7,1,3147.1166763545602,91.13246711812418,30.034097742849937,61.48102181182066,50.21699471763689,597.2369002147848,55.26199570430322
57.8,1,3036.746602763286,92.75567165482974,29.496986323802385,62.51925388998445,48.53517875689904,597.2865393281794,54.269213436411974
57.9,1,3128.3823812819414,107.94342782674129,35.36263794556652,62.96306608732587,48.646558108630856,596.7439938989141,65.12012202171832
58.0,1,2898.9470842179903,91.42545446714011,27.754667820547358,61.72448830786413,47.92861513709069,597.4475050351209,51.04989929758176
58.1,1,3052.960588034643,102.5891810514182,32.79830338329375,63.38980259508918,49.63376718256321,596.9813048299511,60.373903400977724
58.2,1,3170.6872902867617,108.2667881314432,35.948211055596744,63.505702024788455,48.798483926702765,596.6897766495736,66.20446700852995
58.3,1,3133.354055912537,111.46872243292506,36.575570819785675,63.771037979275505,48.38585378465907,596.6316794471894,67.36641105621175
58.4,1,3340.480326407639,109.0048083382719,38.131438737615014,62.716274869202124,48.50654780746909,596.4875478050094,70.24904389981202
58.5,1,3500.5240658341077,108.88448724053454,39.91422452620296,65.04999237438788,49.835711413472005,596.3223088805811,73.5538223883782
58.6,1,3237.898634742722,118.81420988198204,40.2865660857688,61.53124512187073,48.22069002274152,596.2877864726622,74.24427054675675
58.7,1,3309.7066731743944,116.36486099600795,40.33109177337164,64.8703152412432,48.33432917910992,596.2836579133551,74.32684173289772
58.8,1,3451.878149666599,111.31357152511238,40.23761141650777,63.295293218568595,50.26949848290881,596.2923256344352,74.15348731129484
58.9,1,3623.4304163510506,117.58835745709943,44.61828441533242,64.03377904716773,49.2314529842771,595.8858663593878,82.28267281224475
59.0,1,3395.69356199582,121.49470097291382,43.20305377635691,62.09331237821168,50.377247058481444,596.0172390866179,79.65521826764189
59.1,1,3577.464377744343,132.3342736926744,49.576546905914796,63.54282807696394,49.08646382233552,595.4251409515928,91.49718096814581
59.2,1,3769.3187145946936,127.31010511507971,50.25211621296313,64.29397977973565,49.468498022344924,595.3623109226589,92.7537815468213
59.3,1,3482.32996444846,131.81134592545519,48.067477584350335,61.3289786418932,49.649511486316,595.5654408131263,88.6911837374737
59.4,1,3560.9189070671914,120.54243231753358,44.9500989417935,62.49005586417493,50.90386819598406,595.8550563094325,82.89887381134918
59.5,1,3686.131642137795,122.6575086132342,47.34712338193741,60.16881699290786,50.84560332857164,595.6323894709258,87.35221058148454
59.6,1,3721.0108634471076,126.19133974329974,49.17213973331652,62.57662215913502,50.7158924346426,595.4627456729309,90.74508654138299
59.7,1,3892.053030761476,128.3475417258084,52.31122882103302,61.863736372457254,48.956535227195516,595.1707245954195,96.58550809160943
59.8,1,3882.4570311795796,123.81049734901318,50.337627663143465,62.63396667502313,48.62099454585179,595.354357141121,92.91285717758001
59.9,1,3735.7331391108655,141.24213004673078,55.254635891675285,66.45601310854435,50.39085444973275,594.8966445976673,102.06710804665363
60.0,2,3998.3426956254893,140.07700792791644,58.651009156349105,68.06136420815663,53.52882797499939,594.5800690462977,108.39861907404725
60.1,2,3939.6628642152327,133.26501033079245,54.979883345118445,64.32502187654048,53.33665629230632,594.9222393932505,101.55521213499014
60.2,2,4160.835243039987,141.40542398190772,61.61340433739197,66.77159806133608,52.20841771922463,594.3036664965798,113.9266700684027
60.3,2,4025.4162146130902,139.97915180445256,59.00689567399351,67.11577109986172,52.94446716157758,594.546877211515,109.06245576969923
60.4,2,4069.8307808677932,144.95900641957823,61.780322875862765,65.80390176460048,52.983093343003986,594.2880846467667,114.23830706466674
60.5,2,4226.944420959131,132.00659099940128,58.43200264626982,66.47564890500499,52.40745016486813,594.6004928781538,107.99014243692568
60.6,2,4293.155925377514,141.88805675637568,63.7897824357044,66.64513124654457,52.47143501101104,594.1004367544141,117.99126491171819
60.7,2,4308.259810123146,143.98601033606735,64.96071579679429,64.75025733820392,52.39756081109845,593.991037110445,120.17925779109987
60.8,2,4150.401127428499,150.23526637850784,65.29660204530506,65.18079399175821,51.53132087770261,593.9596479330035,120.80704133993095
60.9,2,4406.277736418285,142.94034447284395,65.95615204182808,66.67729762872176,51.653162559854856,593.8980020382877,122.039959234246
61.0,2,4301.285475768903,131.30092702331876,59.14181901284107,66.64192534991638,51.65726570104543,594.5342925786214,109.31414842757249
61.1,2,4465.985137080257,142.68023720739498,66.72824673703774,65.72441049396362,50.778801686733814,593.8258205410925,123.48358917815062
61.2,2,4352.138073792694,151.26641842638534,68.94040131902682,65.6734147999969,52.5399200131104,593.6189126428881,127.62174714223875
61.3,2,4573.183785667034,153.57176373957387,73.54593017202069,66.57084276256607,52.375245470519275,593.1876785025474,136.24642994905003
61.4,2,4497.140449928611,166.3301145726203,78.33141211893258,67.793796286392,53.196276814875404,592.7389216643415,145.22156671316907
61.5,2,4494.458342430207,160.0301818763587,75.31957768134714,66.69038940006492,53.7132568481882,593.0214355057665,139.57128988467048
61.6,2,4726.184182964244,157.91582460376242,78.15646585050612,68.78112073034329,53.794791867472064,592.7553393014936,144.89321397012873
61.7,2,4722.876691286986,158.49891766820667,78.390155457625,66.05043904440284,53.9066499804606,592.733408754842,145.33182490315994
61.8,2,4682.594663792171,167.82119432378278,82.29282879368216,67.16863833467441,51.748517656915,592.36692015402,152.66159691959956
61.9,2,4919.20660271542,157.31243486207342,81.03763050324405,66.56313218697082,51.09077880113877,592.4848422386742,150.3031552265145
62.0,2,4779.293435464069,161.79690732181243,80.97715785836878,67.74511158978453,53.47034440545422,592.4905222604273,150.18955479145347
62.1,2,4863.374797558309,156.47351874585812,79.69062021890645,66.15281074831249,53.93831851800313,592.6113369189011,147.7732616219771
62.2,2,4924.369796565859,175.33321610945202,90.4156223458308,69.45463165534579,54.12848146492651,591.602655444557,167.9468911088611
62.3,2,4877.754747510991,169.4334149538492,86.54612795584012,65.16393240420169,53.0735070629122,591.9669814280112,160.66037143977724
62.4,2,5018.456077908633,163.0002064662574,85.66174162836992,69.30202572344056,50.607544881735016,592.0501855838138,158.99628832372287
62.5,2,4959.3453698529775,168.3999427794984,87.45706754714678,67.40208138844321,52.985310683659705,591.8812543112158,162.37491377568404
62.6,2,5006.469398610478,173.9976804174453,91.22285129991931,68.00750860117263,53.19030719926284,591.5265947097818,169.46810580436477
62.7,2,5209.782118698394,169.8842721383479,92.6832709937078,68.9963854139065,53.90181752095386,591.388936960145,172.22126079710165
62.8,2,5015.415096248252,169.08683123311377,88.80660877470457,68.47435277892164,54.09395678789537,591.7542047707109,164.91590458578344
62.9,2,4918.160885472772,169.41614834120242,87.25416230166552,66.61917169592877,53.5882549179146,591.9003515896311,161.992968207378
63.0,2,5332.665241744597,177.51534635593515,99.13085313787258,68.26519243818987,52.105342295816136,590.7804151375904,184.3916972481918
63.1,2,5453.194560880432,173.7609026395391,99.2274143631736,69.83576531365189,51.67720828288505,590.7712920247797,184.5741595044069
63.2,2,5203.006578968046,174.1932966600217,94.91053717078239,66.57958317909993,53.25369437348045,591.1788716927907,176.42256614418557
63.3,2,5087.110107898013,169.09668166917416,90.08134063363494,70.23580381465922,51.94042748606865,591.6341471593488,167.317056813024
63.4,2,5270.308991765145,180.04887093012917,99.36995619758241,68.20570321977135,54.22078939117962,590.7578241369201,184.84351726159844
63.5,2,5300.392256915932,179.2694393401537,99.50453833653691,67.27196642142219,51.0536019431147,590.7451077384048,185.09784523190206
63.6,2,5336.394564965482,179.2950281385117,100.19471121413648,66.7686755018935,53.33725362556846,590.6798859349153,186.40228130169476
63.7,2,5274.588668446601,183.9220938189127,101.59003684165296,67.6212594448024,53.10180431866126,590.5479819992994,189.0403600140121
63.8,2,5460.406924033794,188.72605933549022,107.91591526274547,65.59124393497592,52.587099899945706,589.9492267733137,201.01546453372407
63.9,2,5479.227039497937,189.33522093177666,108.63739048931184,67.48744609030337,51.880041137777084,589.8808593378965,202.38281324206923
64.0,2,5310.541617790734,189.20213923140432,105.21883214808082,67.71817052275226,50.75436433712223,590.2046613794637,195.90677241072626
64.1,2,5541.106879455111,184.53138679930493,107.07680170078339,66.7921075823671,52.29538635941993,590.028721417741,199.4255716451778
64.2,2,5690.925344032126,183.10411624912444,109.12132076194062,69.02631069171059,52.3232962780609,589.8349927718498,203.30014456300432
64.3,2,5532.561615297502,180.59645382928525,104.63189611583306,67.91363595151438,53.9589694032458,590.2602189741306,194.79562051738753
64.4,2,5503.558289107312,184.556026720155,106.36541043256092,67.46022244238733,52.074118160063854,590.0960990422477,198.07801915504456
64.5,2,5540.573649977112,189.62322098678575,110.0208179958474,67.87955177661549,53.319172166482254,589.7497197757373,205.00560448525448
64.6,2,5630.063030590335,184.73231511346245,108.91426070622117,68.74260914357832,51.583275170819455,589.8546186645931,202.90762670813933
64.7,2,5423.849959675379,191.63229743753823,108.8441247396,68.45061927690567,53.3645612570666,589.8612661011061,202.77467797787722
64.8,2,5619.643567133056,184.89806619482843,108.81023737846462,67.56759826480348,50.65509450208948,589.864477866219,202.71044267561933
64.9,2,5581.821308826502,180.69834724017093,105.62305569448976,68.60530293692423,54.996255595941385,590.1663926118972,196.67214776205583
65.0,2,5808.489153010448,198.7027209534134,120.86362477027133,68.43918885092049,52.76773833205835,588.7198321836222,225.6033563275571
65.1,2,5629.587932947134,190.26004382496393,112.16382664916348,67.17785001097329,50.121832591961024,589.5464597986204,209.0708040275922
65.2,2,5816.9485854011145,188.30820072947532,114.707833403608,68.24392941465695,52.20579148949175,589.3049805845219,213.90038830956314
65.3,2,5565.204780441497,187.06938329053372,109.02158256787605,69.32998490198845,52.054765781445234,589.844446480541,203.11107038917953
65.4,2,5736.6276188324755,198.21881502817322,119.07762196724059,69.36569988677078,52.281175577689545,588.8897255325697,222.20548934860517
65.5,2,5721.198193245358,205.385548329142,123.05109779519749,68.44723797619106,52.578595934324596,588.5116127135848,229.76774572830436
65.6,2,5617.575827021612,193.41571987859248,113.78089085684347,69.57908509995988,52.28654103822492,589.39299006744,212.14019865120008
65.7,2,5725.555989409237,195.1767992838308,117.02387522746987,67.6344702928791,52.13834356747967,589.0849645791759,218.3007084164808
65.8,2,5831.774716823376,204.60820898961603,124.95464659148655,67.71478243259016,51.80134612329293,588.330296842685,233.3940631462997
65.9,2,5693.048601920071,184.82734194443233,110.18937690652392,68.59489990576097,53.78676732942414,589.7337374754788,205.3252504904242
66.0,2,5569.6654673618405,211.63496750641306,123.43694215078166,70.73600562476693,54.170737207686976,588.4748696702638,230.502606594722
66.1,2,5734.725730266224,215.31490170353132,129.3050117201441,69.17702632667391,52.71932580589514,587.9154893825021,241.6902123499574
66.2,2,5656.085913568643,179.57419608289084,106.36250239055819,68.69255660271295,52.960234894172714,590.0963744379741,198.07251124051845
66.3,2,5714.176651478315,198.12162205394813,118.5534386491964,70.91750086971285,51.85518604191358,588.9395694595926,221.20861080814961
66.4,2,5743.324436311929,194.03052865648064,116.69762967816935,68.76141277914732,53.05585600141681,589.1159669153112,217.68066169377676
66.5,2,5592.9409448864835,197.44241714498432,115.64032693075403,71.82828183999237,53.21779014538141,589.2164170356268,215.67165928746363
66.6,2,5604.95324537611,196.57367535988612,115.37878730620986,68.57358020039855,52.771091204828295,589.2412594910459,215.1748101790838
66.7,2,5807.2948181356405,205.3653865251785,124.89059631903068,68.0132139635182,53.38890028271818,588.3363995806465,233.272008387072
66.8,2,5714.527849059411,199.05021672147194,119.11641832778723,69.06746865012828,53.30354138038561,588.8860360940307,222.27927811938684
66.9,2,5522.8887832485325,193.59171981136151,111.96484770385237,69.00765821361384,51.94237208548675,589.5653385524537,208.69322895092637
67.0,2,5843.154997952914,198.86768804033238,121.68589747929546,68.37638906017514,54.19090926329823,588.6415799516102,227.16840096779606
67.1,2,5796.263869681971,203.75677440525237,123.67696605839257,72.50674874220343,52.79123701540797,588.4520104011826,230.95979197634847
67.2,2,5704.14019288521,191.92327795543537,114.64271466828514,69.80508741100975,54.67514754147734,589.3111642220204,213.77671555959296
67.3,2,5648.241928472582,188.71784877325123,111.62330717732992,70.01781535775793,53.42036025599845,589.5977404158963,208.04519168207435
67.4,2,5853.975513887043,214.199346602071,131.30995763618026,68.94406158200252,54.97090754677925,587.724116408144,245.51767183711831
67.5,2,5808.883183885722,195.7387347661303,119.06881670665733,68.84233064423859,54.17494935454066,588.8905628846502,222.18874230699612
67.6,2,6003.089105045366,199.23716076042734,125.24885140707467,70.80303342502526,53.22624663346624,588.3022632197556,233.95473560488767
67.7,2,5817.670485736731,197.35474903165968,120.23345262971533,67.5977910133841,52.274998078399975,588.7797886608871,224.40422678225787
67.8,2,5815.596417472438,203.89484598009244,124.1735582515819,68.27340576975861,52.29525663395153,588.4047104662887,231.90579067422505
67.9,2,5763.9574547807715,212.3653765668393,128.18378656881023,69.3837152288696,53.52824892187032,588.022455381367,239.55089237266066
68.0,2,5858.536609709203,203.89218330060856,125.08877586986098,71.33698089414816,53.136402789807555,588.3175165279085,233.6496694418281
68.1,2,5841.566688907067,189.0605722595063,115.6535385833789,69.30113498058893,52.40198429263241,589.2151620644156,215.6967587116867
68.2,2,5902.488312152251,189.8369405211003,117.33956659596795,70.28435714698782,53.82147630083031,589.054962016146,218.90075967707958
68.3,2,5735.626089393485,196.55044626556614,118.05475485941943,69.85225455843891,53.024265794643554,588.9869806889649,220.26038622070132
68.4,2,5745.587736400464,197.2642183938821,118.68925254179216,71.40807630940311,53.82125499754402,588.9266559140983,221.46688171803476
68.5,2,5743.493988394446,186.8686476173504,112.39350925991931,67.98406218542935,52.003198796706435,589.524666407279,209.50667185441944
68.6,2,5866.484661929892,204.42051314610364,125.5830515071326,70.80162313109653,53.97423756797343,588.2704152957306,234.5916940853897
68.7,2,5936.380168846527,190.82663793935131,118.628577404257,69.71209634618734,53.47153228926632,588.9324251385942,221.35149722811434
68.8,2,5753.480521514358,208.61326329035387,125.69013184608588,71.09251062282428,54.163551451508475,588.2602102262218,234.7957954755634
68.9,2,5760.144787293334,210.6179562221956,127.0449516128826,69.03094884863519,53.938532101563915,588.1310607226134,237.3787855477326
69.0,2,5834.187316400746,195.83383273315266,119.64559408356045,70.07435665571015,52.87094329578156,588.835708074928,223.28583850144014
69.1,2,5785.308781201353,200.32780578494695,121.36582035629638,69.95263092554755,52.78499310410535,588.6720428653798,226.55914269240498
69.2,2,5903.89152582167,188.30068119185648,116.41766344146312,68.90282348008402,54.727546044538926,589.1425687885371,217.14862422925876
69.3,2,5604.830720556979,200.94590612064968,117.94248693707176,68.59890725583645,52.647771090508236,588.9976532342195,220.04693531561088
69.4,2,5746.056122073507,192.73585785683295,115.9740977844774,69.46811256931474,53.680275544625424,589.1847105658055,216.30578868388966
69.5,2,5756.673921203446,188.24339626566626,113.4801752586921,70.34927019452113,52.543635629997986,589.421536059839,211.56927880321973
69.6,2,5617.572089271686,193.44798072489138,113.79979326379417,69.31334495834469,51.05599955675769,589.3911956269314,212.1760874613699
69.7,2,5754.078750711782,191.8214571059951,115.58503397397617,69.85337518930095,51.68308357508432,589.2216692391389,215.56661521722276
69.8,2,5766.941817893219,192.4036758125498,116.19503007614166,68.01386447542225,53.30856443310362,589.1637212516882,216.72557496623426
69.9,2,5843.694070635081,200.91602883735214,122.95060645550359,69.85893023043924,53.59567781562322,588.521181497606,229.57637004787898
70.0,2,5978.128243337942,188.35062438819983,117.91278836323413,71.55843099487221,53.29534467341456,589.0004764090493,219.99047181901346
70.1,2,5859.411873969396,205.5641289905458,126.13336359209785,71.20228544676505,54.02334941694733,588.217965101115,235.6406979776989
70.2,2,5795.777289542983,183.70707666792634,111.49777298733052,70.27722707578675,53.2596131828213,589.6096489016895,207.8070219662095
70.3,2,5900.03731233308,203.847021221502,125.94697634999817,70.69890053034196,52.08375688605354,588.2357307210295,235.28538557941033
70.4,2,6017.608454810666,184.9735923022436,116.56341836143748,69.43710542144309,53.443618818015835,589.12871973145,217.42560537099848
70.5,2,5838.467984425408,191.62652544264535,117.16102057828981,72.40435904089152,53.00893718194841,589.0719309910721,218.56138017855756
70.6,2,5858.695720696259,187.74164093169657,115.18347330332206,72.95987380901376,52.25347243609986,589.2598100853049,214.80379829390017
70.7,2,6013.057313809819,188.3019006691413,118.57104980282249,70.69938221385814,53.29094072747908,588.9378949769155,221.2421004616897
70.8,2,5954.530424910578,195.84872631847625,122.12283795986161,73.63295826560389,52.8868735053224,588.5999895326563,228.00020934687268
70.9,2,6053.461128649517,200.26611510891126,126.95208828643017,69.72996169939293,52.1912768273315,588.1399148568498,237.20170286300458
71.0,2,6007.824421793997,197.62661642355215,124.33439488590963,69.06643220013027,52.60687900024406,588.3893892663764,232.21221467247346
71.1,2,6093.749620064284,185.98271070430275,118.68225712165383,69.73722462350696,54.18647392629169,588.9273210713166,221.45357857367003
71.2,2,5947.530981329485,189.62902451363925,118.10550527512855,70.3459274398525,54.14165254328429,588.9821560639075,220.35687872185008
71.3,2,6064.287839230541,182.38661663778868,115.82475540583944,73.40383278549352,52.936464053986946,589.1988977334261,216.02204533147983
71.4,2,6065.791312464648,180.44223677457353,114.61838496976743,70.31149147655411,52.79284087585606,589.313474522226,213.73050955548138
71.5,2,5991.462892206073,178.8815182217287,112.23465193790656,69.63631515712117,51.28948154747201,589.5397397293377,209.20520541324663
71.6,2,5980.3969830765145,183.36635220398045,114.83605831051239,69.60825931596654,54.42854790904493,589.2928040350388,214.1439192992243
71.7,2,6216.8104403534335,187.70213877584814,122.19838451646395,72.07243037922306,53.73188285156614,588.5927979845408,228.1440403091858
71.8,2,6141.83392344538,172.1000991122937,110.68985212582899,71.91864394915825,53.43355510697933,589.6862785723313,206.2744285533745
71.9,2,6102.330659141414,184.6891757462463,118.02276842857582,70.1562682264236,50.392641323214505,588.9900214608186,220.19957078362722
72.0,2,6215.333857286204,195.16017270027436,127.02355803022567,68.50434164218318,52.69377068758832,588.1331005363891,237.3379892722187
72.1,2,6357.393207467057,191.93976528595272,127.78287375876832,69.41688938893024,52.51090441055868,588.0606932232988,238.78613553402374
72.2,2,6060.043584759077,179.53307149179435,113.93281467416185,72.85209009265978,53.3057443490642,589.378567343339,212.42865313321886
72.3,2,6161.720121358585,173.3993264041835,111.88657813346197,71.62803788984408,52.156506255390845,589.5727642870488,208.5447142590226
72.4,2,6244.1001627564865,185.94994073844902,121.58906625550638,70.89436648465825,52.36014906483228,588.6507960735139,226.9840785297231
72.5,2,6499.126502972672,166.0689351030143,113.02434768711143,73.07222893922662,53.195310206011875,589.4648009796747,210.70398040650616
72.6,2,6416.345585585729,189.62841201115015,127.41476960252139,73.19290733301698,51.7860744095768,588.0957974066578,238.0840518668458
72.7,2,6492.202619847305,179.93568688092515,122.3314122994665,70.81254387719463,51.96908490809285,588.5801341563547,228.39731687290737
72.8,2,6341.397967111235,193.83088755486904,128.71720815211103,70.8468084017278,52.719650163500965,587.9715713845868,240.5685723082638
72.9,2,6374.335627045559,168.51197316205395,112.48492121818832,70.18112779115926,53.84772811948395,589.5159923444238,209.68015311152385
73.0,2,6554.757696291643,186.6250855525289,128.1018140856829,70.54921405868687,53.30035587904459,588.0302740798281,239.39451840343622
73.1,2,6549.792676204373,179.10062286888248,122.8438071291866,69.11776590214846,53.54966067304414,588.5313505801876,229.37298839624873
73.2,2,6628.915937940375,177.10213789073046,122.94048823325139,69.12297260222257,52.519672542498355,588.5221449370085,229.55710125983046
73.3,2,6591.943418155076,169.45545341199656,116.97623492857527,68.85378739715912,53.933263525150366,589.0894919304121,218.21016139175867
73.4,2,6669.607731682617,182.84937615596382,127.70926130760158,72.23118459365585,50.678565467434325,588.0677136030024,238.6457279399508
73.5,2,6692.009952218466,183.0571431551817,128.28381785497285,69.06475903548062,54.4232841482808,588.0129139108126,239.74172178374943
73.6,2,6785.039862805925,190.47569685511422,135.33826125143446,73.28631642326233,54.53383764136944,587.3392277420048,253.2154451599024
73.7,2,6822.304971510278,184.70265947245176,131.95714057951088,70.07728573291793,52.819467530266884,587.6623153290442,246.7536934191162
73.8,2,6626.526699605849,173.16671639031773,120.1652770303796,73.04539339471143,53.175627219447236,588.7862743467529,224.27451306494163
73.9,2,6601.950885731821,169.98605969165078,117.52065791377692,70.5287986165634,52.28562114295443,589.0377501188184,219.24499762363098
74.0,2,6945.8481582655095,167.1344582411051,121.56817610186641,69.09318535173679,52.094054257606125,588.6527843006418,226.9443139871646
74.1,2,6998.9331173644005,186.73918479911836,136.86610873337634,72.51834450069397,51.67250124085505,587.1931129667437,256.13774066512747
74.2,2,6824.694064360355,170.70423586883308,121.99895299749156,72.6647030494074,52.21385819806591,588.6117821993996,227.76435601200888
74.3,2,6780.620624447542,186.25022194709754,132.2497510610602,69.89931118580188,52.798054138827744,587.6343688808419,247.31262238316276
74.4,2,7002.422808913987,179.31376003559924,131.48934604567637,70.59215092222442,52.64100908548005,587.706987500879,245.86024998241896
74.5,2,7117.171013103542,177.70985508297764,132.44864875786638,69.90619254989969,54.18648931369027,587.6153711410445,247.69257717911046
74.6,2,7235.2163050281,173.02750246644183,131.09776158409497,70.85098211714502,52.27868054916708,587.7443766376473,245.1124672470553
74.7,2,7149.131969568459,179.58821346041435,134.44967665526363,71.12692777875768,50.66785831661832,587.4241728331695,251.516543336611
74.8,2,7100.303530231846,174.65609660179442,129.86415158153991,70.57724374643571,53.77904186876578,587.8621320284406,242.7573594311889
74.9,2,7086.154587978246,171.99382363259568,127.62980095171827,68.81705617235853,50.89158724152407,588.0752915022067,238.49416995586466
75.0,2,7207.286021245606,179.27735973383673,135.30873160810833,70.30294482189197,51.53072920253607,587.3420510597897,253.15897880420607
75.1,2,7212.7331848142,173.23764433351266,130.84910442920824,71.84394836309241,52.3392126724245,587.7681163152477,244.6376736950458
75.2,2,7179.424381503616,168.5103498435273,126.69072568524065,70.74822396625912,52.46176729503658,588.1648332399282,236.703335201438
75.3,2,7504.865820398759,178.1638337798925,140.02033077434152,70.60460404875461,50.576052362965974,586.8912254360162,262.17549127967686
75.4,2,7513.847482630327,173.3965757684862,136.43679538775876,69.87868229645737,51.25169523541266,587.2341775988582,255.31644802283722
75.5,2,7485.806597686212,177.1592970895957,138.87726945318275,70.26108603073573,50.493842678822936,587.0006634126055,259.9867317478902
75.6,2,7323.58880650175,170.46530866185944,130.73400906897257,72.68087137003971,52.5725793318286,587.7791039817137,244.41792036572565
75.7,2,7525.005658617253,165.09673435361435,130.09899201526818,69.61883967795976,53.11027334714889,587.839718828769,243.20562342461926
75.8,2,7536.734088051264,185.6370982144253,146.51314194618374,71.8474520122698,50.68087130655718,586.268802641144,274.62394717711845
75.9,2,7549.644133996388,184.2614645543085,145.6765398934545,71.03427608809963,52.873976538687344,586.3490780696677,273.01843860664576
76.0,2,7657.356204288663,179.57773702916822,143.99916124486398,71.26638227258705,52.78449658621962,586.509961734944,269.8007653011189
76.1,2,7629.3986195116795,170.64490509584803,136.33653449825547,70.08803629078443,51.16984502718805,587.2437668966464,255.1246620670713
76.2,2,7669.067107465418,171.23777873870415,137.52154462063862,70.53844066731489,49.82133419520698,587.1304079589798,257.3918408204031
76.3,2,7688.289446730567,183.00859624106417,147.3431102009757,70.94687498615086,50.70745680644129,586.1891415030138,276.217169939722
76.4,2,7688.430335088184,170.85943717437948,137.56415124862554,70.32156130728391,51.15805977738283,587.1263313441914,257.47337311617116
76.5,2,7514.103012110585,168.92369233006045,132.92183502601563,71.33616022781955,53.26940047874935,587.5701696475106,248.5966070497875
76.6,2,7718.165980169801,186.4836898892179,150.7244076325928,71.4789070047002,51.583649859548565,585.8643719337308,282.71256132538497
76.7,2,7683.211536221976,173.08160480065504,139.25869521421566,73.52822598819012,50.66916062293541,586.9641499209932,260.7170015801353
76.8,2,7639.412536508236,185.84216165107281,148.67324800475023,71.24526428887829,51.79768952720203,586.0614273534956,278.7714529300888
76.9,2,7944.806630172787,163.73248910537544,136.22186235082785,68.60666468648601,50.32816475105426,587.2547341444804,254.90531711039353
77.0,2,7972.38449550385,177.21644791888815,147.95201396091136,72.28636090067545,52.11134588536356,586.1306842400622,277.38631519875526
77.1,2,7959.382576074848,188.16417026989092,156.83570039700268,70.63493903973031,50.59266005943637,585.2764515769582,294.4709684608381
77.2,2,7875.632185545142,173.96143019522268,143.47195381567005,73.28220494989003,50.71094645833292,586.5605095167923,268.78980966415384
77.3,2,7999.804349139786,172.00048245793423,144.09126319403146,72.62078074255456,51.891939067870155,586.5011302363423,269.9773952731539
77.4,2,7891.701351295047,165.7779412234159,137.00171432023458,70.23659494518928,53.23949122765076,587.1801408160181,256.39718367963724
77.5,2,7927.81360457906,181.64022919750798,150.7974820213833,71.69591247209075,53.65969231662252,585.8573491529633,282.8530169407338
77.6,2,7821.568274928116,168.7920526868444,138.25296476372804,70.10306665669083,50.39452614781445,587.0604174293981,258.79165141204
77.7,2,7978.950942676884,173.6454606398991,145.0901225506076,70.80469742008235,50.810114926877105,586.4053338268548,271.89332346290485
77.8,2,7961.63208965153,165.80036348054037,138.23442203743681,71.59777926488508,51.89442887579045,587.0621920174357,258.75615965128645
77.9,2,7845.655059242292,185.4790125506452,152.3886435162961,72.1068018898372,52.51971006467254,585.7043885014627,285.91222997074624
78.0,2,7976.892365633106,182.80944208722394,152.70771306479168,71.82952957613925,49.15871300870681,585.6737060268608,286.5258794627823
78.1,2,7985.354546343585,174.65376921516335,146.04973859059578,70.82882960834333,51.381864439566996,586.3132708912194,273.73458217561165
78.2,2,8173.681436107503,166.9500480209065,142.90021218273105,73.70199053128486,50.77897360692136,586.615317088881,267.6936582223789
78.3,2,8096.648651337151,185.9387549546351,157.65357752303652,70.26637935693861,49.313545503328285,585.1976779721607,296.0464405567859
78.4,2,8020.363110439246,172.787751203493,145.12278399547657,68.7577691894203,49.87171332810455,586.4022008637314,271.9559827253704
78.5,2,8049.272996032519,167.77771536177667,141.42283900222245,68.97026297823481,50.61228848675794,586.7568906592085,264.8621868158318
78.6,2,8034.980338352703,163.3466535103132,137.44333287146202,72.41769170558807,51.209930397483134,587.1378911316757,257.242177366486
78.7,2,8015.421113412162,171.3289456279221,143.8088801438995,70.5373694202338,52.13014443609358,586.5282066026077,269.43586794784665
78.8,2,7934.558940244939,165.83877714180258,137.79628059787493,70.80018475560742,51.44719284473721,587.1041201225185,257.9175975496298
78.9,2,8024.504684985109,171.83278226958276,144.39523937794988,69.9377444725107,52.01106747790866,586.4719805470933,270.56038905813466
79.0,2,7968.215301585732,181.57482915439482,151.51140391279714,70.02448431305397,51.060819059839595,585.7887289366201,284.2254212675971
79.1,2,7919.332759685836,173.90717015308906,144.22305741627844,69.60166551209619,50.29960206016698,586.4884922399481,270.2301552010397
79.2,2,8084.479841777063,179.19479343132286,151.70716316891932,71.0895162383262,50.79114117633585,585.7699102147133,284.6017957057336
79.3,2,8069.6744388555135,171.8099273526208,145.1887232408627,70.38473795596646,51.64064469297963,586.3958757107519,272.08248578496296
79.4,2,7858.155353829182,177.49553743113444,146.06180625504388,71.00056525456115,51.94782208627713,586.3121129640565,273.7577407188701
79.5,2,8010.433470641308,190.64888562171242,159.92593808860892,70.86235868332281,50.737417435382504,584.9787019139885,300.4259617202297
79.6,2,8109.695346493862,174.92292998823928,148.55247804038973,69.9199634157966,49.92611197806205,586.0730255229366,278.5394895412685
79.7,2,8107.577659523705,180.20900029687272,153.00168465481016,68.65604050996161,51.1607267352466,585.6454341136148,287.0913177277032
79.8,2,8095.100921223151,166.71025469872876,141.32311467174154,68.5265738850201,51.27280039684885,586.7664445142682,264.67110971463626
79.9,2,7990.901950745354,188.4553076145662,157.7003993707814,73.98805096563503,51.99720221539938,585.193167680636,296.1366463872821
80.0,2,7895.366414286117,174.61378467043104,144.3708234017682,72.10393515223016,50.05530011853623,586.4743220180947,270.5135596381058
80.1,2,7860.036125873816,185.44105828072765,152.63673132929281,71.91192921528918,50.03576510110056,585.6805320816916,286.3893583661684
80.2,2,7981.989059202081,177.35095687751547,148.2426883235393,69.46729313241826,51.429144763235534,586.1027740950103,277.9445180997948
80.3,2,7970.492033185809,182.61235587999366,152.42068509117098,70.26087514545007,50.2348994046751,585.7013074574611,285.9738508507792
80.4,2,8040.934372054792,183.1380365082529,154.21040904979023,69.24320427665026,50.161926763944116,585.5291589341793,289.41682131641187
80.5,2,8006.307388730788,175.37446952238716,147.0372082967716,68.61885432552806,51.83496171766996,586.2185048370675,275.62990325865144
80.6,2,7871.439526220258,186.27584127027578,153.54628549071288,69.45807797909967,49.178963448494194,585.5930512234212,288.1389755315763
80.7,2,7747.042026798256,173.4002812227185,140.6741589876768,71.7268248274883,52.57525909149208,586.8286084146292,263.4278317074154
80.8,2,7815.244332410471,184.22852607583428,150.77455510876695,71.11464048597729,49.87545051521562,585.8595525520052,282.8089489598972
80.9,2,7845.622148173301,176.10989578661415,144.69041635925075,68.91158137669635,51.32379078360875,586.4436718154516,271.12656369096953
81.0,2,7784.3523029296875,181.33452866613806,147.81945907558,69.66730571168577,50.317189049326586,586.1434110706447,277.1317785871065
81.1,2,7726.387128020127,175.68732151922964,142.14955493179755,70.91303518227947,50.666230612105366,586.6872597341173,266.2548053176522
81.2,2,7782.253366252213,179.2915359305806,146.11465321466173,69.29748391589618,50.100918141690904,586.3070420909041,273.85915818191734
81.3,2,7686.5354657933085,171.4254924624698,137.98588364642058,70.04627855567773,51.18907772339256,587.0859767411245,258.2804651775109
81.4,2,7650.202641308522,180.6735433844673,144.74251652328007,70.40068422310696,49.953937164757505,586.4386748969888,271.226502060224
81.5,2,7714.225999954936,179.22735559760454,144.7855676146465,70.35484646949782,49.69704149768167,586.4345458078726,271.3090838425478
81.6,2,7620.566389272638,175.09892031593327,139.7331138485888,70.15754072710729,52.0520271189231,586.9187278341128,261.62544331774484
81.7,2,7655.4497130291475,178.4407804278593,143.05183728311897,69.0345435346342,50.23673913906102,586.6007832168084,267.98433566383324
81.8,2,7631.14311516302,179.69349438374834,143.59872062056772,69.1238057732362,49.50030929105145,586.5483561381277,269.03287723744484
81.9,2,7469.335742213213,174.353447202521,136.37700152108272,68.39017552632754,48.65434737126732,587.2398965293336,255.20206941332845
82.0,2,7503.759701938182,177.6616196136266,139.60505780710167,67.84212021518425,51.97882524057972,586.9309889645613,261.38022070877355
82.1,2,7657.505845220952,171.40106417043958,137.44516562123556,69.5427869455704,49.52992266262029,587.1377157793956,257.2456844120859
82.2,2,7381.542574070611,194.71860085503673,150.51617983625465,70.6243546746117,52.11227813154866,585.8843826248248,282.31234750350495
82.3,2,7261.505370706612,185.5519281071434,141.09796574325415,67.95246226750707,50.41788056712969,586.7880132076677,264.23973584664395
82.4,2,7256.024892297191,179.87002678562445,136.67408693898486,69.89993129111312,50.13049565224961,587.2114809396941,255.7703812061186
82.5,2,7405.684556888281,185.9636430533892,144.2187984392864,70.4770913619928,50.12603985915906,586.4889006499966,270.22198700006925
82.6,2,7375.622642452706,163.6843701979968,126.42545304115806,67.29423617998121,52.140737384588746,588.1901222044228,236.19755591154558
82.7,2,7331.0675128681005,159.39506698947628,122.36880348764669,69.13601854918856,47.70116652238603,588.5765745323251,228.4685093534972
82.8,2,7426.97342676612,174.242496316678,135.51724761806034,71.39818777019349,50.07633694933537,587.322114330977,253.55771338045884
82.9,2,7026.961814193771,167.1049492295773,122.96613543036774,70.04670906972216,49.56541729407506,588.5197028495583,229.60594300883486
83.0,2,7287.66219208058,174.7943318724349,133.39642688542602,67.10110445291954,49.586171562626184,587.5248267459808,249.50346508038479
83.1,2,7367.504786150166,177.56381651885337,136.9946211571525,70.0965666815122,49.91724285881584,587.1808193688138,256.3836126237243
83.2,2,7081.141234819395,182.21843537919142,135.1214160072557,68.36981886687653,49.47036836512279,587.3599595859307,252.80080828138694
83.3,2,7121.343486305425,167.43636960625332,124.8648933864875,70.05685675473106,49.893473572061474,588.3388485309792,233.2230293804139
83.4,2,7055.116934335087,177.8074096005583,131.3659132156558,68.35902182882252,49.650518145443336,587.7187735975157,245.62452804968643
83.5,2,7011.006105146041,174.69333649854454,128.25824789834385,69.08296302195482,48.329325871228185,588.0153529277025,239.69294144595096
83.6,2,7034.450444670755,176.58438629463643,130.0801691065492,68.46068757911603,49.99307769082648,587.8415153538117,243.16969292376598
83.7,2,7170.719464556847,170.04901019580348,127.69252022075251,69.06832453555108,50.29663628851081,588.0693101675329,238.6137966493436
83.8,2,7179.546699257742,182.88113424432834,137.49742004161914,68.34225936561866,49.007432397026776,587.1327161801837,257.34567639632587
83.9,2,6943.227030368045,171.96240536075075,125.03266710965178,68.7128784849627,51.38635967310196,588.3228628390982,233.542743218037
84.0,2,7126.563221534553,184.56986419066234,137.7430048554765,67.52820025148955,50.823053726778255,587.1092179466185,257.8156410676297
84.1,2,6919.732816827109,166.05719830878974,120.33048029431195,69.48519737621018,50.30050886989794,588.7705579671588,224.58884065682582
84.2,2,7054.086939415899,176.2046312722435,130.1627587949987,69.06391008879486,50.257511499063455,587.8336326182346,243.32734763530766
84.3,2,6850.151209275234,169.97757646978962,121.93276128532386,66.87057828033566,49.42498487143459,588.6180828215302,227.6383435693981
84.4,2,6843.4196907702035,167.4668951094693,120.01368239864308,69.95845773845903,50.50552354470707,588.8006953358115,223.9860932837712
84.5,2,6838.100361055021,173.52850245354207,124.26101803990285,68.51164962348973,50.904239301142674,588.3963792010384,232.0724159792337
84.6,2,7078.267908596149,166.32461862176245,123.28554253785177,68.87324885037808,50.11091504191523,588.4892876543718,230.21424691256584
84.7,2,6830.558624551243,149.07693790938447,106.63390280529822,69.55225298391842,48.702090473167985,590.0706713050412,198.58657389917653
84.8,2,6656.445663377434,145.53781621548632,101.44878807875875,68.98402573769764,49.20225495498161,590.5613373539284,188.7732529214327
84.9,2,6790.204629781663,175.12741431578394,124.52759937236311,69.94345086890493,49.785252134749236,588.3709836483374,232.58032703325057
85.0,2,6638.878280734257,174.05025732509736,121.00351714540818,68.14804537335351,50.01905917323144,588.7065207124713,225.86958575057338
85.1,2,6602.439502546961,177.84332271346565,122.9619133338945,69.69583403154815,49.07365900017002,588.5201048726415,229.5979025471695
85.2,2,6711.628071727296,163.67832333094725,115.03968064702686,68.55627791187737,48.55424270061465,589.2734665087476,214.53066982504765
85.3,2,6605.260460753485,153.8973791218702,106.4510107340636,68.9719139337533,50.67526965474325,590.0879924544624,198.24015091075125
85.4,2,6606.437576938171,159.12939554102425,110.08961852671631,68.80083518295679,47.98885404771148,589.7431964018645,205.13607196270982
85.5,2,6559.652540740923,161.2431347452331,110.7619738309446,69.75882888906916,48.090056054339115,589.6794387975026,206.41122404994917
85.6,2,6569.350799871028,153.18678174280092,105.38343826270426,69.08887074419579,47.67458026745412,590.1890783512655,196.21843297469013
85.7,2,6557.512247907798,170.8253699286865,117.30596547394592,67.64462092048983,48.028586998273795,589.0581555356142,218.83688928771562
85.8,2,6313.6189818051325,173.98780315842865,115.03388619116124,67.35937600502554,50.19002515263093,589.2740168122319,214.5196637553613
85.9,2,6542.180881434464,160.6620709638124,110.06887466723035,68.0216989841882,50.19417143666164,589.7451632619061,205.09673476187686
86.0,2,6367.533932619278,156.21803914290282,104.16721862411056,67.1215614860839,48.810070714979055,590.304196403057,193.9160719388599
86.1,2,6306.527047176716,146.18674220787912,96.54435124270914,66.72310881158229,49.35133058352491,591.0246816274089,179.5063674518235
86.2,2,6421.471537764111,165.01173110371712,110.9629515840093,65.38391496910286,48.8155371092459,589.6603779054897,206.7924418902055
86.3,2,6419.232794163257,153.63411243450963,103.27599776698254,66.03008862469788,47.6052190975769,590.3885235820931,192.22952835814
86.4,2,6330.36608709392,149.96752423166666,99.41562931470166,70.2231103967572,50.98658906888568,590.7535086373103,184.92982725379306
86.5,2,6460.952412982213,154.23041426032816,104.35065643286921,67.00403944817077,50.11464321378254,590.2868365061418,194.26326987716607
86.6,2,6241.011991092849,145.61193649253585,95.16573640353405,70.02701259639446,49.06588202535237,591.1547928240598,176.9041435188035
86.7,2,6317.128983029418,149.56937573024217,98.94435992620286,68.17747512261315,47.8272733715847,590.7980342219519,184.03931556096268
86.8,2,6288.246442948316,137.25335340844143,90.38183112488687,67.5846236077296,48.430073996745726,591.6058389724192,167.88322055161757
86.9,2,6328.148817339398,153.75009039633227,101.88744731034384,65.79407040630487,47.93457539592254,590.5198592339632,189.60281532073736
87.0,2,6348.567922660922,144.18041391079518,95.85409172636002,67.550687646566,48.696726326516405,591.089834352536,178.2033129492811
87.1,2,6216.553478848242,151.77514417009283,98.80500537857426,69.76582448164231,48.88136401806993,590.8111991492552,183.7760170148954
87.2,2,6372.052554306883,140.98976851112906,94.07962215094877,69.31432307754244,48.20276876515278,591.2572574060707,174.85485187858671
87.3,2,6300.875259070892,140.16096194189024,92.48186287636634,67.72404191343324,47.062094599952026,591.4079253603735,171.84149279253006
87.4,2,6107.486923283844,131.32776506215046,83.99389427258293,65.96619706399031,50.621342114157,592.2070342482258,155.8593150354841
87.5,2,6094.158857530688,143.81545266181104,91.77997634069837,66.14549681121362,48.699751317983754,591.4740883116448,170.51823376710445
87.6,2,6272.7118969490075,131.03354690959702,86.07290403422292,66.22033922375333,48.89192664846305,592.0115058667367,159.76988266526632
87.7,2,6247.182546989307,132.41143018215672,86.62401133406226,68.72645320072814,47.986206922497836,591.9596529277443,160.80694144511426
87.8,2,6253.2564298617235,134.46096101356255,88.05034606412461,69.09981887388379,46.82006136670285,591.8254082453677,163.49183509264435
87.9,2,6255.922880389029,133.92533807168303,87.73699499264275,67.32578760894381,48.27240554857819,591.8549057141497,162.9018857170047
88.0,2,6276.079205759353,119.74374657341951,78.69911999897599,66.675861931461,48.006297983290985,592.7044115272757,145.91176945448524
88.1,2,6341.293149579655,128.7501932543308,85.49768154958008,68.84673929788882,49.01305147275677,592.0656179518287,158.68764096342716
88.2,2,6142.84693019006,135.35480102004388,87.07068803306343,65.76261832389068,49.183777803641156,591.9176189645284,161.64762070943198
88.3,2,6134.693341337217,126.55054490484086,81.29905467048164,66.94761169471836,49.01710171778045,592.4602861486485,150.79427702703015
88.4,2,6140.259014636828,127.02545855074445,81.67818540035697,67.38940293303587,49.21490826177077,592.4246699841945,151.5066003161121
88.5,2,6270.102410446259,129.12463335016915,84.78369768565837,65.74681159658948,50.00505989046749,592.1327695966622,157.3446080667543
88.6,2,6359.862263715228,126.48542138660262,84.23969778120546,65.9673180771425,48.566201217070976,592.1839235427864,156.32152914427252
88.7,2,6199.927346494317,119.52364507725193,77.60130906304548,65.8220927671464,49.25072067672023,592.8074312747591,143.85137450481807
88.8,2,6002.898918615789,125.84431729339462,79.10851960975313,68.32673839500723,48.6207235164443,592.6659837484024,146.6803250319515
88.9,2,6078.647598705006,132.41074643543766,84.2866549022585,68.87192648493284,46.20239103991551,592.1795083767179,156.4098324656436
89.0,2,6161.6320822638845,117.4401422453792,75.77761793496899,66.66039335262214,47.92367774481516,592.9784883211696,140.43023357660672
89.1,2,6188.2728016096235,121.51643110646238,78.746829028804,66.14867926214123,47.18646885545154,592.6999336389804,146.00132722039234
89.2,2,6203.15444523091,113.79975825008127,73.9235052481322,65.69857992666962,48.2618094089628,593.1522964986123,136.9540700277537
89.3,2,6246.483146518778,129.38882496415638,84.63713607058223,66.36828656177855,47.21577762630658,592.1465521073452,157.06895785309598
89.4,2,6214.204740972982,121.47588147302078,79.05042971528022,65.65368649592241,48.5890989611931,592.6714365903576,146.57126819284713
89.5,2,6344.610133350515,115.49016079564406,76.7323580249764,66.14524349038845,48.941297595778224,592.8889488735517,142.22102252896434
89.6,2,6181.865971904189,121.40319033941697,78.59199308756989,66.70525765625071,49.1409146495699,592.7144660271543,145.7106794569131
89.7,2,6165.357328504208,111.64518138873913,72.0820042715444,65.6706782640422,49.53390746439336,593.3248204887379,133.5035902252423
89.8,2,6293.948190697293,112.14692270942204,73.91611674832737,65.87720642427988,46.2161518006941,593.152988905005,136.94022189989823
89.9,2,6103.69624947803,108.47010199075633,69.33165692076592,65.82981353849446,46.670936978381334,593.5823024316296,128.35395136740885
90.0,2,6287.642004655488,110.53254533709821,72.77908573887252,65.61892387832863,50.77574691353455,593.2595252250586,134.8094954988278
90.1,2,6261.276713042095,126.81032638827988,83.14691417090278,65.41790362699932,48.83568615967196,592.2866542152891,154.26691569421791
90.2,2,6238.275833692753,111.48678025137691,72.83104894589094,66.80992382410739,48.02907950915581,593.2546572758258,134.90685448348472
90.3,2,6403.715756525315,119.19319296555307,79.93042430182439,63.71806296983763,47.81537889360847,592.5888214627392,148.22357074521506
90.4,2,6194.026681322208,109.38855892189383,70.95346201954273,67.67975756215553,47.70543416298623,593.4304996601313,131.3900067973725
90.5,2,6448.894268166622,119.87517798945748,80.9548997990492,65.90095557462887,45.80774606897585,592.4926128682052,150.14774263589402
90.6,2,6231.4649786491655,106.69503707259489,69.62464522487986,66.41806849353726,46.948609509102475,593.5548842083692,128.90231583261652
90.7,2,6130.928043817541,113.47544418360835,72.85455811324657,66.5039023541405,47.58878693119969,593.2524548941917,134.95090211616457
90.8,2,6257.8627990268915,112.89878165145585,73.9850395707547,64.73193979130173,46.964722713558096,593.1465298032246,137.06940393550894
90.9,2,6147.529249297761,128.15683302212307,82.50323701287441,64.43222816599234,47.075649012039776,592.3471482829664,153.05703434067254
91.0,2,6176.448761163126,115.61460313961229,74.7790861807869,64.23863454207715,50.199975359425544,593.072105463921,138.55789072157904
91.1,2,6283.18295412552,106.39743765429871,70.00668171164133,65.12883261174136,47.37030849491728,593.519128894239,129.61742211521937
91.2,2,6295.316494778045,114.6966025864907,75.61304727440225,66.2123794620397,47.881059922504754,592.9939196688985,140.12160662203087
91.3,2,6179.940597135846,124.22996769943131,80.39689770775809,64.62090770756349,47.82671744164689,592.5450188228049,149.09962354390245
91.4,2,6328.766847109274,97.22540295217833,64.43583581161589,65.9991028254019,48.15514681943139,594.0400813850048,119.19837229990435
91.5,2,6340.218380328772,102.11483470774887,67.79874790991991,62.376322212165405,47.07017766892082,593.7257123080708,125.4857538385852
91.6,2,6361.339955181238,105.74313625596923,70.44163217966316,64.70347562404919,48.776483745413145,593.4784159856889,130.43168028622176
91.7,2,6269.136476338366,103.88147126349813,68.19843900352132,66.51514113953596,47.95537767145589,593.6883263287538,126.2334734249248
91.8,2,6341.605084245202,103.88251362215298,68.98747678962958,64.85792788023186,46.207236942071326,593.6145079815933,127.70984036813502
91.9,2,6025.899484880129,96.5045398281004,60.897329099707704,64.01674093470497,47.36975792164444,594.3705027794216,112.58994441156801
92.0,2,6166.102770392236,114.89641682441568,74.19008381872953,64.17222967934609,47.288250851939424,593.1273132415362,137.45373516927657
92.1,2,6104.874499171573,94.55778463029823,60.45088273448054,61.27565671733544,47.22564946486715,594.412165045327,111.7566990934597
92.2,2,6188.686347597328,102.5751825581713,66.47669032115498,63.64408328495241,47.936807784507,593.8493399647832,123.01320070433576
92.3,2,6112.353442970174,110.77195310520455,70.90337208441653,66.07602235912219,48.0462143359594,593.4351893093806,131.29621381238735
92.4,2,6139.277593031349,102.72866966954784,66.04463629508746,64.05742724390025,47.912404253475344,593.8897307323621,122.20538535275978
92.5,2,6321.411214948642,95.58789164557659,63.27695080476305,64.14845154008593,47.71921413785145,594.1483375123455,117.03324975308874
92.6,2,6113.1255172733845,92.52196060211129,59.22932157358499,61.85722627247999,47.45077137630275,594.5261307113192,109.47738577361747
92.7,2,6154.288959928616,99.88756209593541,64.37509979256012,62.64803911806878,45.19905049619242,594.0457559714209,119.08488057158252
92.8,2,6077.713109167615,95.7495016979794,60.940405029295654,65.98290002959735,48.113564535026036,594.3664826322647,112.67034735470475
92.9,2,6090.827933885906,102.05320736965564,65.09259824778078,65.24554893551344,47.80973258057722,593.9787128564913,120.42574287017601
93.0,2,6067.107525347629,90.39146808968191,57.4298589810347,62.89798819039794,46.322617529216764,594.6939314658521,106.12137068295965
93.1,2,6091.06120436211,105.49547752417301,67.29075850025832,63.64851658362179,47.57425668095894,593.7732213407289,124.53557318542266
93.2,2,6140.133849851727,100.23363230110694,64.44955532319022,64.32065995470855,47.92820525941608,594.0387995513228,119.22400897354464
93.3,2,6165.908683816944,100.39253016638058,64.82269850978136,62.87095712018544,48.438404468730845,594.0039341041091,119.9213179178173
93.4,2,6017.808504536897,108.80879048671511,68.569497124285,61.8521671031746,47.76464915883663,593.6536143366047,126.92771326790535
93.5,2,6022.397601927688,95.33328797925284,60.123272931023685,64.01710778734618,47.56344092634975,594.44273376215,111.14532475699889
93.6,2,5834.059943035876,93.01308798261502,56.82553954818374,64.84650751118451,48.176405304326956,594.7502631164944,104.99473767011295
93.7,2,5911.049928863669,93.97505283652428,58.17090551224228,64.82102484958361,46.91119063588712,594.624840094019,107.50319811962072
93.8,2,5983.737635487743,96.19723132379568,60.27868004174574,65.11270693039006,47.61813665211818,594.4282333830961,111.4353323380783
93.9,2,5950.69758307497,96.66386881946772,60.23663056264135,62.149991832690304,46.57372939371435,594.4321569123024,111.35686175395108
94.0,2,5861.566857847064,91.2618724852942,56.018531035716855,64.03579907641333,48.294156068056004,594.825471651113,103.49056697773904
94.1,2,5897.7238024741455,82.71194214387586,51.083573073938446,63.59645440162305,45.563473840250715,595.2849645184508,94.30070963098501
94.2,2,5831.218542408705,92.76466744901684,56.646166978379995,63.766438719578005,47.97955771485544,594.7669812630752,104.66037473849497
94.3,2,5868.740503979131,99.0486109013558,60.872608726120546,63.569706542777396,47.17047621745066,594.3728098328622,112.54380334275538
94.4,2,5751.3637638845275,97.3434886277433,58.628173094237376,62.98428628734634,48.10841353238231,594.5821987289947,108.3560254201052
94.5,2,5658.306872599595,104.66773779568776,62.01945607252618,60.10869895624354,46.35305407669024,594.2657601190335,114.68479761932826
94.6,2,5691.301470121398,109.86188237882801,65.47676963363382,65.07771464908551,47.214468604555044,593.9428095648119,121.1438087037618
94.7,2,5347.379238842773,101.41297317894151,56.78885585657168,64.03323437422483,47.176317026748265,594.753682241111,104.92635517777899
94.8,2,5627.657452318989,105.7210564714356,62.30426356440414,61.810083884447614,47.5410887057763,594.2391694100951,115.21661179809826
94.9,2,5209.3093347334625,101.37827571779574,55.30363344636713,64.11323921551559,46.051478631341325,594.892079957445,102.15840085109903
95.0,2,5355.953143679743,107.96929479149168,60.557181220721844,62.963234231598236,47.72740922922815,594.4022458312942,111.95508337411638
95.1,2,5525.544392483007,108.96683111199278,63.05187583459305,62.952026141546874,45.23777255556761,594.169358053961,116.61283892078018
95.2,2,5490.13015474266,102.70156817003051,59.045707848785014,62.487767431347514,46.40861697783101,594.5432571592479,109.13485681504199
95.3,2,5295.692028982537,101.04229780370433,56.03437764001239,64.00953758969933,45.506841978329696,594.8239950237388,103.52009952522394
95.4,2,5299.076875088658,94.73685136751992,52.57118718690726,62.361077739285584,47.89122569012978,595.146528408329,97.06943183341878
95.5,2,5456.8055337582855,95.9814955401596,54.847218463867925,61.960603201616145,47.456893447385596,594.9345971023395,101.30805795320953
95.6,2,5239.801769527914,94.02481916451701,51.59242981154871,64.59113602651048,47.506880455348224,595.2376180456271,95.24763908745854
95.7,2,5457.375887681112,100.87859251361296,57.65161794243119,62.97492541901927,48.51843375170067,594.6732574979986,106.53485004002732
95.8,2,5201.994851012992,91.64873419365468,49.92579705823452,62.969448493587194,46.72402925554643,595.3926612789485,92.14677442102925
95.9,2,5198.2171812825645,95.53579544664788,52.00548635923902,63.934551082618604,47.644607775921614,595.1991796982968,96.01640603406508
96.0,2,5269.764926346121,80.59056744525851,44.4737831644704,62.25996969752222,47.09642075472575,595.8992827642772,82.01434471445509
96.1,2,5084.7840814244755,109.36225234641459,58.23292164611934,62.45709181799566,46.93986581619997,594.6190572935548,107.61885412890479
96.2,2,4932.790924570883,96.00159523235425,49.59064717131819,63.34386274935552,48.328754287873906,595.4238297199654,91.5234056006932
96.3,2,4972.805892949547,100.99846129630843,52.5950512705853,61.0858116087786,49.10036246129587,595.144307107726,97.11385784547929
96.4,2,4934.640402733342,108.29831170872741,55.963622002944206,63.159579954730305,46.583698034056205,594.8305881589017,103.38823682196448
96.5,2,4762.781945016275,100.49991052994415,50.12506995268057,61.94654429373317,47.845893208292296,595.374127637011,92.51744725978028
96.6,2,4822.192173564197,108.83165895368899,54.957678750769894,63.83944716220273,47.3286270981047,594.9243077831773,101.5138443364549
96.7,2,4729.7465937219695,90.37151072085368,44.7608199382857,63.42870755360014,47.33828711750171,595.8726318690277,82.54736261944572
96.8,2,4841.562838376197,116.20642176613957,58.91750121753549,63.23035500841951,47.252345130698906,594.5552149570215,108.89570085956962
96.9,2,4710.30750820745,107.41399875538102,52.98327057844107,60.765090295116266,46.67041053396151,595.1081687905281,97.83662418943777
97.0,2,4633.242449255375,101.66604357115764,49.327552506464905,62.530272493997124,43.417157689509025,595.448294828769,91.03410342461984
97.1,2,4602.969595047649,110.59214505611293,53.3078302245444,61.20290027908956,48.535926049360945,595.0779529875297,98.4409402494066
97.2,2,4587.104847500645,92.86826445700702,44.61024560866034,62.533027786784125,46.30569147276725,595.8866127487348,82.26774502530361
97.3,2,4577.302178112964,99.4772523167434,47.68282560129813,59.76094851838028,46.75850318847016,595.60119168806,87.97616623880003
97.4,2,4376.516793641345,112.07244297154561,51.36367107012362,60.652684575382885,46.779732683574494,595.2589037960961,94.82192407807815
97.5,2,4325.354300158498,89.37422954763117,40.48206112727021,63.891306424675484,46.21651642151241,596.2696591402384,74.60681719523109
97.6,2,4482.1394181707465,106.86316809428045,50.1582094321572,62.87050041304386,47.241183136670244,595.3710453426411,92.57909314717836
97.7,2,4291.029800617141,107.17637208179578,48.16030190356431,61.96661984253259,46.957582619558316,595.5568127547363,88.86374490527487
97.8,2,4148.768825230017,117.76125294328396,51.16232495828801,61.264664875669474,46.28663991244943,595.2776375617532,94.44724876493524
97.9,2,4278.900977862598,93.43535688157885,41.86702510989406,61.01840986329682,47.15408737976355,596.1412061921658,77.17587615668322
98.0,2,4234.374369348444,116.33614184878701,51.58607996537451,62.52446277871926,46.973676601025,595.2382089125703,95.23582174859484
98.1,2,3998.8395798907845,101.71787048521077,42.595121309302534,61.837085880336886,47.9368280426646,596.0736542133884,78.52691573223183
98.2,2,4120.291349991568,103.08274429107911,44.47771999041716,64.07100134172195,45.67120085909799,595.8989172526587,82.02165494682617
98.3,2,4122.975315704227,98.24705814477326,42.41885168651578,61.95930339281437,46.209116214820696,596.0900097324768,78.19980535046284
98.4,2,4043.6782586288086,99.78645490749383,42.254873393208115,62.217898376814496,47.743052428594105,596.1052239655928,77.89552068814487
98.5,2,4023.619143942866,110.83686543790743,46.7013805296521,60.448066031048704,46.381588193143784,595.6923909754669,86.15218049066243
98.6,2,3786.137240160074,100.84653218209885,39.98397239173248,61.64869364315824,46.12183183748965,596.3158423709651,73.68315258069629
98.7,2,3907.485176194413,114.44473674160523,46.829743772927024,62.26161462420313,46.43917233907235,595.6804646156619,86.3907076867622
98.8,2,3804.3510441763265,105.26049751214877,41.93480431096276,61.5700075564232,46.933039496264044,596.1349183615873,77.30163276825238
98.9,2,3744.9059393198013,102.05652911366309,40.02306333263398,61.40315838375535,46.941719463085384,596.3122180844371,73.75563831125874
99.0,2,3831.78902524004,107.50696209923188,43.13867454212832,62.34720657886365,46.8341448674082,596.023213881996,79.53572236008085
99.1,2,3848.6123965053343,114.21914600943109,46.033256723537086,63.74214895923041,46.02106720680269,595.7544592732719,84.91081453456218
99.2,2,3838.2560620245363,110.58734964885608,44.44961588237382,62.06821719870087,47.82864387530555,595.9015265473572,81.96946905285472
99.3,2,3753.1553681057158,113.44031951760559,44.58539331609047,63.23762066879496,48.387880202367484,595.8889202293667,82.22159541266592
99.4,2,3579.0622036184377,118.75106331196666,44.507722483361896,62.58131664947204,45.15772946782569,595.896131679129,82.07736641742031
99.5,2,3585.045634532584,122.13539193043353,45.852691843958624,63.107871209874304,45.521436760388745,595.7712314057185,84.57537188563151
99.6,2,3587.2776953177663,113.07200170145926,42.47649719916583,61.04669646447396,48.08497433787964,596.0846610811143,78.30677837771304
99.7,2,3489.704592430013,108.62006299795956,39.6942255672568,61.5022235410844,48.659373667735466,596.3427046431304,73.14590713738994
99.8,2,3455.2768189059398,117.15126992281272,42.38951671935227,61.47985041427987,44.968177480053626,596.0927315466573,78.14536906685362
99.9,2,3486.696816661648,120.60351040300971,44.03548177970555,62.35182254885705,47.92089038526072,595.9399737008878,81.20052598224561
100.0,2,3369.3437208344394,107.77492285819633,38.02696422127564,62.62076836773205,48.751748622254375,596.4972282525898,70.05543494820245
100.1,2,3273.2011680576557,112.45677862066567,38.546677845943336,61.793998373733324,46.26018781861336,596.4490692645286,71.01861470942708
100.2,2,3271.6107080642287,114.34708315790434,39.17557050880783,62.67051449263172,48.711314799306045,596.3907827950959,72.1843440980831
100.3,2,3340.72402538899,118.61562757196465,41.496467647406035,60.91748496729739,46.96301412673237,596.1755801970979,76.48839605804142
100.4,2,3251.337213449176,115.43009381302724,39.30155024565455,62.63143516732287,47.465320454031044,596.3791054752792,72.4178904944165
100.5,2,3254.9737079215006,126.3908433065634,43.08158912028996,62.763938709681206,46.441437464434465,596.0285116651188,79.42976669762402
100.6,2,3258.978369862988,110.88645651067695,37.84326521256625,62.33443681391254,48.17199808497198,596.5142487530663,69.71502493867433
100.7,2,3133.4581051854825,111.74112043036297,36.66616869206726,61.65940988316649,48.01603069160325,596.6232886113121,67.53422777375931
100.8,2,3215.7512438382705,121.13395583704653,40.79218460393821,62.33185273655586,48.91720601642487,596.2409005785794,75.18198842841116
100.9,2,3155.8403980371418,122.90823470388408,40.61857005450641,60.38101409647847,48.64432999089138,596.2570006541036,74.85998691792702
101.0,2,2979.597804823757,114.6158667662421,35.76275822585053,61.670307429019246,47.20610518197573,596.7069484934485,65.86103013102957
101.1,2,3212.09798039582,121.2049923468634,40.76973708428457,61.77183944377025,50.33547182443235,596.2429822895532,75.14035420893606
101.2,2,3006.807095357416,123.29143343712931,38.821032893450955,59.795265446275714,48.59002792125906,596.4236431438045,71.52713712391005
101.3,2,2877.571309519652,123.9841679648101,37.36121099342836,61.940148179477454,47.792196120329244,596.5589084973714,68.82183005257275
101.4,2,2917.084582489056,128.43031479745665,39.232428050062744,59.852535099740564,46.26727188437762,596.3855126101163,72.28974779767441
101.5,2,2902.0540948344933,123.35673880330506,37.48840825748653,60.81859591002268,45.74743973603652,596.547125004593,69.05749990813888
101.6,2,2987.8295108891393,138.9434349302956,43.47328533693343,61.36130320367211,45.8457893472447,595.9921585929603,80.15682814079469
101.7,2,2941.8039441692085,132.61634362464318,40.8544523926614,60.4187124936695,46.37079354887727,596.2351259870022,75.29748025995559
101.8,2,2921.8897701575793,124.13839484504868,37.98381406770571,61.37718299515698,48.69569911961523,596.5012263870542,69.97547225891594
101.9,2,2999.945577345501,131.0274147663199,41.16272962298928,61.34102633847554,47.81971687303238,596.2065353080118,75.86929383976553
102.0,2,2961.6551350947184,131.79938278067365,40.87676147862542,60.260499451293626,46.733778779699016,596.2330570591017,75.3388588179655
102.1,2,2948.782943251252,139.9870055018499,43.22740323375005,61.91036770800782,47.22609787022552,596.0149792733293,79.70041453341423
102.2,2,2948.170556629466,127.82065077205674,39.46228664706642,60.29641470837218,47.11932468630852,596.3642058210124,72.71588357975133
102.3,2,2959.32223884819,137.92023192116434,42.74141093602283,63.944100821296914,48.19251360158702,596.0600797603267,78.79840479346399
102.4,2,2693.1461206402705,133.35301766090853,37.60896511832748,61.052812578014986,46.52934295627837,596.5359562433312,69.28087513337573
102.5,2,2852.435911237753,143.9973148012454,43.01291809115837,59.76481789456662,47.77378911905907,596.0348845189264,79.30230962146993
102.6,2,2674.6195036128865,143.07354997174684,40.0728267028666,59.975874074900325,47.74043299928121,596.3076042476928,73.84791504614441
102.7,2,2880.854080995229,135.88129866401832,40.99298731395616,62.521425158089784,46.60800439834492,596.222278128558,75.55443742884108
102.8,2,2873.6637033838433,133.11531299395492,40.05830585423472,60.641123505972054,49.061682505470344,596.3089505631466,73.82098873706809
102.9,2,2971.0694638553946,138.92965164002138,43.22513620928964,59.4838996209103,47.19518637734249,596.0151896710254,79.69620657949349
103.0,2,2983.150566080388,134.53522368635868,42.02810386123554,62.13371729288429,46.51536373362252,596.126262807114,77.4747438577208
103.1,2,2889.087067222384,147.95792237588867,44.76385419610226,60.59995546155769,48.37862337540856,595.8723501303268,82.55299739346242
103.2,2,2822.678130977454,137.12450490828343,40.532654710179344,61.87266715969978,47.598139840871575,596.2649676554422,74.70064689115475
103.3,2,2917.55547900945,134.09682616649687,40.97002605336858,62.201701190941144,47.97024281129166,596.2244076159109,75.51184768178246
103.4,2,2823.401188478623,134.06144135844752,39.637394175692094,61.39937606121773,46.395572307872825,596.3479731652264,73.04053669546988
103.5,2,2876.3152814386804,129.11089443575312,38.88910930142556,63.936647171846715,48.411371321762516,596.4173337587883,71.6533248242331
103.6,2,2973.8002851007345,141.80210905090567,44.15939420744079,58.983947343665186,49.790349698335156,595.9284705109189,81.43058978162117
103.7,2,2831.542827095008,132.45052334657106,39.27402672736102,60.06472070731661,46.37431508948554,596.3816567258366,72.3668654832693
103.8,2,2966.1958901430817,146.14212045485576,45.39456421613155,60.73228648790286,48.0108442239778,595.8137812457996,83.72437508400594
103.9,2,2959.8130344331494,129.64883153898197,40.18477152235844,63.746544406327764,46.89106929769027,596.2972249629577,74.05550074084658
104.0,2,2811.2021245005753,139.8139335013061,41.159599911254546,63.18499348728128,50.385983438918004,596.2068255819903,75.86348836019397
104.1,2,3001.483700722988,147.1780273943749,46.26020842193926,62.568619217857304,48.956260861930865,595.7333770586047,85.33245882790652
104.2,2,2982.95724018373,124.24310009246443,38.81038269624034,60.064586974857384,48.01923712869964,596.4246302018719,71.50739596256358
104.3,2,2934.442994592106,153.59802756919774,47.199775600995224,60.20040992615319,46.53001186090854,595.646081888817,87.07836222366154
104.4,2,2861.0058946877325,136.6333231356444,40.935867830816015,60.015594315690095,46.79281868690711,596.2275755104719,75.44848979056269
104.5,2,2860.9311867355436,140.71681116822802,42.15819562876237,60.06674006057822,48.54638826368276,596.1141935551102,77.7161288977959
104.6,2,2901.031608409658,143.8266680075329,43.693868578242366,62.79563137823688,46.45910179891798,595.9716844399248,80.56631120150314
104.7,2,3013.5962168731817,144.98526661407664,45.7548937827891,60.709946650096335,46.51219927729457,595.7803151785113,84.3936964297734
104.8,2,2881.5533650238317,141.87377559323974,42.81120099353819,60.86729878505304,47.874100017625516,596.0536036077694,78.92792784461221
104.9,2,3024.4984474879625,146.9708364139907,46.549299477665016,61.92953829748056,48.02087514975973,595.7065203585234,85.86959282952989
105.0,2,2875.835076219658,143.63349499045268,43.25619581657833,59.00376643115923,48.2899112791528,596.0123070822294,79.7538583554126
105.1,2,2985.513371897128,152.31531230827224,47.620198783109686,61.06344913869541,47.49300517110929,595.6070120301066,87.85975939786795
105.2,2,3026.606331802225,143.61288082540415,45.517452572779554,59.68485050821827,48.875554333357734,595.8023682586563,83.95263482687483
105.3,2,3259.919887134584,153.65481186044937,52.45437425178212,60.649169293501366,47.11669460512705,595.1574012702838,96.85197459432288
105.4,2,2908.3441496798046,146.1340753105821,44.50675284744393,60.30068101675465,48.628476881770155,595.8962217051296,82.07556589740761
105.5,2,3190.6622709676512,127.0888926127152,42.46362348129282,60.241275430989624,48.239495538572655,596.085855580192,78.2828883961622
105.6,2,3076.724310916513,157.88803826474606,50.87054961398788,61.28056452590628,48.64978281712249,595.3047829893283,93.90434021343367
105.7,2,3113.2174860414234,135.4497600033119,44.15870399942548,61.27888369674872,49.25510458947954,595.9285345863916,81.42930827216901
105.8,2,3097.026784035357,149.77763765124203,48.57586643178752,60.7537509966717,47.641958304091425,595.5181827737538,89.63634452492329
105.9,2,3139.583755984692,139.31401518672882,45.803166248368065,61.46701138857399,47.46060588254109,595.7758315241899,84.48336951620263
106.0,2,3094.172218549484,146.35087516171143,47.420750631279105,59.98505307413437,46.45788840195346,595.6255473585269,87.48905282946225
106.1,2,3258.195103402018,133.88002454093242,45.67951539638367,61.85103921484533,46.1520820869776,595.7873163553202,84.2536728935977
106.2,2,3087.798527794032,142.83529449116867,46.186293209902516,60.79198766683849,48.02011261085571,595.7402434263445,85.19513147311045
106.3,2,3249.6086448572623,136.41826794728678,46.422893965871005,60.4658645230773,48.11376429349436,595.7182637923074,85.63472415385036
106.4,2,3091.460676419461,148.95921693538165,48.22361075731472,60.09992776114148,47.160599511764545,595.5509280264408,88.98143947118342
106.5,2,3157.293782680166,140.67282070406316,46.510799850408745,60.7718813444643,47.401170668191405,595.7100971334607,85.79805733078388
106.6,2,3071.20413802277,143.83034545007598,46.258103742387235,63.31478692286258,49.82150142273114,595.7335725754187,85.32854849162504
106.7,2,3225.9401455094885,121.78778649377523,41.142308877389645,61.00304543603068,49.1998511813771,596.2084292827694,75.8314143446114
106.8,2,3329.2913549455393,135.97620560252398,47.40709451600159,59.71527950298443,47.08855215302829,595.6268164206908,87.46367158618227
106.9,2,3193.537059173895,139.0696340794484,46.50855968932908,62.20122700703345,47.93413952696125,595.7103052523778,85.79389495244413
107.0,2,3190.625228528553,137.3636782213268,45.89615719772575,60.54294787338087,48.80899685649919,595.7671941257247,84.65611748550714
107.1,2,3111.41933651515,142.11151076829017,46.30377730822692,61.46092699552922,47.80322485693132,595.7293296439092,85.41340712181636
107.2,2,3203.013196795313,132.38996162510517,44.406076448784276,60.40531282512231,47.647834486071076,595.9055688722793,81.88862255441336
107.3,2,3080.4537127242447,134.84395326711254,43.49855015606317,62.681256579823625,48.14530719677921,595.9898136281803,80.20372743639427
107.4,2,3151.4810101760554,142.30589715417597,46.96412227868047,60.448172486381694,49.601403340483934,595.6679788562699,86.64042287460347
107.5,2,3265.6247552694795,117.60552616198656,40.218199754491636,62.8478004428477,49.71949654613211,596.2941254981243,74.11749003751311
107.6,2,3374.682135817763,137.1854898418996,48.48078784830854,59.925074464577165,47.83016152861373,595.5270215190062,89.4595696198769
107.7,2,3520.94802077993,130.21166725516545,48.010710317661115,60.84704390875671,49.05382984104189,595.570717229642,88.58565540715972
107.8,2,3202.428457214404,125.63710090259585,42.133347059588225,62.8933974554278,48.61469165636915,596.1164989168822,77.6700216623567
107.9,2,3397.956692980832,133.83976475029732,47.624630814185466,61.430607427156225,47.64084379115012,595.6066001346665,87.86799730666985
108.0,2,3287.562562307143,139.523434628095,48.03411603569511,63.97047654869099,48.38012878845542,595.5685417211744,88.6291655765126
108.1,2,3252.1814421265362,137.6398411331362,46.87567644610435,60.93818941086645,47.44123819134167,595.6761968472981,86.4760630540377
108.2,2,3309.1201407981994,128.84239827319155,44.64778858804549,61.586569572365406,49.89693865366784,595.8831269316563,82.33746136687387
108.3,2,3274.699656622776,135.32909789283482,46.407831868266925,63.581775281687456,50.314905340296704,595.7196630731835,85.6067385363292
108.4,2,3279.4113664668907,134.67505611935863,46.24999400347261,59.496882192449824,48.38054581032899,595.7343259384522,85.31348123095427
108.5,2,3229.544232835151,127.37619210081786,43.078256384218115,59.366797827696146,48.1708577410568,596.0288209550414,79.42358089917207
108.6,2,3134.228821157404,122.51558055051419,40.21153392436974,60.39650775790745,49.903479060147895,596.2947435563118,74.10512887376399
108.7,2,3118.4164156149936,122.29061537610883,39.93519931541655,62.34669430331802,50.094107365150585,596.3203642670762,73.59271465847655
108.8,2,3324.42749173722,131.96371360113991,45.94095423456424,59.45886282205917,47.792743868452334,595.7630330946611,84.7393381067775
108.9,2,3232.688279355188,125.15720654940755,42.36900917946935,62.12768573945452,48.78842729050635,596.0946343023908,78.10731395218454
109.0,2,3198.2510034700445,117.47509833813474,39.34476720648104,62.06432074517367,48.90696688813643,596.3750995006826,72.49800998634782
109.1,2,3250.894864914453,112.34376448429923,38.24551513262268,63.871087734607,48.2246757192411,596.476977301166,70.46045397667967
109.2,2,3320.1207704334956,129.29399768230144,44.95322596311379,62.73044664828475,49.411090563881025,595.8547659401472,82.90468119705679
109.3,2,3255.567071586129,118.9717023548744,40.560092899893775,61.93526642798636,48.35492731940563,596.262423312574,74.7515337485197
109.4,2,3169.2610370873813,124.43510321047776,41.298049622751186,63.152400720986485,48.544479337693275,596.1939843993364,76.12031201327227
109.5,2,3340.5714875079743,130.11950658036898,45.51890390653343,62.191652108396006,49.01336515033861,595.8022334665795,83.95533066840926
109.6,2,3365.9290963909666,111.59485980044037,39.33487479902853,61.01689803829128,47.65571047732955,596.3760164772286,72.47967045542623
109.7,2,3254.0809446744674,119.7544212294174,40.80830212712496,60.21995580721641,47.118478154264,596.2394058821526,75.21188235694922
109.8,2,3290.1613701412566,118.18653240611285,40.720566160174535,60.935227875348986,50.1234529336317,596.2475421922272,75.04915615545542
109.9,2,3305.604940761932,121.34923682911452,42.00651149829495,61.595842294942514,48.495193781541886,596.1282659890408,77.43468021918375
110.0,2,3284.3416587781253,126.67411998894306,43.56772099841141,61.87989506749734,51.4008010915292,595.9833934123862,80.33213175227388
110.1,2,3224.112625405087,108.00280059764438,36.46480029892596,59.13405514727617,51.26827556971741,596.6419382757857,67.16123448428561
110.2,2,3210.8555062683918,120.60719421129549,40.552963263951916,61.459706297288676,48.82053681258498,596.2630844456955,74.73831108608806
110.3,2,3191.090234373416,123.15028353194862,41.153153388834376,61.784834658525014,51.69672001989842,596.2074234820732,75.85153035853637
110.4,2,3024.679571519087,113.93802941388782,36.089153468133446,62.435405306345736,50.32596358276435,596.6767255444432,66.46548911113541
110.5,2,3182.218685978504,113.59631281886305,37.85496722960968,63.7588082192805,48.7738643495272,596.5131645401698,69.73670919660321
110.6,2,2973.116371748344,116.80675666200854,36.36708499445564,62.058178038983826,46.86819120541236,596.6509877225899,66.98024554820336
110.7,2,3012.273282994639,115.61456823450455,36.469982045177346,60.77312167712993,50.16909918588375,596.6414583848364,67.17083230327376
110.8,2,3197.0418867043804,116.60529073394311,39.03868681315057,59.71255869400971,49.5432099465577,596.403470303687,71.93059392626083
110.9,2,3138.0982890957866,115.7911593519455,38.051393189104715,62.74877417109209,49.97429920493566,596.4949647304129,70.10070539174308
111.0,2,3184.316403800197,104.32781998444165,34.78924186448855,60.91201019675237,49.34517511224359,596.7970740998956,64.05851800209007
111.1,2,3001.6345694298843,117.4796312385382,36.92742383396199,63.02611699663804,48.4612747421679,596.5990908085587,68.01818382882743
111.2,2,2902.1367615590775,118.06874197626874,35.88239546357428,63.6942545924741,49.209268694126166,596.6958709009846,66.0825819803074
111.3,2,2972.6760565628915,110.56532666186693,34.418754963835376,60.19633521894654,50.37413621458546,596.8313656225899,63.37268754820116
111.4,2,2988.9227510788396,98.17376843972073,30.72831673212098,62.74620378388156,49.34436359384872,597.1727291471823,56.54541705635438
111.5,2,2970.2762547395732,107.20898906372936,33.34699175578061,63.66541708512236,49.36959417313063,596.9305435716008,61.38912856798356
111.6,2,3053.880969050121,108.76226030834631,34.78235217978265,63.370280976457394,48.24192761888924,596.797711831415,64.0457633717017
111.7,2,2895.1728249609096,98.78888718898415,29.950991576861725,59.66536453253424,49.88384403973094,597.2445813167171,55.10837366565738
111.8,2,2946.1895184681293,103.69084406542298,31.9911393693746,61.19064226798877,48.712063206441485,597.0559628918343,58.880742163315745
111.9,2,2802.057799368138,95.76857997434331,28.10145166698513,60.71322804494719,50.7738922385189,597.4154740327438,51.690519345123676
112.0,2,2922.005392608302,109.31977002447071,33.45094108971151,62.91244317878949,49.15265189022609,596.9209258436697,61.581483126606145
112.1,2,2862.8238977264623,105.67773202394892,31.681572981474066,62.81550651258393,49.62244787042871,597.0845910372786,58.30817925442602
112.2,2,2774.6941620033363,92.45619007182913,26.86455997424382,59.11768660936419,52.113543672696856,597.5297048634648,49.40590273070484
112.3,2,2807.054294900125,105.91139299395357,31.133081679915033,62.030200913914776,49.67439956158259,597.1353077580789,57.29384483842409
112.4,2,2795.666341327942,102.54440103783678,30.021052116865622,63.38850039824531,49.571814731919766,597.2381059721827,55.23788055634782
112.5,2,2771.4161507494787,106.05855079317679,30.780526917468393,62.64203728353621,50.62942593906787,597.1679024680861,56.641950638277194
112.6,2,2949.528697873714,99.22196316044098,30.647077005132633,62.677203600833,48.289951752462294,597.1802393666976,56.39521266604902
112.7,2,2756.3614579817176,95.88720066292872,27.677408681807872,62.10129170658551,51.35742422997163,597.4546406752487,50.90718649502605
112.8,2,2727.337919594508,95.65279627372801,27.319027747901114,61.30653534106694,51.13194461362773,597.4877384352943,50.24523129411364
112.9,2,2536.415452300773,96.84939821189599,25.724440326142474,62.595153162918116,50.6938308432696,597.6349596617463,47.30080676507555
113.0,2,2636.2989676527636,100.33340179981852,27.69930132730523,62.71685910968786,46.82363755881444,597.4526186918374,50.947626163252835
113.1,2,2682.280991816482,100.8399366239332,28.32470882019461,63.431746097781286,49.97265729485029,597.39485085921,52.10298281580094
113.2,2,2628.6286116401916,98.08974649429894,27.001100220784096,63.56869688920403,48.990511259375744,597.5170970966074,49.658058067852835
113.3,2,2812.0838050329853,96.10043856293763,28.29972705522227,62.875745264376135,51.41876387908637,597.3971585977592,52.05682804481512
113.4,2,2652.7522369124067,96.26143016299662,26.740998345433553,64.12677008875835,51.37846547965762,597.5411137584595,49.1777248308108
113.5,2,2779.0229167784464,115.95192996640442,33.74416824692143,62.403488442987886,50.745125840417934,596.8937938414977,62.12412317004578
113.6,2,2651.3179079834235,92.69872878526013,25.73737211686329,61.161431614752765,49.18517714984438,597.6337660194113,47.324679611775764
113.7,2,2638.499240341342,93.90359417512907,25.945844249120764,63.50792913503696,51.9137123737137,597.6145227675158,47.70954464968213
113.8,2,2616.7396620704435,120.60189606903552,33.04785456590417,63.12865989095523,50.18824084644565,596.9582189720638,60.83562055872335
113.9,2,2616.488682989498,100.2477162002309,27.467679172448324,63.615193443987756,52.286907472022676,597.4740103919277,50.51979216144673
114.0,2,2771.1392465695876,87.41689198018075,25.367772171501905,61.543732120598115,50.777905085748486,597.6678792953703,46.64241409259262
114.1,2,2380.0213711389274,102.77234934294812,25.614492712419352,65.25254944461986,51.05025144818988,597.6451079566509,47.097840866980505
114.2,2,2403.6041980099126,90.32089823076205,22.734207510616002,63.99903505797421,50.11400486040203,597.9108385393135,41.78322921373024
114.3,2,2536.3823735357964,102.89326179198325,27.32941146269266,62.8439868415404,52.01206765895711,597.4867795139245,50.26440972151022
114.4,2,2584.4910038921635,94.91294452837407,25.68792885317032,62.11049847862571,51.24428244432096,597.6383297522984,47.233404954032494
114.5,2,2644.7203261734967,93.19228556048111,25.810019581783692,64.56938891744356,52.10940700343405,597.6270603556504,47.45879288699257
114.6,2,2621.10190770301,107.43763135287458,29.48960459823888,61.998742286628385,50.87465016944376,597.2872214795682,54.25557040863623
114.7,2,2537.62723350874,100.06244624734695,26.59056469499234,66.0788588122671,50.680587525763855,597.5550032545473,48.89993490905567
114.8,2,2669.909227088071,102.85433803672247,28.75727481193398,62.67401902525515,51.3531937696306,597.3548889044675,52.90222191064913
114.9,2,2670.9580131418356,99.05529342859353,27.70597052442314,65.51939917877488,52.23095840731806,597.4520027285571,50.95994542885933
115.0,2,2591.605178050646,92.8888883334483,25.209325297689695,63.27863145791274,51.835420038053876,597.6825024021241,46.34995195751685
115.1,2,2667.662762309339,100.29033661376135,28.01680668394564,65.44237728250866,50.98708759244071,597.4232926610921,51.534146778158174
115.2,2,2605.280599775885,104.50791972336924,28.512304894924583,62.709389421299605,49.02173024465038,597.3775207391074,52.44958521785293
115.3,2,2530.30231579305,97.04080308335512,25.71315767286135,63.65984982991076,51.7193233720059,597.6360010799328,47.279978401343215
115.4,2,2655.3095462043693,108.78497480150703,30.249116203201872,64.64921902060537,49.500121440315574,597.2170261747731,55.6594765045395
115.5,2,2606.0221340565854,102.22426692932032,27.89720686439293,64.52454006533725,51.003617946180306,597.434339705459,51.313205890820655
115.6,2,2603.2730591207405,97.87355833237011,26.68171370794579,65.09773830446483,50.882525735673894,597.5465875695581,49.0682486088383
115.7,2,2751.853308546168,98.29023695447228,28.32463222173557,63.23887796537648,49.61009369903627,597.3948579351672,52.10284129665638
115.8,2,2389.0203315749864,97.65183035794348,24.430302907812354,63.972873589594414,51.429822814361906,597.7543881530647,44.91223693870552
115.9,2,2498.2639596589956,88.11486741594231,23.052399263556538,65.41666232989569,53.24097906005884,597.8814943158579,42.370113682840156
116.0,2,2532.428447086178,96.44625127084639,25.577091270118235,63.12001018255826,50.803278219375855,597.6485600751811,47.028798496378386
116.1,2,2624.1153721550063,98.8489284803952,27.1633612406543,64.70130982016818,51.910863474444994,597.5021136465082,49.95772706983644
116.2,2,2649.032866119211,94.63232146159278,26.251580679691674,63.79942978000619,53.52964815187229,597.5862991758186,48.27401648362866
116.3,2,2545.790712790847,100.17313736588527,26.70561548628173,64.3578449938068,52.065417295479016,597.5443807060801,49.11238587839762
116.4,2,2612.3314129310857,98.24295727823338,26.875609224087064,64.26083749627395,50.586674631131025,597.5286846246942,49.4263075061167
116.5,2,2642.2415691314045,103.8136997055473,28.724720229491673,63.262220471331545,51.497111547410185,597.3578965971969,52.84206805606232
116.6,2,2976.737090589836,103.3630397064951,32.22065534724216,63.944307932843984,51.769317563086645,597.0347358838358,59.30528232328356
116.7,2,2934.8608700716104,100.23374841900713,30.805630913360165,64.48022910126559,52.75064983929699,597.1655816491007,56.688367017985684
116.8,2,2746.1375263925297,89.85429539984165,25.83983545755484,64.23239796785252,52.55904196672258,597.624308182335,47.51383635330171
116.9,2,2773.406155921794,112.33928653672787,32.62674544064989,66.29248659326274,48.60311543417292,596.9971745304746,60.05650939050838
117.0,2,2722.5876367230085,99.20838913375313,28.285175907564593,65.66686169630489,50.54465136221589,597.3985027797355,52.02994440529096
117.1,2,2675.4141132400387,100.05038455186883,28.03098725315828,64.85277263691175,51.35853243391581,597.4219828210603,51.560343578794345
117.2,2,2871.6012155952985,98.65106271803693,29.665694125641508,63.63906559601424,50.44081867849916,597.2709484734144,54.581030531711576
117.3,2,2815.0042698001,98.07867487567111,28.912274959621758,63.61621675952632,47.78340108805032,597.3405681432607,53.18863713478663
117.4,2,2929.8934449892986,112.77109653273261,34.60017118085288,67.02397413926018,50.785098383808204,596.8145745972723,63.70850805455348
117.5,2,2815.127455809581,112.14596105659848,33.06056851428273,63.49404225120076,51.53416482135994,596.9570427628682,60.859144742634044
117.6,2,2924.9694786310133,106.0507174946125,32.48355615315451,64.89318210595636,51.03938066891994,597.0104193834859,59.791612330283215
117.7,2,3042.6810018276833,102.69863788186454,32.72274471721413,65.24047116932552,50.59444043635084,596.988294371276,60.234112574480605
117.8,2,3095.5256613115416,108.31049812062508,35.110222341449415,64.48465726766675,51.659392142752765,596.7673615886962,64.6527682260762
117.9,2,3133.514055267724,105.03262369202015,34.46549174102181,63.706639275524466,51.9873820957761,596.8270399788086,63.45920042382886
118.0,2,3002.44321747406,103.73716402130388,32.61653271804858,64.01856557910341,51.20188289375664,596.9981192157445,60.037615685108676
118.1,2,3244.008760122728,108.08350434493452,36.71724213191018,64.35590729533953,53.06822673043648,596.618558275829,67.62883448342222
118.2,2,3122.576176524038,104.04404124291321,34.02192418939593,64.21170198415405,51.78001418561449,596.8680910877374,62.638178245251765
118.3,2,3295.328194835783,110.32491049141727,38.07157782559785,66.7078407702192,50.87641409229404,596.4930944634758,70.13811073048373
118.4,2,3271.6019862790017,111.42638148643024,38.17482970922678,65.15520507425234,50.64882675179654,596.4835271715924,70.32945656815059
118.5,2,3180.0240830006433,115.66533642267272,38.51786904916655,64.5892663534217,51.58563611375044,596.4517390212563,70.96521957487198
118.6,2,3319.63825115329,108.56825516163735,37.741767623206904,65.39793450982859,52.937071176002036,596.5236525207043,69.52694958591337
118.7,2,3423.9752520585457,119.33937398158342,42.7900693469894,66.12296922418237,51.02480643494647,596.055564529071,78.88870941857817
118.8,2,3487.7422658222426,109.49850742811905,39.99274386145339,64.95979018490938,52.46901654138813,596.315029134752,73.69941730495952
118.9,2,3456.980531986371,113.31633061897526,41.02211564987796,66.50769180174676,51.992130470120884,596.2195766684827,75.60846663034795
119.0,2,3657.3381162942105,115.11004240030026,44.08663422157315,63.95198155443385,53.91503494200181,595.9352251090652,81.29549781869514
119.1,2,3649.519469368907,112.8022505958989,43.11040148892984,66.93502279194712,52.33607110130525,596.0258377599621,79.4832448007594
119.2,2,3571.9131827094716,128.9154754207383,48.220817312254624,65.57086797561175,51.2713976823157,595.5511876871462,88.97624625707635
119.3,2,3710.5086556785,116.52608060044899,45.27778845367137,65.57619419225978,52.729581743144465,595.8246261311293,83.50747737741358
119.4,2,3866.3308628104232,119.92426972978429,48.555084775526744,64.85443021299561,52.7866039197332,595.5201147115824,89.59770576835012
119.5,2,3912.620306825962,135.1146429304257,55.36033894696368,64.26490006216918,51.64271949006556,594.8867971523687,102.2640569526277
119.6,2,3653.806773990231,123.84492078001503,47.38625577477119,63.79061540837552,50.89865969212025,595.6287529534548,87.42494093090613
119.7,2,3726.8352628649504,128.0355514563089,49.96885412393564,64.92761420186962,52.621389288357484,595.3886567974791,92.22686405041713
119.8,2,4000.566642536316,123.78246904721766,51.85722447371687,66.60049576530604,52.171339292000006,595.212977275718,95.74045448564107
119.9,2,3803.817834947296,138.21125311419195,55.05436184521813,64.79410697265318,50.61351289493429,594.915301507822,101.69396984356013
120.0,3,3823.737299687203,139.82070017294237,55.987121326894986,67.14186217713083,54.906589271689185,594.8283984667662,103.43203066467481
120.1,3,3948.3406160976065,140.577376688767,58.12442425620315,67.96148054757589,54.03684466216638,594.6291742438166,107.41651512366843
120.2,3,4079.684294830655,140.67615823616836,60.10016636029882,68.64291211841162,53.17976642002873,594.4448896773833,111.10220645233312
120.3,3,4075.3093434465436,138.933981440562,59.29221567438534,68.74245232819581,54.364542273315124,594.5202640769508,109.59471846098381
120.4,3,4068.505688823978,136.24957388449286,58.049528725479504,69.05470677875469,56.02062442412572,594.636157751631,107.27684496737993
120.5,3,4111.4867340688725,135.71195571741856,58.43130963522077,70.50080739647697,55.96656887357678,594.6005575038535,107.98884992293097
120.6,3,4153.005888436295,151.93702295608927,66.077678639214,70.81305792335635,55.725813488281396,593.8866419497945,122.26716100411068
120.7,3,4182.136955826607,149.74590993349406,65.58157433991327,71.77274599210534,55.06859836438777,593.9330141282369,121.33971743526331
120.8,3,4527.287995921282,141.01664209082332,66.85549508760673,67.4685004366233,55.41521461433661,593.8139226602998,123.72154679400523
120.9,3,4383.428016387732,147.61823005868092,67.76141882014666,68.44348086218898,54.937859578888805,593.7292037230418,125.4159255391653
121.0,3,4483.786850846421,146.69963644100045,68.88150294713277,70.36082450480997,53.75370523634061,593.6244234321658,127.51153135668346
121.1,3,4397.171547008072,142.35466029123506,65.55015400466212,69.0298482938343,53.97253656466388,593.9359508235715,121.28098352857023
121.2,3,4469.72696082293,152.93731396271082,71.5851716839513,70.6596099316406,54.28987916020428,593.3713496723464,132.5730065530729
121.3,3,4462.995553420258,150.2161255113762,70.20557945873301,69.92711397830932,56.31717791999316,593.5005120595031,129.98975880993953
121.4,3,4321.855054020491,147.87612105017573,66.9263076506767,71.62546019485622,56.01100341031214,593.8073013879402,123.85397224119629
121.5,3,4485.39775290441,145.5970289127597,68.38834467719259,71.03343166192039,53.87266200188226,593.6705614189314,126.58877162137401
121.6,3,4486.362495400276,146.39848814770218,68.7795881851144,71.10706368545128,55.02388861804173,593.6339587787329,127.32082442534079
121.7,3,4486.191002822292,156.12567371181424,73.34672103262884,69.39117777116547,54.58557737939812,593.2063443768272,135.8731124634562
121.8,3,4627.363357366176,159.49624585562051,77.28810987286565,69.8199535577667,54.85049814490333,592.8368155755625,143.26368848875177
121.9,3,4907.215401599677,155.31610235603935,79.81421068795781,69.6219825528148,54.486695260173704,592.5997330968604,148.0053380627919
122.0,3,4816.933979581281,167.3340698295972,84.4080147355117,68.2324878817089,56.44529245019507,592.1680971505176,156.6380569896478
122.1,3,4982.928125951579,163.63949979434543,85.38889317553073,71.85683931357734,55.03727854292859,592.0758507182219,158.48298563556227
122.2,3,4937.866363841975,169.43907094277543,87.61561457816582,71.03621912116515,55.288645822317356,591.8663311225841,162.67337754831715
122.3,3,5010.966099696149,165.40554686352394,86.7960881319964,69.77863473899578,55.312769059353144,591.9434605682608,161.1307886347845
122.4,3,4888.112915481708,162.4430460918354,83.15166929009717,71.80896044477625,54.076478654377624,592.2862072730811,154.2758545383765
122.5,3,5059.798683481929,169.99995084969683,90.0763234023079,69.53765404941602,55.22825491806664,591.634619792321,167.30760415357963
122.6,3,5114.802891458077,161.591403490873,86.55173398464748,68.13883774092999,56.19718315314027,591.9664539302825,160.6709213943509
122.7,3,5025.549575154875,175.41537417186038,92.31660690928277,71.60379923366848,56.622433485175975,591.4235044759232,171.52991048153694
122.8,3,5167.427106445469,166.26808113951006,89.97292959989868,68.91088670498316,54.0165131261927,591.6443595195457,167.11280960908653
122.9,3,5201.162853975685,180.42369182882697,98.27037997131886,70.26027340253165,53.66002027714053,590.8617000792722,182.76599841455777
123.0,3,5127.418728211109,172.77342283755394,92.76931301288653,70.79243262081526,55.254755774153516,591.3808246938909,172.38350612218255
123.1,3,5104.34540431702,183.70501720818325,98.195071431654,71.05735496017685,56.31551317317274,590.8688130495502,182.6237390089966
123.2,3,5129.0149676553965,169.51123848324272,91.04604423798857,71.66241450113748,55.57932967594783,591.5432559618106,169.13488076378826
123.3,3,5279.32774823947,173.70472604946025,96.03264198793518,71.39071131274747,55.91313867257402,591.0729826168243,178.54034766351333
123.4,3,5330.870907038747,182.17193152237903,101.69702460649474,71.4027312684835,53.88540326343073,590.5378656823368,189.24268635326484
123.5,3,5252.293483257294,188.73148306568433,103.80588032998567,69.84293760925871,54.68617339619662,590.3383891283568,193.23221743286354
123.6,3,5356.962937288574,193.21282893720982,108.38850321137332,71.19371503214457,53.07425470738089,589.904445870771,201.91108258457916
123.7,3,5434.561550862332,182.82026222225778,104.04409988677736,69.0825439700322,55.139781294672815,590.3158473370206,193.68305325958886
123.8,3,5464.076733391732,196.3542629118462,112.35327648179688,72.8121431704039,53.1296471266336,589.528484005375,209.43031989249903
123.9,3,5576.827450257397,182.39661077941545,106.52035118184955,69.30266166459204,56.637819113922305,590.0814255541825,198.37148891635024
124.0,3,5573.823330732382,193.0244130816468,112.66630661231353,70.61795540887138,56.870962107474234,589.4987799503308,210.02440099338514
124.1,3,5379.560503832225,179.62081177103985,101.18871228019205,69.49875487446987,55.46745853755438,590.5859264381975,188.28147123605163
124.2,3,5655.860960653379,190.01450814875594,112.54186410197113,70.25269691478658,53.82460635161696,589.5105889139434,209.78822172113382
124.3,3,5465.782615783188,171.51201203254718,98.16925941829062,71.1922695953801,55.72294539831052,590.8712509811629,182.57498037674168
124.4,3,5634.86709668699,180.8569851899497,106.72043390073735,70.58866617770543,57.21610635680492,590.0624758488486,198.75048302302844
124.5,3,5560.52268482068,192.7524079073951,112.23906673385827,72.64304800847248,55.84213705260539,589.5393208379934,209.21358324013227
124.6,3,5532.45944677491,181.04924599962615,104.8922925780319,71.58876139475467,56.56049896475217,590.2355719428397,195.2885611432066
124.7,3,5416.532560519947,193.94854473924042,110.01109853883969,70.80726214927097,54.89914775128679,589.7506413214949,204.9871735701015
124.8,3,5587.72782187966,198.00146978589802,115.85966689673276,71.24847005453971,54.521584806440764,589.1955812878946,216.0883742421072
124.9,3,5470.773976671437,188.81604911419214,108.17235789271152,72.91815931654283,55.33009740884804,589.9249279590301,201.50144081939743
125.0,3,5724.839204184687,186.18420741764044,111.61813231788119,72.59064505994137,53.482100503915476,589.5982313256239,208.03537348752116
125.1,3,5790.229645086833,190.26163968154168,115.36541739400027,70.17868200593337,57.68042187767398,589.2425293806696,215.1494123866098
125.2,3,5582.792718361575,187.40675006775325,109.563362105354,70.77335298989813,55.56319101153212,589.7930900645431,204.13819870913812
125.3,3,5698.747367270119,194.01781837350438,115.78429068134545,72.20452675990464,56.29720096889811,589.2027416653225,215.94516669355016
125.4,3,5611.925803395453,195.97219757927698,115.16884228013447,72.10317387812742,54.97548518115964,589.2611996672897,214.77600665420596
125.5,3,5631.149118822196,193.61912348718857,114.1757559678259,70.46273732539662,53.90015096026515,589.3555024791383,212.8899504172341
125.6,3,5773.712312435977,207.95775158694323,125.73577750485622,72.66590965338467,56.87497302223139,588.2558599516001,234.8828009679994
125.7,3,5705.042223643603,191.64991616866004,114.49752912257492,70.74136792103698,54.330655363271255,589.3249504817845,213.50099036430834
125.8,3,5881.85199130782,206.84681836517973,127.40649110663976,73.41815996704976,55.80886783886101,588.0965868346743,238.0682633065146
125.9,3,5677.99672835052,190.21178722075572,113.09962947130045,72.53174484921294,55.9080627168105,589.4576560473639,210.84687905272176
126.0,3,5825.338870618045,198.37632999561524,121.01512774114364,70.5806169206875,55.54355289612961,588.7054158776382,225.89168244723624
126.1,3,5745.648473012571,206.48793744708323,124.240261244805,71.34623233307198,54.689315392949226,588.3983564785282,232.03287042943657
126.2,3,5817.415018499634,206.43805885460466,125.76170958942754,71.36724283687752,55.328239307178755,588.2533884564497,234.9322308710066
126.3,3,5704.219063205039,195.86233937246377,116.99727618756734,72.25638733382767,54.531466076063786,589.0874923469578,218.25015306084538
126.4,3,5746.367184864615,202.948645920067,122.12600464173795,71.86096662377658,56.29401299563932,588.5996880884311,228.00623823137926
126.5,3,5744.005511874559,202.24407312696704,121.65200445732776,70.77201525919104,56.059373310725796,588.6448058270165,227.10388345966976
126.6,3,5679.015361701225,195.72279659704841,116.39734493071735,70.51400897327635,55.46908738144422,589.1444993205356,217.11001358928797
126.7,3,5824.396214545982,203.99472239585953,124.42236747701604,72.88611643989718,54.9244738332537,588.3810087065053,232.37982586989233
126.8,3,5825.959780725475,212.87565127461448,129.87396207832063,72.61058725742753,57.6021504981166,587.8611957483583,242.77608503283204
126.9,3,5822.927191737515,203.26997496619964,123.94905257106042,72.4332043952643,54.194447488424,588.4260953799007,231.47809240198626
127.0,3,5914.606551597317,204.03747882289292,126.37594803035007,72.67053126254683,53.95324865270843,588.1948413690624,236.10317261875252
127.1,3,5908.076499048368,204.85836959392046,126.74430081763921,71.64167687138327,55.41687729460952,588.1597255474856,236.80548905028786
127.2,3,5736.338555633009,189.98249099830636,114.12399628073315,72.64352635897362,55.24152861298945,589.3604167017422,212.79166596515665
127.3,3,5808.7807687743625,203.4630573084851,123.76537725746878,75.50692254733315,56.59752212133361,588.4435898859479,231.1282022810417
127.4,3,5715.331698257651,193.13282997235405,115.59157004189105,73.90779724746339,56.14609087135409,589.2210483918194,215.57903216361183
127.5,3,5777.913629773364,196.10651293920478,118.65654018094375,72.18944376478093,55.52920577221625,588.9297663449855,221.40467310028953
127.6,3,5719.7656905240865,215.33222413718352,128.97807253704082,71.94431730164253,55.99939478814485,587.9466838109879,241.066323780243
127.7,3,5931.659248225787,198.366485604827,123.21770387369534,69.17627386350193,55.980270693269254,588.4957477857452,230.08504428509582
127.8,3,5813.315943335128,194.87701332145787,118.63508881373986,73.9272761206887,57.60038082890298,588.9318060143562,221.3638797128749
127.9,3,5759.102840971165,208.02392515751174,125.45753162405823,73.62441186012845,55.74857802738324,588.2823772478039,234.35245504392128
128.0,3,5894.336666651484,193.19890738860693,119.25270029890977,72.06313056425519,54.812199573337146,588.8730756400296,222.53848719940947
128.1,3,5575.975130857929,196.55719428295848,114.77264501090218,71.03250612869974,55.68951162845171,589.2988259804845,214.02348039030926
128.2,3,5592.234689826355,208.26916968606324,121.966059500819,71.39865434643112,52.86973693995003,588.6149132655755,227.70173468849066
128.3,3,5860.756438909906,199.64257265001024,122.52802943769298,73.35225757814852,55.45284692286716,588.5614158030082,228.77168393983425
128.4,3,5792.695948901291,188.21067147472925,114.17041919564635,72.74535733348392,56.57522765334928,589.3560091724298,212.8798165514047
128.5,3,5812.801188155857,202.73023380443496,123.40495798624717,73.7156402284136,56.08085298227841,588.477915624322,230.44168751355983
128.6,3,5665.350868602627,195.909865530557,116.22826005164401,73.02219905267101,55.77332194361094,589.1605641599392,216.78871680121688
128.7,3,5791.827394487554,209.2098422502334,126.88969126579238,74.11088566041823,56.11977587548953,588.1458640019669,237.08271996066287
128.8,3,5987.403762351669,193.9168437220346,121.58575548339297,73.42613975859169,56.56923833192429,588.6511111782336,226.97777643532845
128.9,3,5878.7972553142845,205.23210985783703,126.34626575164702,74.00864183214838,56.886335008145764,588.1976708548722,236.04658290255657
129.0,3,5820.472101921681,210.0014936881379,127.99977720117408,70.53746487876842,55.90335259677892,588.0400062642805,239.19987471439185
129.1,3,5766.946002242609,191.29839473533866,115.52762058180863,71.59442429404582,55.13425621023597,589.2271227590197,215.45754481960557
129.2,3,5775.962007845787,195.57182060113865,118.29304865355581,72.66852404180335,53.1309930613882,588.9643264178337,220.71347164332678
129.3,3,5616.4757636917875,199.30054875430696,117.21980689835495,74.43088541325311,56.41651298689793,589.0663440619146,218.67311876170902
129.4,3,5849.068941518122,190.22178455299434,116.51332871123886,75.4212418748318,55.947044359391484,589.1334791270801,217.33041745839614
129.5,3,5911.3243682355605,197.74610814373955,122.41125587900532,72.99626990086287,55.577682109703524,588.5725330308394,228.54933938321324
129.6,3,5688.322074367162,193.89888363012034,115.50162779754395,72.48774355084426,54.729831141701105,589.2295916990871,215.40816601825782
129.7,3,5782.789798157669,193.36622016367917,117.0972327916945,70.90350121182496,56.375574676230826,589.0779931270217,218.4401374595643
129.8,3,5743.922508836409,195.02236038253284,117.3063707359314,74.31309781769033,55.1454071224135,589.0581170188951,218.83765962209736
129.9,3,5771.090649307536,194.7671225266876,117.70696506708546,72.64348144478635,55.36012400497213,589.0200414105799,219.59917178840215
130.0,3,5877.477238178297,194.99494292018224,120.01704296333698,76.88012862215199,55.33014267502616,588.8003756577135,223.99248684572967
130.1,3,5684.674431108608,189.22718357393117,112.64650987647092,72.46878435155952,55.82725163371933,589.5006585924609,209.98682815078155
130.2,3,5952.060284612663,189.09629202725563,117.86339649879012,75.90786351645211,54.21972101655704,589.0051715858441,219.89656828311809
130.3,3,5977.064225392068,191.70889618747793,119.9938000490884,74.30455812062992,55.92154345429497,588.8025866629953,223.94826674009437
130.4,3,5894.082214910231,191.77586316693987,118.36921119991686,72.19710061697043,54.628428279734045,588.9570853722362,220.85829255527756
130.5,3,5695.516763507792,188.56167269077534,112.46442689763887,73.73360516731414,54.65352551411929,589.5179370690962,209.64125861807702
130.6,3,5850.540565198569,193.44059122064485,118.51470061252616,74.40421543305763,56.214270488607156,588.9432526691842,221.13494661631648
130.7,3,6077.120846418522,178.00466912917997,113.28121143140474,73.23129122599106,54.32339296491665,589.4404215268819,211.19156946236217
130.8,3,5711.666899235792,185.12596185162468,110.72834726917525,74.52971451499286,56.190945740315414,589.6826278452335,206.34744309533062
130.9,3,5958.935358873733,187.8078327448896,117.19551541782604,74.52532913645373,55.39764410292775,589.0686526866127,218.6269462677467
131.0,3,5897.020793060161,183.3001371796484,113.19417201460983,74.28333348892596,53.63646802493696,589.4486828423949,211.02634315210366
131.1,3,6103.525752146334,200.22109113435792,127.97325697426216,73.5690050867629,56.63738264239605,588.0425356853593,239.14928629281235
131.2,3,5981.727576709714,188.47127088388208,118.05935530098468,72.19938765077515,55.571018454478136,588.9865433479727,220.269133040548
131.3,3,6103.811513025313,189.0985495010485,120.86983509254921,73.5372104734797,55.64244578060627,588.7192412528825,225.6151749423509
131.4,3,6139.525603650211,184.00047400683818,118.29935442181947,73.86016002590027,56.24281602855353,588.9637269127884,220.7254617442311
131.5,3,6281.413984770317,186.79517211921865,122.87164776274638,71.41664108724062,56.721748279297145,588.5286997206456,229.42600558708818
131.6,3,6109.647903474879,177.9225911027502,113.83502187593398,73.88949232664906,55.41020969189477,589.387851279827,212.24297440345936
131.7,3,6187.388497116487,184.7661801060781,119.71773284105191,73.58824232699895,55.81282828669425,588.8288465357139,223.42306928572157
131.8,3,6034.094129238985,178.92374623038387,113.05992195781447,72.16593056624546,55.55278946689243,589.4614246768372,210.77150646325777
131.9,3,6312.536574410816,183.0718265710185,121.01913377859319,73.33923438121782,54.824504333603464,588.7050346722971,225.8993065540585
132.0,3,6152.2225157271405,166.6285808643102,107.3520020848657,73.38106696527461,53.56941173403738,590.0026523102597,199.94695379480504
132.1,3,6196.959770430538,176.19036534332918,114.33769976590712,76.08731508277349,55.35295517798198,589.3401265017886,213.19746996422737
132.2,3,6274.600139558732,193.87684485908142,127.39154836340809,74.05073950307317,56.50186674140815,588.0980117523147,238.0397649537042
132.3,3,6155.426784092119,188.99022101291578,121.82211097298415,75.04472272996225,55.69087003229429,588.628615038542,227.42769922916182
132.4,3,6353.507527484786,191.96440394460183,127.72116506689741,73.67443446859951,54.02443609030936,588.0665783595051,238.6684328098977
132.5,3,6452.223806562117,192.00498174216327,129.7330230641971,71.58092931124324,56.17341877270208,587.8746461909238,242.50707618152205
132.6,3,6417.328535440639,186.56824516912275,125.37779226033823,74.64972602422911,54.75018292480914,588.2899760924165,234.20047815167095
132.7,3,6268.362213406504,178.26071828845394,117.01414241852598,73.06584732404313,52.95110171900716,589.0858895129018,218.28220974196597
132.8,3,6437.951371466915,173.75102868696783,117.13958859817683,73.46517435838031,56.044227338922525,589.0739678148692,218.52064370261587
132.9,3,6551.184280979311,188.6279437992371,129.4060153336972,72.61601831075518,54.063861792041266,587.9058515856692,241.88296828661578
133.0,3,6333.8064604362235,180.6500377967858,119.82059267182927,73.97805944037466,56.77261451493915,588.8190626535882,223.61874692823676
133.1,3,6442.153843452822,197.2623444412552,133.0772752768556,75.17956990705555,56.12203000470905,587.5553195438661,248.89360912267762
133.2,3,6660.057392536023,176.8638057789598,123.35181828336188,75.030721983813,54.728556462619906,588.4829762167055,230.34047566589038
133.3,3,6635.431228542025,192.85462865194492,134.00710869816893,75.8244054491884,55.39754534712185,587.4664711745548,250.6705765089032
133.4,3,6682.321377971469,177.5815982741115,124.26646296457011,76.00353153489745,57.34366645759074,588.3958605191552,232.0827896168953
133.5,3,6853.640645876696,187.6765216425546,134.69761102167848,71.48339262666583,55.90105196771644,587.4004738365027,251.9905232699466
133.6,3,6755.664474800947,189.85664440198016,134.31437346255314,72.51401699169999,55.12027869097399,587.4371050685513,251.25789862897363
133.7,3,6808.138545716701,170.48565813516268,121.54717054266041,71.78390930836535,57.75200517493627,588.6547834977234,226.90433004553256
133.8,3,7037.935364158813,173.92899714497176,128.18756113578405,74.7188899990399,54.96094559296821,588.0220953505508,239.5580929889843
133.9,3,6795.129965470605,169.78224319708366,120.81438648617029,73.13516568744299,55.40543582583855,588.724517310817,225.5096537836596
134.0,3,6774.883482944859,168.10428685795424,119.26396318801845,73.38559307862866,53.8674094316202,588.8720045100758,222.55990979848207
134.1,3,6926.739891337994,181.09608233331673,131.36103234725658,73.71789290470245,53.10865275062449,587.7192396417745,245.61520716451014
134.2,3,6963.357399006061,174.77505726703507,127.44616080186863,74.44154912195641,54.47506792238198,588.0928039576918,238.1439208461643
134.3,3,6907.2670258344915,176.25517712662926,127.49018340746086,72.20418712851455,54.78052874759056,588.0886059317895,238.22788136420968
134.4,3,6894.936784060592,179.53192969437777,129.6285328325628,72.47949748698045,55.05038882272649,587.8846177569549,242.3076448609038
134.5,3,7248.176601698799,162.3988270758155,123.26513979468481,73.9947031216102,53.28011519522479,588.4912305793214,230.17538841357236
134.6,3,7095.494955083702,184.1829426820633,136.85501637843885,75.43410927387966,55.33908032548248,587.1941740453317,256.11651909336615
134.7,3,7030.516588985618,172.5198439260192,127.01497055720962,73.96705591792735,53.82630135391968,588.1339193220568,237.3216135588632
134.8,3,7222.629995124053,178.49120108531702,135.00218484995102,73.04891176971579,55.24346560693677,587.3713582382854,252.57283523429123
134.9,3,7160.633207630481,178.92330654747718,134.1673869912575,71.42187543042239,55.54746800262749,587.4511533285802,250.97693342839648
135.0,3,7182.174411136701,184.0009021526462,138.3899389062393,75.14321070207234,54.19461103798887,587.047308301182,259.05383397635774
135.1,3,7294.579254515176,173.51144738357937,132.5430614884467,73.11660786755898,53.603650598806,587.6063528573934,247.8729428521308
135.2,3,7153.127017065838,159.23323108139866,119.27742709247575,72.62197911847215,56.088241530156985,588.8707240526446,222.58551894710877
135.3,3,7343.733617938882,174.36493964584284,134.09256457795675,71.93914253007812,55.39440277619571,587.4583042313109,250.8339153737836
135.4,3,7525.987191167991,175.24942336501735,138.11749417286984,72.26869317712394,54.65014380563369,587.0733820712021,258.53235857595905
135.5,3,7422.168850657191,166.49710099331023,129.40948955255337,72.83969060922824,55.943052903775325,587.9055200688647,241.88959862270622
135.6,3,7375.329444434188,174.67476225136932,134.9087763371379,73.70351515870838,54.53412799248155,587.3802878966924,252.39424206615126
135.7,3,7395.603821168325,171.03345444329696,132.45956473352308,72.53608234040951,53.80638625225135,587.6143284638624,247.71343072275272
135.8,3,7436.987281681182,164.0923028318478,127.79500126045966,74.20531394130468,53.40100728643093,588.0595366135979,238.809267728044
135.9,3,7483.4758452824635,178.13557894402848,139.59910976430623,73.68207253511369,54.27051745028584,586.9315584659859,261.3688306802828
136.0,3,7502.746383307469,169.44516624404991,133.13065489399986,76.63900022386281,55.12543831987655,587.5502197042771,248.99560591445834
136.1,3,7656.087947841942,170.51492539030846,136.7092595268553,71.92153208833078,55.71867503220737,587.2081165701958,255.8376685960843
136.2,3,7434.110890211648,170.10195261982204,132.42407617076393,74.15434882294724,54.32742344710929,587.6177182628867,247.64563474226748
136.3,3,7709.673354599364,181.98065430203792,146.92301039778653,74.16254518920636,55.491837753571694,586.229465850392,275.4106829921591
136.4,3,7619.98493143944,173.04983430493763,138.08735732347958,72.70969278010716,54.03904793278959,587.0762661117146,258.4746777657085
136.5,3,7719.356109074492,173.90528332831227,140.57965413884136,74.05274457991264,53.446131613284294,586.8376599736941,263.24680052611825
136.6,3,7603.158126346716,170.29359407905795,135.58790556899686,74.85349342504058,52.8956392007644,587.3153582366012,253.69283526797403
136.7,3,7862.269723663337,176.6554163277365,145.44658016190266,74.0367678189156,53.66974863658385,586.3711397145912,272.5772057081758
136.8,3,7879.332748700369,182.9084106906306,150.92171632345324,75.57279171542724,52.88118354480043,585.8454092760733,283.0918144785335
136.9,3,7876.195151285466,178.056258202611,146.85959588257913,71.2881307313942,56.13302405311004,586.2355523603298,275.28895279340304
137.0,3,7664.228234419323,178.39722246874064,143.18091569813276,72.88005790830576,54.53630226146656,586.5884099538619,268.23180092276175
137.1,3,7909.02312079804,177.91020351656502,147.35073944325507,75.64965106637088,53.97470926954382,586.1884091382735,276.2318172345283
137.2,3,7889.848144269224,164.0914764794325,135.57614632638402,74.96232611428242,55.76547196086908,587.3164826299703,253.67034740059353
137.3,3,7718.9941941716925,167.71568208191482,135.5698155009394,74.50428545306774,52.714179650466754,587.3170879679974,253.65824064005324
137.4,3,7888.248047679646,172.51729289141093,142.50884205503397,75.32277429346651,53.8521147089528,586.652828074537,266.943438509262
137.5,3,7943.17863973193,168.98277951900866,140.56118089306477,71.52975967700323,55.96157854848848,586.8394292852514,263.21141429497175
137.6,3,7978.275206135203,166.73119009203722,139.30107920395628,74.77054562925568,53.790351146869334,586.9600922588943,260.798154822113
137.7,3,7958.076598609634,161.203890369535,134.34213672876672,75.07871262328803,56.353535031996955,587.4344515119958,251.31096976008507
137.8,3,7983.562411051713,165.0161749471497,137.95957845964472,72.99615728824945,54.664501430194626,587.0884939898118,258.2301202037638
137.9,3,8109.400092605611,172.78507144856496,146.73156937354466,76.92628618405087,55.156846624996064,586.2478399195293,275.0432016094146
138.0,3,8098.229312697197,174.23926034441195,147.76266219276573,73.99090133835024,55.1576915217494,586.1488640672734,277.0227186545321
138.1,3,7720.558634300622,169.32348602674125,136.89719345577439,71.10751919903768,53.79613008090873,587.1901394263889,256.1972114722232
138.2,3,7972.756462566681,175.58156705879753,146.5939465739512,74.17940824870792,53.27790491888968,586.2610479106122,274.7790417877559
138.3,3,7996.056537511703,172.1505701235781,144.14943334791718,72.84057180878385,53.62212638247818,586.4955522593677,270.08895481264403
138.4,3,7852.826429316494,182.98328840443997,150.47558638878803,75.08440427617488,52.72194860478329,585.8882834919589,282.2343301608214
138.5,3,8034.585592133485,174.38276889932544,146.7221454447568,74.32543497255557,53.61410006316909,586.2487443760784,275.0251124784313
138.6,3,8149.412150811802,180.555795767433,154.08711864272408,72.93137594270983,53.64670932825572,585.5410212208577,289.1795755828457
138.7,3,7931.473995306632,177.27319788724137,147.23992982273273,75.43229522596546,55.31127657114864,586.1990460602269,276.0190787954605
138.8,3,8069.347613172365,166.20674672480382,140.44804273976672,74.73665732511768,54.186120440382616,586.8502650769876,262.99469846024635
138.9,3,7951.851383014606,175.5579208950823,146.18987729279206,72.59526914320138,55.926145598527874,586.2998238905094,274.003522189812
139.0,3,7975.262993718152,167.71459932321002,140.0697973416968,73.38527319154,51.37455062634838,586.8864885088137,262.2702298237243
139.1,3,8178.465131129688,175.77812543339724,150.54462460127286,74.16648069415224,52.28750430707404,585.8816491655251,282.36701668949763
139.2,3,7984.370776484424,171.48902403591202,143.38563471547164,73.08701934700296,53.119545802541055,586.5687848008342,268.62430398331526
139.3,3,8076.414482617865,179.5470112037401,151.85370656477818,73.10031457239425,54.937621809524614,585.7558218990262,284.8835620194757
139.4,3,7850.126846383356,167.6428736043214,137.8130641247999,73.52262883511445,53.305682716667,587.102514129564,257.9497174087203
139.5,3,8199.008679535858,177.30549264406633,152.23417349120646,72.17607432009697,51.9174652841751,585.7192415169316,285.6151696613699
139.6,3,8072.355697232487,181.3692416123699,153.3177881450822,70.75169948986371,53.110102804296126,585.6150306029326,287.69938794134646
139.7,3,7989.6139192767805,183.87116321869806,153.8395620923834,73.69347909512341,52.127470318004455,585.5648381858502,288.70323628299616
139.8,3,8052.323339599042,172.3197709858183,145.30646329368557,70.99485346106509,51.90119366485683,586.3845812722061,272.30837455587675
139.9,3,7853.272350339673,177.93882156309832,146.3355981165527,72.16442261182728,55.263310947000164,586.2858405878093,274.2831882438145
140.0,3,8087.986140909688,179.2432598834261,151.81400942011203,71.20422818818392,52.88245412481518,585.7596383518548,284.8072329629031
140.1,3,7932.20896080067,188.9172066881815,156.92577419939977,71.32557679770615,53.376715218168755,585.2677772099728,294.644455800543
140.2,3,7929.864989321197,167.84390852257684,139.3798508555182,73.7884475097457,53.08002821852788,586.9525508451005,260.94898309798964
140.3,3,7887.753146499395,171.95358250935067,142.03427439331207,72.98269366686223,52.89083735107575,586.6983065687317,266.0338686253658
140.4,3,7863.476033191481,198.07218696692846,163.10477752037207,72.91155908094832,52.27094991433559,584.6720903730153,306.5581925396941
140.5,3,7967.80303005299,176.62987091128434,147.37755896908178,71.61427069937831,52.77018724335807,586.1858345983877,276.2833080322457
140.6,3,7908.312399350621,165.3955395506199,136.97339741334332,72.37758729694423,53.38720453329952,587.1828496848532,256.34300630293524
140.7,3,7927.15765872333,174.63532426723305,144.97002327362048,73.58714906242504,54.43769126378053,586.4168537391699,271.6629252166024
140.8,3,7844.7239636253735,159.40087398539094,130.94743102575384,73.0432413273007,53.93552156487751,587.7587291593013,244.82541681397265
140.9,3,7873.739166718634,180.52777783297296,148.85165857770778,74.06284785189315,51.737995483352954,586.0442927953384,279.1141440932324
141.0,3,7763.759580568802,184.55611634766115,150.0476295416729,74.20319538642585,53.91452112948856,585.9294051867655,281.41189626468986
141.1,3,7993.111593221412,172.5396359025282,144.4220055029851,72.71142354604572,53.3703063387606,586.4694136768592,270.6117264628165
141.2,3,7609.275919269177,175.6466366518739,139.96253133484862,70.7599504470164,52.238983640839166,586.8967602214389,262.06479557122293
141.3,3,7854.200496965795,185.41392746189456,152.50109242860518,72.04280118299899,53.01459816754614,585.6935755268735,286.1284894625294
141.4,3,7839.820127080925,166.68913623772326,136.8491211409929,72.80124014958197,53.37354822242697,587.1947379736016,256.10524052796904
141.5,3,7603.682894129378,169.66704226749061,135.09836828650995,71.95394534487993,52.817040917349644,587.3621630130008,252.75673973998437
141.6,3,7870.53667738773,177.2831889224311,146.11692371299293,71.58701716027844,53.21892862720983,586.3068242256675,273.86351548665175
141.7,3,7726.831372956014,173.55963233032364,140.4361043936003,72.9026828842414,51.84440542512353,586.8514084466453,262.97183106709326
141.8,3,7697.4469386402425,176.69839476825786,142.4321158832665,75.70133900153873,54.668836896317494,586.6601813416951,266.7963731660984
141.9,3,7580.243605084371,169.82169433953115,134.8046739353181,72.16472967370864,50.71534923220099,587.3902395415921,252.19520916815668
142.0,3,7528.8411236746215,180.06312404518485,141.96507994371626,72.71235710439684,53.191098432871875,586.7049369686777,265.901260626448
142.1,3,7501.023197360126,177.3952961604441,139.34494752426588,71.10604238292149,52.94861150208586,586.9558924329024,260.88215134195366
142.2,3,7529.040534430727,182.14280304194094,143.6085406791071,74.13692440315688,53.193383286499234,586.5474146486185,269.0517070276303
142.3,3,7595.700239487029,179.54089398904816,142.81039438434865,73.65849279251351,51.81065586406855,586.6239261363695,267.5214772726099
142.4,3,7450.125032552064,179.40519855367575,139.96749904514655,73.53924436552312,53.656807480280214,586.8962845253359,262.07430949328227
142.5,3,7316.3319677654545,167.63470107934154,128.43575560048566,74.16728887949843,52.34821536515275,587.9984207450132,240.0315850997356
142.6,3,7451.006071966172,180.98727839629734,141.21849690218798,71.98550707693306,51.23857150624212,586.7764668316618,264.4706633667647
142.7,3,7429.749865040996,174.98276034168327,136.1438644606913,72.0978144855373,51.29857470353094,587.2621936259194,254.7561274816121
142.8,3,7373.818048220447,175.87134559537995,135.8051130471054,74.47458976790742,52.48670049866544,587.2945885355438,254.10822928912467
142.9,3,7351.703481458424,184.09274886952772,141.7272246867333,73.14365357194677,50.734099378143625,586.7277277355249,265.4454452895027
143.0,3,7224.31030164466,171.41452164795493,129.67988620977502,69.6825868461813,54.09977093115167,587.8797171162557,242.4056576748842
143.1,3,7130.914186101422,185.58251033390206,138.58329184579858,72.85234449738269,53.31685228721657,587.0288024137403,259.4239517251924
143.2,3,7105.802031573237,185.8868609864188,138.321731094187,71.569065347027,54.06346683546992,587.0538362135834,258.9232757283321
143.3,3,7002.056096321963,180.67370855773038,132.4796471785043,73.30509462820774,53.926766393982064,587.6124102097745,247.75179580451095
143.4,3,7149.15178456867,168.14564912206583,125.88348856103786,72.67694851204766,51.822189142796795,588.241781850478,235.16436299043903
143.5,3,7088.04134511688,159.28855592709039,118.23319760828649,70.05795063842183,51.27355458676266,588.9700165433833,220.59966913233552
143.6,3,7023.646503217622,181.70366552492442,133.645688303575,72.42833510598614,49.433938970851415,587.5010092382119,249.979815235763
143.7,3,6754.3245742940435,174.46710928039633,123.40254311571691,72.31728854096681,51.674347711918266,588.4781455988432,230.43708802313517
143.8,3,6886.499805465478,167.98280596954322,121.14123278835955,72.45915055806962,53.81515087037081,588.6934157689293,226.1316846214129
143.9,3,7081.621118630161,180.90190230604804,134.15425108005087,72.67175899712404,51.190612937380685,587.4524087623792,250.951824752417
144.0,3,6882.443031192432,166.1196764599913,119.72706045494577,73.73408541324845,51.77756098625041,588.8279593198918,223.44081360216364
144.1,3,6950.6092608909685,168.6208320769487,122.73338737757194,72.39307264925054,51.40198632164388,588.5418640110072,229.16271977985502
144.2,3,6755.371176031652,174.67907244277373,123.57161184269334,71.88104599099152,52.30068590864315,588.4620442929263,230.759114141473
144.3,3,6995.691601816439,162.60003601240913,119.11869070153793,73.18797795428652,53.180972603039,588.885819995411,222.28360009178004
144.4,3,6817.286569590626,168.99472565888718,120.64610866874708,74.45824661452444,50.32494082245813,588.7405287282834,225.18942543433354
144.5,3,6830.934123819888,176.72625535766275,126.41825473604997,72.82128008007685,50.48570870744998,588.190808402124,236.18383195751903
144.6,3,6997.225889284993,169.8966081814375,124.49136275359588,71.9265813270647,53.289511068377635,588.3744358179465,232.51128364107103
144.7,3,6893.748304496987,176.44267962725164,127.37602321059707,72.1538156372061,52.50544068943216,588.0994922001967,238.01015599606785
144.8,3,6694.512059700549,174.91310958374837,122.62242679575685,71.89738755814355,51.48255583191975,588.5524285501876,228.95142899624716
144.9,3,6641.793914542773,166.27462753474694,115.64849823373011,71.56742917707984,53.418664863699554,589.2156408464705,215.68718307059044
145.0,3,6642.325595662914,149.0812584854378,103.6983457581227,74.09820499780766,50.316285382795385,590.3485641338848,193.028717322303
145.1,3,6697.406103527847,156.89153002316687,110.03598865732081,70.55565471889598,52.5823497059046,589.7482813707271,205.03437258545773
145.2,3,6615.314649783715,169.144359855614,117.17545388406599,72.79465536439982,51.55281313885772,589.0705592898181,218.58881420363787
145.3,3,6564.759136139893,152.09406279385828,104.5585797170946,71.21172549310457,52.19760650337831,590.2671581362027,194.65683727594524
145.4,3,6719.355083876909,159.7796343194726,112.4288148923154,69.53997717143284,49.17402165010516,589.5213162935232,209.57367412953545
145.5,3,6547.4740049448255,163.53252743352715,112.12605690331526,71.04397120639392,51.27068445007768,589.5500434168073,208.9991316638543
145.6,3,6755.836366682058,170.52304418312727,120.6398579134431,70.56704489541994,52.238504792991904,588.7411234624924,225.1775307501532
145.7,3,6525.761031207824,155.2602089926887,106.10111566528165,71.86924827896283,51.408807599503284,590.1211270659885,197.5774586802288
145.8,3,6667.2360878634945,153.80686903734045,107.38662252491802,71.23845672501565,52.69797804831277,589.9993726286395,200.01254742721017
145.9,3,6512.801823074067,156.94698569323265,107.04082812753856,69.85497172492444,52.63514368728922,590.0321289394818,199.35742121036355
146.0,3,6552.307031961854,158.7504761584609,108.9275897910985,72.79889271156665,50.425552624223634,589.8533553262679,202.93289347464224
146.1,3,6374.707415160676,154.17178326542748,102.91857637782162,72.29390025854478,52.179008839301815,590.4223358594406,191.55328281118727
146.2,3,6345.913479784885,161.53157227282557,107.34459577389123,72.8408445707762,50.33337902964159,590.0033539239655,199.93292152068875
146.3,3,6454.926664574805,147.50595792736686,99.70788240606181,71.17356153097407,51.35121136468461,590.7258931067954,185.48213786409065
146.4,3,6490.161730762492,152.83280155419425,103.87253039736731,70.79774308148656,51.924610310518865,590.332082467706,193.35835064588196
146.5,3,6385.828754193799,153.97868461133552,102.96899912142663,71.63611232686884,50.404620317451986,590.4175660762205,191.6486784755898
146.6,3,6246.311265065134,146.91028752611916,96.09580933117384,70.04989021150399,51.99838880558705,591.0670205920093,178.65958815981458
146.7,3,6226.564094365326,154.41921907430935,100.68816654271949,70.84976106689027,50.677807547825076,590.633245099375,187.33509801249852
146.8,3,6208.231527559256,148.3933311530573,96.47413803666993,70.43351975450727,50.57431084650315,591.0313096297344,179.37380740531125
146.9,3,6164.650507292395,151.66240006363114,97.90728386295574,68.84155536586243,51.833651930882226,590.8959932839034,182.0801343219307
147.0,3,6332.476924766907,146.27001995508672,96.99683299772101,70.69803157768163,50.26317114190452,590.9819645294943,180.36070941011303
147.1,3,6419.182481624741,146.29837014606534,98.34399071409229,69.96604369118847,50.18460537410749,590.8547472995726,182.9050540085484
147.2,3,6301.971200190686,137.97097945807508,91.05268971600532,70.15409638790041,52.08505029899323,591.5426297484796,169.14740503040775
147.3,3,6080.1506321319985,136.69895796703938,87.03785124403136,70.83149746497608,51.125064504783964,591.9207092364247,161.5858152715066
147.4,3,6269.099573616693,148.3847624196956,97.41438466030053,71.87163886386027,49.53516363313782,590.9425394857224,181.14921028555386
147.5,3,6264.759139688308,142.94572696232638,93.77869264476799,69.27557111685503,51.81786594954062,591.2856408749972,174.28718250005772
147.6,3,6473.002111048709,130.00367042420186,88.1231434759829,69.83957957766904,50.528733416025176,591.8185549957047,163.62890008590512
147.7,3,6129.746340451654,137.0824307671353,87.9939711590663,69.27456805226115,49.50560296901136,591.8307153468112,163.38569306377622
147.8,3,6225.966968404389,117.83719833623658,76.82770117368362,69.14553764519448,48.37475747087042,592.880005698084,142.39988603832103
147.9,3,6420.637218411134,129.0591876399616,86.77521073081901,69.37723347460297,51.759120376508434,591.945425171429,161.09149657142098
148.0,3,6297.398963433807,138.41361889128316,91.27853264641239,69.80381811471055,49.96960192616632,591.521347431777,169.57305136445825
148.1,3,6304.781178628126,129.4898151917688,85.49372640531286,70.69133269014864,49.5596723207387,592.0659899837751,158.68020032449863
148.2,3,6259.287417294496,130.61357817720022,85.613418652488,70.32144149067044,51.41710306065097,592.054731185963,158.90537628074185
148.3,3,6277.375278835232,108.08424242086664,71.05081985134326,68.61719530269802,51.55786383437993,593.421384359383,131.5723128123409
148.4,3,6317.997686512591,125.85280550328463,83.26662879201962,71.3868361222811,49.939532927258995,592.2754018146807,154.49196370638788
148.5,3,6165.754126770418,130.35569656106054,84.16757892289851,70.9154670929736,51.61403474259687,592.1907044234794,156.1859115304128
148.6,3,6325.007827740094,130.62417354222,86.5193485978816,68.64899236208042,52.73124239864855,591.9695012111351,160.60997577729722
148.7,3,6110.469306522943,133.4737435733058,85.40809325878982,71.147510932475,51.998168126881495,592.0740447611588,158.51910477682395
148.8,3,6271.755361229952,124.62693589664885,81.85206589448701,70.01899226293705,51.81792003780552,592.4083339134868,151.83332173026542
148.9,3,6257.507312165193,124.29264355702733,81.44705936626843,69.38693938895403,50.916555562025955,592.4463828601872,151.0723427962546
149.0,3,6182.222727551256,115.47355187037981,74.75767564776358,69.95233836971344,50.13447982197394,593.074112476638,138.51775046724129
149.1,3,6239.101944765732,122.70615355865071,80.17095232583718,69.43961661184194,50.498294309458565,592.5662362943808,148.67527411238257
149.2,3,6182.810050316881,114.64015208084231,74.22518277739265,70.07248360203927,50.97111768192121,593.1240236725564,137.5195265488719
149.3,3,6141.006313783725,109.86406047208597,70.65189388299868,69.59096961339556,49.24927582696532,593.4587327182928,130.82534563414242
149.4,3,6210.227241947819,114.52613333011188,74.48017838303916,68.90904133491992,49.71403616355631,593.1001236888624,137.99752622275264
149.5,3,6140.043949988583,132.0023525855129,84.8753873250169,66.83068767022107,49.032519354656046,592.1241468621588,157.5170627568241
149.6,3,6276.7533750327775,118.86340272782179,78.1289236917757,69.84199731740432,50.672531225841155,592.7579238807335,144.84152238532943
149.7,3,6138.01941270991,121.60952443417095,78.1671838405054,68.70866746132657,50.497699825264625,592.7543335101689,144.9133297966216
149.8,3,6316.092831721999,115.78691767125844,76.5837477307003,70.03824803099107,49.73946721929638,592.9028879561251,141.94224087749603
149.9,3,6137.341734667773,106.15717956355552,68.22731734590693,69.6303689953121,51.190436218707895,593.6856249455793,126.28750108841473
150.0,3,6196.823275669892,124.55279187450796,80.8260203069289,68.58280294661279,49.30333136137312,592.5047176939984,149.90564612003368
150.1,3,6192.196836807659,102.10357632129211,66.20858789563312,70.17522690871158,49.636327699635174,593.8744042958488,122.51191408302589
150.2,3,6378.171809478088,112.73505983281356,75.29806767718011,69.1410978947871,51.0851580230213,593.0234521914942,139.53095617011627
150.3,3,6284.207071179711,115.54731294104216,76.03944798839328,69.03931762146306,51.21215716342271,592.9539355466761,140.92128906647758
150.4,3,6233.021677383488,116.85609636559427,76.27437008146701,68.62488890723824,49.466568107372304,592.9319042797734,141.36191440453103
150.5,3,6300.544288868458,109.47315453741285,72.22945192124902,70.75858707347304,50.473535231254516,593.3110103551105,133.77979289778864
150.6,3,6052.697693329515,101.01188069772927,64.02506947218573,67.83012732743865,49.44213137294694,594.0784572864693,118.43085427061283
150.7,3,6248.146915073827,107.59319564292808,70.3987029221724,68.24659956941098,50.003294992127046,593.4824345678642,130.35130864271764
150.8,3,6440.984285723836,107.28751656903547,72.36524722918297,67.09680860924243,50.324419983170046,593.2982910193649,134.0341796127018
150.9,3,6262.345461436299,106.45054120105135,69.80933701118042,69.40153572619684,50.72115120140513,593.5375991968368,129.24801606326355
151.0,3,6254.317317776495,117.99203625520435,77.2789523398112,67.77877887603253,50.458802950938036,592.8376746895672,143.24650620865555
151.1,3,6297.536986690057,102.05254630762964,67.30125922920254,67.86127154946408,50.39512387702393,593.772239351815,124.55521296369966
151.2,3,6327.618694471146,112.00811476200428,74.21956523747447,67.75300987358987,49.024441577131014,593.1245501660154,137.5089966796918
151.3,3,6049.2871928354625,110.3708256665602,69.91769667938111,68.39668843710335,50.47245779595067,593.5274575134663,129.45084973067537
151.4,3,6075.142342559718,115.35604112787009,73.38806200543648,66.76867335559696,50.6167526720046,593.2024708299714,135.95058340057335
151.5,3,6250.232815969947,107.08028590357144,70.0864939008428,65.52593335547613,50.73639496487805,593.5116586129279,129.7668277414425
151.6,3,6156.978014927462,112.9393359401452,72.81845339884504,68.71540111129082,49.309982317903575,593.2558372428186,134.88325514362714
151.7,3,6343.484602572315,105.59554788683324,70.14587159607828,65.57830705095763,50.92740109443276,593.506100841166,129.87798317667966
151.8,3,6182.1377895579635,109.25255819655564,70.7292272875272,69.08805876784423,48.67716645401916,593.4514929600215,130.97014079957034
151.9,3,6020.794915644919,95.11357807652242,59.96874661539429,69.88194659754654,49.54644376683002,594.4571512499417,110.85697500116453
152.0,3,6075.84257041176,86.60077791552783,55.100675571030266,67.76337298118916,49.684880090317044,594.910987169417,101.78025661165861
152.1,3,5926.020776657394,107.15887279459554,66.4997364881612,69.46867532908188,48.68140585769447,593.8471853273845,123.05629345230841
152.2,3,6155.1179647483505,106.99495410780348,68.9649293294976,67.82913794599487,49.636799970779116,593.6166176644451,127.66764671109854
152.3,3,6148.744626703745,106.77965529494276,68.75488952056006,69.72642210300053,50.13297006112498,593.6362695879916,127.2746082401693
152.4,3,6114.738630587293,99.26543606628606,63.56302698959045,67.20908914163988,48.06997898882802,594.1216176849008,117.56764630198404
152.5,3,6245.098110037082,112.87170657936858,73.81641936902452,64.86804660317004,49.48561039600304,593.1623317923395,136.75336415321112
152.6,3,6243.108282402406,98.74354548656984,64.55623627777595,67.55950680399587,48.11673273638325,594.0288320057604,119.42335988479272
152.7,3,6098.791789576718,104.44370960583653,66.70443554798683,69.65460030189675,51.89179628462167,593.8280468637006,123.43906272598929
152.8,3,5896.982797100113,105.21116223396113,64.97111155786779,68.19680298240613,50.048163123021844,593.990065658028,120.19868683943855
152.9,3,6142.276921676771,112.64777084597857,72.45704402931841,66.88640816447415,49.94720776930175,593.289692513482,134.2061497303598
153.0,3,6119.295162414517,97.98241878522234,62.78822067204949,67.84959643126693,50.03945221754715,594.1939798249991,116.12040350001735
153.1,3,6077.86261725957,95.23187702235559,60.612450366625374,68.57055325965273,50.39819503316313,594.3970882740714,112.05823451857327
153.2,3,6122.670210159019,88.93776794804845,57.023741748644994,67.25292703960973,50.75842162817039,594.7317888800733,105.36422239853437
153.3,3,5898.747584880826,109.93024445255053,67.90560521007808,70.45797850118439,48.203603474691114,593.7157176431916,125.68564713616752
153.4,3,6179.226358443115,101.67112938837477,65.79007332983868,66.63623821556754,51.064525313089504,593.9135260685578,121.72947862884371
153.5,3,5875.245011205829,101.56928420911602,62.49093061436765,68.4111731187272,50.98766441355063,594.22174016178,115.56519676440075
153.6,3,6014.568249492587,119.91073453501502,75.52507038075589,68.07370192035478,49.66328637596867,593.0021686919745,139.95662616051163
153.7,3,5759.100188423889,100.08471142325655,60.36024488865732,66.27100315627001,49.59900196539803,594.4206226270431,111.58754745913711
153.8,3,5806.034991033143,88.42866747475821,53.76521013576418,66.55309374692227,46.603372635899056,595.0353666511153,99.29266697769435
153.9,3,6012.485583864247,95.92929805805619,60.39958194609272,68.23597892380133,48.450851425716586,594.4169520447381,111.66095910523836
154.0,3,5816.678450046454,90.25327977956604,54.97518092968241,67.1400622497461,50.20270863669786,594.9226774312282,101.54645137543639
154.1,3,5893.309023802806,94.10246015302786,58.074945375890096,67.32428211077072,50.87380242081728,594.6337878373604,107.3242432527934
154.2,3,5807.106466982623,93.87304323588788,57.08595932368747,64.90794271772941,50.39165746282191,594.7259894009499,105.48021198100287
154.3,3,5744.740384624476,92.4206604998782,55.59914240727878,67.61104288933288,49.577052189824364,594.8645486753776,102.70902649244817
154.4,3,5853.440424842208,86.63670294648107,53.105773264104435,67.12158031697444,51.56889890222446,595.0967644182228,98.06471163554193
154.5,3,5669.615624236913,107.41836794261305,63.77651503057858,66.65335547413288,50.63877400344868,594.1016760874387,117.96647825122591
154.6,3,5490.226430494231,98.26541288215024,56.49624160039493,67.11659006007159,49.23065860699384,594.7809541016468,104.3809179670643
154.7,3,5549.4778958133775,94.51933253583059,54.9289617237716,66.14618492710564,51.79779758897041,594.9269827940682,101.46034411863752
154.8,3,5643.646521589065,101.34687678118823,59.89613407627747,65.88094862483125,48.511037911019244,594.4639258418297,110.72148316340645
154.9,3,5593.481918233305,99.30832659589964,58.16965932201061,66.25521859395737,48.12720036145185,594.624956295995,107.50087408009904
155.0,3,5370.8116336108915,97.92983512919433,55.078684914589275,65.94295618601804,49.17008875401987,594.9130357089468,101.73928582106441
155.1,3,5413.813836049834,100.8058421813217,57.150184651693486,69.07142839449999,48.825026505619384,594.7200026536927,105.5999469261451
155.2,3,5389.501339528106,96.98095518088861,54.73481561448392,67.50410982774666,49.21152742046147,594.9450670017295,101.09865996540861
155.3,3,5371.403151654973,100.78918697767338,56.69311364838007,65.20305831375056,50.367662681870016,594.7626057619648,104.7478847607033
155.4,3,5236.01477815001,101.44526267722593,55.623876564588805,68.76442122781803,49.529026718839475,594.8622441851478,102.75511629704397
155.5,3,5266.908884568593,97.40988765213659,53.7263659292101,65.75737689120129,49.54846590225678,595.0389836479603,99.22032704079243
155.6,3,5216.566635927663,94.84691902949604,51.81274546235955,66.26838869474042,49.60965662465839,595.2171164646734,95.65767070653351
155.7,3,5317.594117680216,107.2426158475249,59.718817830052636,67.26648374465694,47.23291886247733,594.4804684067758,110.39063186448516
155.8,3,5279.04376160881,93.3458596767561,51.603474013586826,63.7824459089007,48.024710416790164,595.2365903558834,95.26819288233014
155.9,3,5145.601750960406,99.61273411809867,53.67593879884373,65.81916312195744,49.14971082907953,595.0436791281422,99.12641743715653
156.0,3,5078.918077881033,99.97411551668009,53.17253873841404,65.37307311737703,48.68746960620153,595.0905487091204,98.18902581759176
156.1,3,5085.629315029816,93.03371811716157,49.546581772379234,66.26497172062489,49.29431288372246,595.4279274919298,91.44145016140328
156.2,3,4950.4389675282355,91.89016061327797,47.63666389024691,66.42106404560667,50.9262568354031,595.6054818252721,87.89036349455841
156.3,3,4874.280953054593,95.33243408886348,48.66086873797538,65.84275349333629,49.44403360050064,595.5102805208608,89.79438958278479
156.4,3,4848.702407823458,94.64828687351834,48.05813416206774,65.74588434079365,48.19299647919664,595.5663092740923,88.6738145181539
156.5,3,4832.125151398136,88.19094253638383,44.62628924962252,67.13155569191335,48.71907382950774,595.8851231224469,82.29753755106117
156.6,3,4735.96620936131,94.16078746140003,46.69896925607452,66.1746631676574,51.22008609445014,595.6926150047505,86.14769990499212
156.7,3,4815.6505007627065,100.92723629835514,50.896973580030775,65.82242157344258,51.03966866651028,595.3023247285876,93.95350542824872
156.8,3,4823.071840452837,108.28639072799591,54.69230504545835,65.91034168980164,50.1010448373143,594.9490266032515,101.0194679349695
156.9,3,4556.245041584018,103.6849667121751,49.47109048700024,67.896507470418,47.94100545472734,595.4349475180619,91.30104963876192
157.0,3,4662.495272989917,82.00488463515948,40.039324734508234,65.86155574058664,49.80894318553487,596.31071040801,73.78579183980037
157.1,3,4592.162977906492,105.1057157310361,50.54430682136598,64.99828194562785,49.884813823913156,595.3351321542027,93.29735691594692
157.2,3,4598.351580878062,97.14164615766256,46.777418438947194,63.286465564023295,49.52596426882989,595.6853262738687,86.2934745226255
157.3,3,4517.475646172588,104.66911699094427,49.51570858426144,63.81855928180601,48.93004927781141,595.430798447275,91.38403105450038
157.4,3,4333.397523771431,101.86374338225455,46.22498519989194,64.94125222333746,49.137394539722834,595.7366491464281,85.26701707143616
157.5,3,4304.378141866088,101.09483743128813,45.56884421778933,65.33441388132229,48.86060490757872,595.7975952415281,84.04809516943715
157.6,3,4379.990132388079,102.22431357383384,46.88737863925606,64.7608908503037,48.355869036315596,595.675109544981,86.49780910038089
157.7,3,4427.935990852418,103.29416880499113,47.89671821384735,65.81257163196317,50.86788289044865,595.5813123085632,88.37375382873688
157.8,3,4073.021023777627,113.38750703016059,48.362693087590664,64.67294720948297,50.38548968630867,595.53799953815,89.24000923700191
157.9,3,4269.582795552353,104.3784235100389,46.66860194931988,64.22212744023881,49.219855920528886,595.6954363896841,86.09127220631763
158.0,3,4303.368328277665,112.66747738183398,50.77333701494214,66.01944847504191,49.85890160235113,595.3138266454353,93.72346709129374
158.1,3,4129.720071090582,112.21350674817269,48.52822057787801,66.89271804810133,49.89869036176704,595.5226120857129,89.54775828574157
158.2,3,4150.759824145041,110.88112934354756,48.19631821187881,63.886423604445355,51.85446720485579,595.5534649563408,88.93070087318392
158.3,3,3986.3033592382358,94.29475711258414,39.36284768939618,65.47347889327617,50.387074216628186,596.3734235232847,72.53152953430572
158.4,3,3996.7717567854106,115.21784776289356,48.223388570307,62.861428196336476,50.352524436484806,595.5509486795258,88.98102640948196
158.5,3,3809.5941187462586,104.80689994678086,41.811639848633355,63.34482443584255,49.559312149661345,596.1463441462245,77.07311707551185
158.6,3,3696.830190178902,113.64294655309175,43.99472484242209,64.3750137197982,49.09081014162456,595.9437572009934,81.12485598013109
158.7,3,3965.5991125861833,102.45501657335186,42.54716765417434,66.41111745697418,50.91217353274258,596.0781037758195,78.43792448361
158.8,3,3739.5254031921895,101.60574153781437,39.789030342531376,64.08290317423244,50.18629033051961,596.3339156114587,73.32168777082529
158.9,3,3747.4958591233167,124.38248691242201,48.812271194809234,64.00659205432578,48.709356445098024,595.4962048440018,90.0759031199641
159.0,3,3617.3742282844973,104.50274465588434,39.58674148592851,64.9982197663986,49.99796985785037,596.3526688153154,72.94662369369348
159.1,3,3574.1341961983144,119.88494214049918,44.870830796440636,64.96886135473704,50.387018443672154,595.8624169043093,82.75166191381459
159.2,3,3651.27632532852,113.35776473242875,43.3435613768206,63.95209618702589,47.459653991759154,596.0041986841339,79.91602631732121
159.3,3,3558.938786869765,110.26000828075492,41.092934604863345,67.24806300934308,48.63927364752514,596.2130085770749,75.73982845850196
159.4,3,3625.394195682801,113.56380888880263,43.11454460527126,64.51695774871106,49.930922980252326,596.0254532599052,79.49093480189504
159.5,3,3594.5283688481422,105.45078029339571,39.69358558375869,64.94294913917457,47.65051607398352,596.3427639729612,73.14472054077783
159.6,3,3544.9102388991005,115.14638820432066,42.74488773727703,64.2962249272374,47.81598619721937,596.0597571346959,78.80485730608257
159.7,3,3500.8597623847722,108.35043490972089,39.72226377257567,65.27850240964709,49.31911558671547,596.3401053426179,73.19789314764193
159.8,3,3592.742200522869,113.85050201015729,42.834097722246106,66.2051277708424,50.08890071085331,596.0514788801593,78.97042239681582
159.9,3,3307.0188610741466,123.78606024806824,42.86837593874983,66.69268630132576,50.143237590883004,596.048297966126,79.03404067748056
160.0,3,3369.756759917626,119.77933473590359,42.267743944307846,63.755154170761145,51.19626828849706,596.1040298384614,77.91940323077029
160.1,3,3450.0889599625148,108.31584320755512,39.13369864397324,65.96488515596052,49.704863972335666,596.3946638821349,72.10672235730385
160.2,3,3431.1169312057514,125.34180831804188,45.0360292883126,65.27808358324191,49.25899411895231,595.8470768762919,83.05846247416184
160.3,3,3145.4349928165448,120.02068455964339,39.53351513329182,65.76292667102713,48.333648821457125,596.357602971191,72.84794057617887
160.4,3,3221.379083827873,116.96203425954937,39.45620993039897,64.45872697661257,49.26605574703089,596.364769123205,72.70461753589984
160.5,3,3351.675264226398,126.66829235824761,44.458874897966815,64.32051845111955,50.368200086978284,595.9006669068792,81.98666186241553
160.6,3,3243.5883568476916,120.95194106204686,41.083477118317816,65.64429877365973,50.42369176243771,596.2138857184115,75.72228563177077
160.7,3,3187.618032151338,114.63952193138384,38.26742671916176,65.64403715025658,49.94619758071627,596.4749468948596,70.50106210280887
160.8,3,3123.227622417144,136.40584549777407,44.61339122759002,66.35472941430416,50.239611595989764,595.886320683662,82.273586326761
160.9,3,3083.3892627663586,124.01679223262616,40.04400137209001,64.69207652130524,50.98010618085574,596.3102768119774,73.7944637604528
161.0,3,3124.2858590739283,124.22867744487331,40.64444922794217,64.30397515862529,49.79052706931292,596.2546008148383,74.90798370323319
161.1,3,3051.103483359601,122.61649804328222,39.17729656284289,61.459402575587056,51.09441204700068,596.3906228067208,72.18754386558317
161.2,3,3050.3328770151056,134.35850033526594,42.91815079875423,62.457171596463105,49.012588433486,596.0436789499521,79.12642100095809
161.3,3,3042.272244203168,123.06310403697098,39.206182606697475,63.89754514972994,49.678389040743106,596.3879453393629,72.24109321274227
161.4,3,2951.9469396928725,116.55228540275037,36.029477053921674,63.02984685306328,49.28359305217081,596.6822515817734,66.35496836453285
161.5,3,3049.605675617671,123.23704736099815,39.35623903949,65.30905454603389,50.57017759700316,596.3740361157578,72.51927768484393
161.6,3,3259.7262872161386,137.88600303342125,47.06845417379268,62.741564898645805,48.77633275772991,595.6582845097396,86.83430980520711
161.7,3,2799.006011460125,135.02383627670793,39.5770019335494,63.69403096120853,49.48269356029833,596.353571691317,72.92856617365942
161.8,3,2984.669996881481,128.00307992091896,40.00786327319169,63.72368635704641,47.95871997290235,596.3136273515281,73.7274529694389
161.9,3,2868.85583220587,139.97862030423022,42.053200217188376,65.7068496500314,50.42700404526472,596.1239345332477,77.52130933504532
162.0,3,2984.22022064574,136.16687115218758,42.55307463073846,63.51483091970066,51.093942238792955,596.0775556781248,78.44888643750551
162.1,3,2923.1813555061917,129.61782963492317,39.677940624943105,64.7716928990762,50.772674832422325,596.3442143390957,73.11571321808628
162.2,3,2981.6130567172754,130.86195878876356,40.859525249648016,64.44824986536693,50.68969870270618,596.2346555353192,75.30688929361531
162.3,3,3012.4625701563104,134.85408516073844,42.54165532942672,65.28247775415203,50.731863327043314,596.0786152535692,78.42769492861635
162.4,3,2911.6816942971045,127.23682768278448,38.79585670911156,65.20444522855149,50.6078345471507,596.4259764620458,71.48047075908266
162.5,3,2994.6025126022237,133.58788464466951,41.89236468129054,64.1302427331112,50.53849835544891,596.1388554729153,77.22289054169437
162.6,3,2659.031159829462,136.19690335556405,37.92444884831735,62.12153077922822,50.61926068096314,596.5067268617497,69.86546276500462
162.7,3,3028.521356251461,122.69367986161025,38.91181160941779,63.86623953647706,49.30119027859027,596.4152296578382,71.69540684323806
162.8,3,2909.7347401749275,133.6260490830921,40.71675371348581,64.10815871219562,49.77348303274015,596.2478957394098,75.04208521180317
162.9,3,2974.139016546167,133.26201697470538,41.50460304158488,64.46362727008959,50.06100084457413,596.1748255767317,76.50348846536644
163.0,3,2754.437103011937,142.99485001597108,41.24600350366318,63.224195822066,49.67240871947924,596.1988117316262,76.02376536747784
163.1,3,2790.9002988859024,123.2842936773631,36.031363042388946,65.46772546898173,48.459433759853525,596.682076940773,66.35846118454083
163.2,3,2884.0765712739135,133.90467222311833,40.44186129150711,64.10490704833455,48.808635276823,596.2733867718426,74.53226456314724
163.3,3,2869.8465738305463,133.5640420625347,40.139952201464006,62.974425142779246,50.29179061365609,596.3013805583745,73.9723888325102
163.4,3,2900.444879885382,143.9992437084162,43.7374486572169,63.520146408157466,50.986028016786285,595.9676392451929,80.6472150961406
163.5,3,2979.476523614145,137.29731754658982,42.838143178611304,66.3758094817845,50.108296979280254,596.0511034759152,78.97793048169547
163.6,3,2712.421405035691,150.478857673819,42.74263249703309,64.85089180672085,52.882743195664794,596.059966407068,78.8006718586405
163.7,3,2977.043916777147,142.82609543839226,44.526793651683775,65.30440866432008,49.21738638911472,595.894361007913,82.11277984174103
163.8,3,2890.4432008610484,135.58352173021493,41.03930221712903,62.78952212977151,50.601577560053975,596.217982716737,75.64034566525947
163.9,3,2876.1006276005487,140.37698779290568,42.27938037910788,63.206540541377464,51.46758160368973,596.102950208246,77.94099583507887
164.0,3,2762.151399861439,136.44476169290715,39.46689540311822,63.209683756101136,51.262054500486116,596.363778595774,72.7244280845207
164.1,3,2956.753382038137,145.14223371832566,44.94046096277386,64.24346266209093,50.87169524555524,595.8559512721424,82.88097455715274
164.2,3,2687.253191525488,129.98344555179276,36.57844593856475,63.80873350644981,51.30738375951177,596.6314131680946,67.37173663810836
164.3,3,2986.357466359382,133.70429692665311,41.813428019081876,63.42603432036928,50.313273684435664,596.1461782634556,77.07643473088751
164.4,3,2791.6765688304254,142.8001489459156,41.74672199861946,63.572982846854494,51.94175650650392,596.1523663015541,76.95267396891609
164.5,3,2947.634260198883,148.30943863415837,45.77949574758036,63.05401010221705,51.58327286435523,595.7780301016157,84.43939796768518
164.6,3,2940.7885136692926,124.41274325594412,38.31398083039899,63.78857870522402,49.46936639592492,596.4706329775513,70.58734044897278
164.7,3,3073.155866853363,149.52366173320067,48.11972423035421,65.33832589877184,50.664881059671025,595.5605844970237,88.7883100595252
164.8,3,2955.3655148706466,138.97564212642592,43.010897867651465,62.185329360766076,48.81797212293078,596.0350719989538,79.29856002092492
164.9,3,2916.9916205602362,126.80201959448597,38.733787909398366,64.41604947353471,51.90924745345187,596.4317288940035,71.36542211992946
165.0,3,2945.674595345841,118.98790510677463,36.70423743652026,65.65611123385555,50.634111312990235,596.6197627558454,67.60474488309114
165.1,3,3125.823750450512,129.28344186738815,42.31905978730576,63.78044963489376,51.781303312993415,596.0992687170359,78.01462565928205
165.2,3,3067.138007189877,139.81865403450416,44.908345244393686,63.3664453476507,50.34605028245881,595.8589334514936,82.82133097012888
165.3,3,2990.9976751092886,139.44107695660557,43.67525223005792,65.11154498131205,48.62224181933817,595.9734124317256,80.53175136548816
165.4,3,3016.726727057611,144.25892647188368,45.57296500399337,62.823319597263094,53.1392000692837,595.797212518723,84.0557496255417
165.5,3,2901.939063545471,135.8827332501663,41.29345110907699,63.979622490300656,50.65646340709177,596.1944109194851,76.1117816102967
165.6,3,3099.3943306686174,131.85403569090795,42.79557630623037,62.76205343739577,49.54892510809216,596.0550535093919,78.89892981216235
165.7,3,2906.9736615988368,136.5785640490262,41.57691457942606,61.76930644984857,51.71886882594489,596.1681180410674,76.63763917865367
165.8,3,3157.2043965178473,139.5441015532109,46.13630407084369,63.83515458599873,52.63314793044061,595.7448870865999,85.10225826800138
165.9,3,3109.5537595428145,140.74187064957968,45.830015759212614,62.506116101064215,50.4192452399035,595.7733376522931,84.53324695413926
166.0,3,3335.532724423398,133.39909046358653,46.59579139311788,64.01338590716362,50.54703974737807,595.7022010092194,85.95597981561127
166.1,3,3015.5474585597503,145.0095038193405,45.792172941070945,65.37117172125487,50.90913041761202,595.7768526130795,84.46294773840918
166.2,3,3121.410387846519,134.10530528747333,43.83544790353045,66.26453298144315,49.585116137373085,595.9585425467551,80.82914906489918
166.3,3,3312.883692087927,132.10258022877323,45.829604285884294,64.15849593837464,50.03061972478262,595.7733758714634,84.53248257073255
166.4,3,3265.857568667382,134.1094545879744,45.865407297162584,65.27669733355577,52.528608500073396,595.7700503363722,84.59899327255812
166.5,3,3096.8775631881977,145.12602476206234,47.06498807484126,64.54031347715227,50.64006393016034,595.6586065790061,86.82786841987877
166.6,3,3194.317486185819,136.34917179038038,45.609908518045614,63.61028347799741,49.96049058741,595.7937813248227,84.1243735035448
166.7,3,3182.902830935905,132.0747300725984,44.02219875345446,61.76929033543672,50.37196950471101,595.9412067804842,81.17586439031584
166.8,3,3218.7901964399643,143.05796861418412,48.2206812590249,66.0403545388551,51.922982715080046,595.5512003337744,88.97599332451023
166.9,3,3134.511254838317,151.19501241368155,49.62904480368157,62.83972149975404,48.90059069295522,595.4202589640581,91.59482071883872
167.0,3,3200.843931648855,137.2661523164115,46.010460218535215,65.7685870900323,51.15764406219664,595.7565768250054,84.86846349989264
167.1,3,3065.492972355315,144.02030749832326,46.233064033460494,64.76458534542095,53.39189462633433,595.7358986602799,85.28202679440369
167.2,3,3237.632726810249,142.2038369950909,48.21337282912846,62.960890143337366,52.98759242876553,595.551879677354,88.96240645292096
167.3,3,3274.5211313728646,130.26296527026173,44.668089276841194,64.51872663463456,51.556755761380415,595.8812420218512,82.37515956297443
167.4,3,3216.599574713175,134.22374906660465,45.21213162642828,66.71657746789924,52.32718506519544,595.8307234612437,83.38553077512643
167.5,3,3090.650246283557,124.57853677817614,40.320109646526596,66.01315396559119,52.34492152840965,596.2846762154279,74.30647569144185
167.6,3,3343.2864090032194,131.62544046589977,46.08313735446004,63.56893149865037,50.9397563429169,595.7498258427529,85.00348314494204
167.7,3,3288.702867572443,128.1655284532403,44.139203047428836,63.344154661793674,52.01807254977188,595.930344951862,81.39310096275835
167.8,3,3189.182606014547,129.20312607424168,43.1500224784891,64.33365215711896,52.90968642803426,596.0221607313193,79.55678537361337
167.9,3,3234.946135649899,126.2346899607031,42.76361288147917,64.0301818826548,49.885317040512035,596.0580195511989,78.83960897602265
168.0,3,3121.842483404712,128.92159789306544,42.14686576407548,65.6844022812955,51.753854179187066,596.1152447018408,77.69510596318469
168.1,3,3169.136006428541,134.09146311660132,44.501087604940565,65.14866491365822,51.56694782742786,595.8967476949211,82.06504610157708
168.2,3,3216.931589980286,128.95174611645805,43.44078560660132,62.247428226978485,51.33704790148895,595.9951750417376,80.09649916524609
168.3,3,3385.5175678397945,116.14829876222042,41.17812264106658,64.84600646173757,51.27706660330678,596.205107634815,75.89784730369843
168.4,3,3208.17095039942,123.37573687594832,41.449173924494524,64.09868089949971,51.52278886443351,596.1799670154812,76.40065969037664
168.5,3,3329.156180939917,117.35199552636226,40.912240786917074,64.37662763074768,51.6355092514506,596.2297667048967,75.4046659020662
168.6,3,3215.909199566445,129.07556599630402,43.46867818059598,64.64984918767153,52.467499915362495,595.9925862061045,80.14827587790819
168.7,3,3288.61582813552,130.2604751423446,44.859498969108905,65.80912188228194,51.854473087397736,595.8634691277966,82.73061744406732
168.8,3,3248.936655121842,127.894577712042,43.51329731975525,65.56403579831273,51.22927867566849,595.9884448554124,80.23110289175179
168.9,3,3341.9151649221417,119.94040349230067,41.97488785989328,63.51153558275534,50.596550501767965,596.1311997750754,77.37600449849083
169.0,3,3204.0723718066174,126.52635138016737,42.453345451400196,64.36193835055938,50.99346275818063,596.0868092326496,78.26381534700886
169.1,3,3100.6966466255217,120.84700454248097,39.23952915108373,63.915593783336,51.756618095775046,596.3848543950511,72.30291209897814
169.2,3,3113.317048426966,115.50359936937511,37.65715326266708,62.45764957498198,50.81903813191125,596.5314918265991,69.37016346801784
169.3,3,3187.904135074058,127.99266074868636,42.72862705708054,64.36716153386773,52.50074974320422,596.0612660221225,78.77467955755151
169.4,3,3112.925558853858,127.8485831969523,41.67669510870434,66.73514651187385,52.01479522372251,596.158862263691,76.82275472617903
169.5,3,3263.0437982108815,128.08382659846964,43.766902859345045,62.490515306558464,52.75823530023066,595.9649052127945,80.70189574411074
169.6,3,3171.658497946194,116.49889093818757,38.69339423449606,64.54010795145184,51.00595353858788,596.4354724518895,71.29055096221009
169.7,3,3432.685684671309,128.32591908185896,46.129318684355056,64.52611696518343,50.84386375959238,595.7455359769783,85.08928046043366
169.8,3,3032.58045002554,115.92631567034834,36.81484551214986,64.96374916589787,52.84123779326104,596.6095182062458,67.80963587508495
169.9,3,3206.963893042051,123.26554595048839,41.39657320090093,63.488660995526345,51.86547082732129,596.1848460183935,76.30307963212886
170.0,3,3069.8266864866578,114.42361136763328,36.78392985232033,62.959740272117855,51.56341987960228,596.61238165857,67.7523668285994
170.1,3,3118.900076243033,115.74108815406083,37.80224914322652,63.041972676826724,52.495098140286146,596.5180489342575,69.63902131484929
170.2,3,3167.4473867636307,99.67036356863088,33.06009293942745,66.32029920919524,52.48846467294977,596.9570867599468,60.85826480106448
170.3,3,2920.8121992924393,113.81622460607423,34.81259738137518,63.57131336583145,50.60190328758251,596.7949122274508,64.10175545098241
170.4,3,3151.425131695919,115.8802986290805,38.24240687236614,64.17888574250613,53.273034176462865,596.4772653225989,70.45469354802208
170.5,3,3296.426194992889,111.68809444756805,38.55483562677478,67.33220627860844,51.508771209054906,596.4483132657181,71.03373468563973
170.6,3,3058.8420606603504,126.17092755571007,40.41522185261291,63.95428700831775,53.65004899296654,596.275856955459,74.4828608908199
170.7,3,3112.4419776280442,105.06358609199921,34.243811860335526,65.27547664616829,50.64739543471976,596.8475566276497,63.04886744700411
170.8,3,3170.570766109523,108.58375382264565,36.0521293334605,66.1708279662821,52.329312954156876,596.6801539922865,66.39692015427158
170.9,3,3042.701791137273,105.52808739723599,33.62451858767847,66.14322524573232,51.85731641825348,596.9048651987687,61.90269602462649
171.0,3,2987.8223483695488,107.25518727078291,33.55843465919188,63.35702339967284,50.098776612313856,596.9109798639664,61.780402720671646
171.1,3,2811.2486775266107,117.76765719518853,34.67000606595678,64.12988968680263,52.76333965081843,596.8081107580463,63.837784839075766
171.2,3,3072.4945198228957,120.2474824012259,38.68973252550737,65.3801871813814,50.21235833180233,596.4358118051471,71.28376389705977
171.3,3,2984.7665913603255,104.35719812960218,32.618306045465665,67.3640458869815,51.8758320676734,596.9979551817105,60.04089636579124
171.4,3,2883.0248119591097,103.57180278650597,31.269326968628096,64.16771992300137,53.303014438939115,597.1227105281821,57.5457894363592
171.5,3,2974.7990141636533,99.9123084655726,31.124704742868847,64.52193461178184,51.6999760531782,597.1360822716663,57.278354566673215
171.6,3,2890.731689671647,116.54541687539746,35.28024570509033,65.65092309180226,51.35758055543137,596.7516216657607,64.9675666847861
171.7,3,2879.293032880263,114.64811970190605,34.568570505108255,65.92460972964483,53.09300002851467,596.8174994743821,63.65001051235822
171.8,3,2970.3439034771764,105.46993791054051,32.80681296965255,66.0313295269045,52.07447709739961,596.9805176418317,60.38964716336636
171.9,3,2768.8310494886605,95.86147131310494,27.795159134971254,64.23381761404593,51.95030634413096,597.443765196251,51.12469607498156
172.0,3,2978.720203371147,95.92208649137184,29.921057998639256,64.64581810829173,53.66174526762559,597.2473478843009,55.05304231398213
172.1,3,2729.7483999625783,105.71045097232671,30.218239827086453,65.57811600416369,51.25087322576989,597.2198801432332,55.60239713533633
172.2,3,2782.969795346618,107.8220376546544,31.422782964017276,66.86993043804688,51.98995285148205,597.1085213579636,57.829572840727224
172.3,3,3012.137972743058,88.98812532773161,28.0695555973727,65.10501796096608,53.34742079535296,597.418420285999,51.63159428002132
172.4,3,2920.261739602918,100.69079429580363,30.792160603570203,65.4008743217354,51.280442192543326,597.166826957115,56.66346085770101
172.5,3,2806.35326732357,113.77172204079764,33.43530500064001,64.23335196949998,54.31915111290513,596.922372565011,61.5525486997808
172.6,3,2691.900909385669,100.44012575031697,28.313589741913322,67.73755549570387,52.35836606962118,597.3958780076463,52.08243984707451
172.7,3,2715.432959064479,111.92502310366432,31.82694075507062,65.72439966721801,53.481142289605465,597.0711480293562,58.57703941287696
172.8,3,2757.469204946994,105.59203156162235,30.490913410382976,66.87057020582466,53.510439748194685,597.1946754020698,56.106491958604465
172.9,3,2739.238000345998,93.02663252188732,26.684906533821728,65.65149680126781,52.51709117443245,597.5462927752512,49.07414449497537
173.0,3,2712.6159277763472,98.15292707028819,27.88175976570221,65.7566674464978,52.221722940444195,597.4357664735509,51.28467052898259
173.1,3,2704.3438783018382,98.90336769614673,28.009258543530855,63.893070004359274,52.689104431371874,597.4239898702783,51.520202594432476
173.2,3,2673.4189804549887,92.75720466230115,25.968286700229598,63.1519827364184,53.47606173287145,597.6124511179378,47.75097764124325
173.3,3,2543.833603776293,92.27459924623663,24.58099654100748,67.2749978155834,51.808232251165975,597.7404839695976,45.19032060804989
173.4,3,2619.3528050697682,109.26863318386492,29.97216583161542,65.90654990837146,51.62264580367051,597.2426243013603,55.14751397279497
173.5,3,2743.509998221963,91.55633213000523,26.30410631294547,66.10111179233476,54.34131867234078,597.5814500827541,48.370998344918235
173.6,3,2515.4642094812825,105.64285738060836,27.828314300278894,64.39539659596795,52.153433276551496,597.4407029001628,51.18594199674362
173.7,3,2616.9548222850626,94.75400688639733,25.96703883177692,64.85178771838277,53.27350204521717,597.6125663083258,47.74867383348351
173.8,3,2547.2987013698994,97.36544200127624,25.97247469980163,67.25176682705012,52.74829777656604,597.6120645245423,47.75870950915305
173.9,3,2626.70632987828,101.23353401067703,27.84611015068691,68.10704815018164,52.8236707938987,597.4390592167822,51.21881566435604
174.0,3,2570.9335690785033,92.88684593117387,25.007696450914125,65.31554492201057,54.44290774027348,597.7011097467648,45.97780506470485
174.1,3,2740.7367883528864,100.84886910956901,28.94456184884652,66.90937408432227,52.95827424151571,597.3375850087818,53.24829982436313
174.2,3,2641.8764433796623,82.36616255833147,22.78714695326741,66.37446208079577,52.717483116746685,597.9059565678599,41.880868642800806
174.3,3,2463.362301737292,99.60778295625,25.69509233447445,66.04494838264608,52.83539644490041,597.6376685499738,47.24662900052522
174.4,3,2646.8775162113957,79.10996961196739,21.92773027824211,68.45539307799727,52.632390140949845,597.9852003959957,40.2959920800879
174.5,3,2505.5684794760195,94.68292942001776,24.843145395560747,65.73296284969756,52.496424618294384,597.7162945007091,45.67410998581863
174.6,3,2521.3439686095344,102.15317746831093,26.971965482227098,67.809721189526,52.69766210798084,597.5197873664924,49.60425267015012
174.7,3,2603.9434021425714,100.45370392114089,27.392149484921063,66.82292900296707,54.89083629790826,597.4809856805773,50.3802863884539
174.8,3,2526.384071355741,86.95453862184443,23.004894584546754,66.38959776629657,53.96955243379222,597.8858754675134,42.282490649732836
174.9,3,2657.910752393007,87.82320489929928,24.444338755335057,68.10121352888784,52.94322134936718,597.7530931224604,44.93813755079145
175.0,3,2500.5412282360744,91.17929571774155,23.875851594096883,66.84816139810764,54.30034136543353,597.8055406171993,43.88918765601261
175.1,3,2517.4103704269096,97.31436670846085,25.6542661283598,66.42976819602954,51.76166998389906,597.6414368632201,47.1712627355987
175.2,3,2517.0240648627623,81.81987964427209,21.566259274135707,68.24656223706985,54.75462710399395,598.018524087385,39.629518252298794
175.3,3,2529.9075222436963,96.00507174779233,25.434748100372172,68.136360880181,54.7040931024615,597.6616978519598,46.766042960803134
175.4,3,2693.440144276411,98.35348218768195,27.741228359745854,68.12587580978534,55.67516025179321,597.4487463135968,51.025073728064854
175.5,3,2655.2495353045897,94.28959624081008,26.217889910579178,62.06468229135867,54.48016362910663,597.5894094189507,48.211811620986964
175.6,3,2765.590449310211,100.0669272603402,28.980578395987532,67.30503605496145,53.93552646690964,597.334257238706,53.31485522587968
175.7,3,2827.348918558586,98.09590034563097,29.04416417204932,67.07838513482233,54.81900256697003,597.3283821025728,53.432357948543086
175.8,3,2523.9350657527234,92.89959063937788,24.553906385575463,66.82926763727205,52.93151029311448,597.7429835689312,45.14032862137583
175.9,3,2639.6337729202473,83.32021339329083,23.03152355467663,67.65033159946522,53.191244828149415,597.8834196003866,42.3316079922688
176.0,3,2533.461107510617,98.01064821250237,26.002560832067996,67.27898503162643,53.551638932102335,597.6092872649808,47.814254700382435
176.1,3,2584.7525705379576,90.62909552639718,24.530999276192567,67.8276294476187,55.01386534293226,597.745097183669,45.09805632662051
176.2,3,2613.362803772691,93.49651893642762,25.587258986316666,66.74086789843348,52.81807996034794,597.6476216083432,47.04756783313542
176.3,3,2588.5569362861543,101.16326776069405,27.422635386209496,68.90861282211947,52.74074237890049,597.4781702780332,50.436594439336204
176.4,3,2605.9921350752647,108.01513852978806,29.477207976209257,68.094110266704,53.968056016995774,597.2883670581821,54.23265883635963
176.5,3,2710.3145126317195,98.13143560376186,27.85200477129726,67.85919216089131,54.4776272483633,597.4385147681974,51.22970463605384
176.6,3,2627.6935520959178,102.59970689415607,28.232507581939487,67.84958604383917,53.08545680403725,597.4033680368696,51.93263926261011
176.7,3,2843.6974461537047,88.95232001784296,26.489227033530135,68.69504796776582,54.48725465879495,597.5643593664918,48.71281267016457
176.8,3,2698.067135017911,101.14345070592097,28.57716459303676,68.58169211062969,55.2133909681349,597.3715287670656,52.569424658688604
176.9,3,3074.8556206600974,99.38488580221954,32.00174714242334,67.26987698925412,55.073460746141016,597.0549818550799,58.900362898403955
177.0,3,2788.880493614279,108.8062191881344,31.776952318984158,68.6432874851132,54.254148682940304,597.0757708209255,58.4845835814906
177.1,3,2863.528178478559,96.83338039553345,29.037229171474756,67.71365872677002,53.83796140764044,597.3290228815902,53.419542368196744
177.2,3,2759.647420779831,99.357245338796,28.713210798263912,69.85515316507802,55.691729376684265,597.3589599373802,52.82080125239759
177.3,3,3071.87892523041,108.90925773805948,35.03462800763286,68.92231784306021,53.99889664163242,596.7743594705262,64.51281058947757
177.4,3,3044.3068101734666,101.3184536499664,32.30022815615001,66.90466971464964,54.95107149117409,597.0273761612261,59.45247677547741
177.5,3,2995.354019188642,94.68176114488504,29.699087388218693,70.50275760182771,55.996056908033175,597.2678623928869,54.64275214226177
177.6,3,2869.410810036429,120.80139658259966,36.2988865323803,65.23410276098792,54.89993343136131,596.6573034412503,66.85393117499416
177.7,3,3048.57478115775,95.90098961952243,30.61600776811763,68.57215840090993,53.09429245852016,597.1831115170958,56.33776965808579
177.8,3,2954.199800150434,103.52377165468222,32.026432815692964,67.0227488541124,52.878904736659656,597.0526988418851,58.94602316229907
177.9,3,3232.7779692172016,106.94286191181384,36.2039784666454,70.16790014542492,53.84666450046087,596.6660924573629,66.67815085274242
178.0,3,3204.76317049503,106.94204701278338,35.88996640483743,68.26380882426554,54.879979131180335,596.6951698695314,66.09660260937403
178.1,3,3171.8803244161845,104.38855696634542,34.67354971862951,67.05915873999982,54.64126877480682,596.8077827577467,63.84434484506414
178.2,3,2967.1405996927156,105.83882287784697,32.88605245133369,67.74329977240787,56.42938183519869,596.9731874111458,60.536251777084544
178.3,3,3141.782174975487,106.91453757937782,35.17559491472907,67.25785854800337,54.682984049690326,596.7613098176466,64.77380364706846
178.4,3,3337.9499680597182,102.1852979969392,35.71879971792775,67.7992238921354,53.94592285739574,596.7110186476516,65.77962704696802
178.5,3,3426.004846126748,126.49631877482636,45.383133433847036,67.82345053573144,53.16526381389921,595.8148428323002,83.70314335399485
178.6,3,3455.048165180255,111.36227743997297,40.292185805911295,67.36819781474667,55.504087900361924,596.2872653980219,74.25469203956254
178.7,3,3238.024461349543,118.5469364612091,40.197503202671214,68.64549871172763,54.34243391488135,596.2960444857056,74.07911028588842
178.8,3,3458.1580238243887,113.50011787500156,41.10264455812116,68.84280282826657,52.866997289158704,596.2121080178306,75.75783964338711
178.9,3,3566.8483278094686,114.84095147383555,42.89533287194079,67.22974657800451,54.41983416302184,596.0457964208659,79.08407158268119
179.0,3,3354.277242956797,115.62441217563293,40.61412597440213,66.48743516800893,53.42606386137013,596.2574127626026,74.85174474794803
179.1,3,3553.0550171647265,109.45769248658988,40.726476549773004,68.90260617598692,54.020182127294866,596.2469940915084,75.06011816983118
179.2,3,3622.310351606748,120.68149145619311,45.77780277683067,69.21991544468186,54.47581589818422,595.778187348498,84.43625303004069
179.3,3,3610.674447965054,120.46039435354172,45.54715250377035,69.51006912871533,53.58803416604479,595.7996098765,84.0078024700017
179.4,3,3506.6651054544313,133.01735565592443,48.846249074099575,69.34745666026639,54.028957759880875,595.4930458754719,90.13908249056158
179.5,3,3695.4329492945703,117.94988813392762,45.644817822178474,70.62558034966966,53.79561066824805,595.7905390251747,84.18921949650667
179.6,3,3739.3727467941408,123.7989694501066,48.47796780604703,69.98710319567151,53.84536620013002,595.5272836732205,89.4543265355901
179.7,3,3800.789029992836,123.0634669849968,48.9814376504988,72.05874004030804,53.57733357999934,595.4804768796165,90.39046240766993
179.8,3,3805.9695723812265,140.96438481171637,56.18279363075919,72.61606453678276,54.12505955063188,594.8101648807096,103.79670238580616
179.9,3,3862.2683802189317,126.29473554685048,51.08063817293945,66.83791797424512,53.73536454489789,595.285237573705,94.29524852590134
180.0,4,3945.6066105269497,137.82964537668786,56.948860584121135,69.36343364251698,57.73865238867442,594.738768617478,105.22462765044111
180.1,4,4036.5622459861384,142.19588567374473,60.10731141348467,72.04348936316516,57.37463761371788,594.444223023286,111.11553953428029
180.2,4,4010.8422149591797,135.8905890589027,57.07600620970721,72.70979101527315,58.390083686881994,594.7269171669994,105.46165666001116
180.3,4,4046.120382379644,128.78118065684262,54.56571122872236,72.06599178458379,59.10336200714103,594.9608177341897,100.7836453162065
180.4,4,4139.082866396682,130.3711335417129,56.508552256489374,73.05367480391531,57.91503070384062,594.7798067904273,104.40386419145284
180.5,4,3993.0499049726586,147.43508931765328,61.65016073357406,71.93738929073668,57.708094398122036,594.3002353568925,113.99529286215056
180.6,4,4265.996246642016,134.08352613715857,59.89968099905584,71.48121168154961,58.019398658568925,594.4635949252736,110.72810149452835
180.7,4,4265.636876322518,147.1364663088271,65.7253370359063,71.7147219538169,57.76595429129781,593.9195770024173,121.6084599516546
180.8,4,4314.303757606832,146.67021544997067,66.26455215609691,72.17818717378454,57.36961675640811,593.8691724915592,122.61655016881605
180.9,4,4446.434223846579,149.97933507129616,69.83480326104973,73.48275637946475,57.309889191063405,593.535215771029,129.29568457942082
181.0,4,4214.027265323387,152.10153574681675,67.12117620338462,71.93855348033927,56.33708609849304,593.7890795886196,124.218408227606
181.1,4,4256.119688842768,143.71643974025,64.05439011254221,72.2279233089643,58.216958017821156,594.0757181676079,118.48563664784137
181.2,4,4513.404210461333,144.8650570732583,68.46939485941111,73.31092638067473,57.36576527590365,593.662979174078,126.74041651843936
181.3,4,4530.107080413239,158.12906409975358,75.01511619024406,72.4400221851173,58.86533781764747,593.0499792172272,139.00041565545393
181.4,4,4589.9341554410485,150.13846544029474,72.16507146875276,74.07046780358652,58.349448582777015,593.3170403898068,133.6591922038633
181.5,4,4572.406562063574,136.699917347716,65.45483151737498,71.67876484651909,56.82658794293311,593.9448599412117,121.10280117576735
181.6,4,4721.484869051207,161.88639973432893,80.04193607415222,71.47020722582192,58.71718854952429,592.5783509156088,148.43298168782326
181.7,4,4788.521151811846,151.47182758919516,75.95596637084006,73.25097854241993,54.92744256564727,592.9617641508008,140.76471698398336
181.8,4,4786.900777849897,163.3618617939319,81.89053678348091,73.42205272764639,59.435824429161826,592.4047194505445,151.9056109891119
181.9,4,4756.565908509986,171.19296097239433,85.27231243120566,71.95033530899553,56.184292801376266,592.086816046489,158.26367907021904
182.0,4,4620.924923689826,162.89623103683027,78.82583258699056,74.6518729356817,58.034713006559656,592.6925183488947,146.14963302210413
182.1,4,4933.402008294594,171.06868640847085,88.37830027859236,75.40064037870698,57.98360124594976,591.7945329084187,164.10934183162794
182.2,4,5014.887242327058,166.4774575323381,87.42692934895935,72.38832929514442,58.69620587955783,591.8840909731875,162.31818053625034
182.3,4,4997.856060391693,177.7979276918261,93.05485932730329,74.97742809517034,57.25981404591541,591.3539010230634,172.9219795387337
182.4,4,4890.13209943573,160.5181197769854,82.20027548974463,70.38489082942341,55.45873035747659,592.3756168812943,152.48766237411587
182.5,4,5074.033810232063,169.1436229888111,89.87473099666035,74.58542994557423,57.29241330884555,591.6536095562963,166.92780887407594
182.6,4,5127.325361477352,175.14225631029154,94.03952684938149,72.31528377772221,57.415704028853774,591.261039327703,174.77921344593938
182.7,4,5228.418611457984,170.30642222833336,93.24595373655342,74.56624274856271,55.60055048307797,591.3358816701798,173.28236659640424
182.8,4,5031.0403284352815,180.89365856167083,95.30369941201367,72.29162780157436,57.709699702872875,591.1417747410012,177.16450517997487
182.9,4,5125.861831379382,170.97178736651736,91.77406432576487,73.41301891972829,56.602770025864714,591.4746455407226,170.5070891855496
183.0,4,5250.617072077095,189.62821112264956,104.26580782698142,72.57294625602454,58.34170629720545,590.2948664032074,194.10267193585355
183.1,4,5216.46236216939,191.12266512391955,104.40394014872838,73.33813970915185,57.46024586161119,590.281793731622,194.36412536756166
183.2,4,5135.361036990857,179.34410477695187,96.44655181018425,75.84024206840944,59.68082810718388,591.0339136793655,179.32172641269062
183.3,4,5310.498268834471,182.31732221704442,101.38922959842964,73.56416424531437,57.47666393965374,590.5669685440475,188.66062911905033
183.4,4,5354.777824716202,187.8470869438115,105.3354460819844,76.27522218532008,58.17604355067845,590.1936217895967,196.1275642080659
183.5,4,5335.93991230224,172.22762161892547,96.2370612293506,73.3288646744151,57.54508937400711,591.0536881453363,178.92623709327268
183.6,4,5375.297897944689,172.36256647696084,97.02286791191086,75.63074040799154,56.14709882471338,590.9795064805307,180.40987038938397
183.7,4,5355.783471769028,191.32563147349495,107.30619219911799,71.93837280627697,57.57755633878128,590.006991939289,199.86016121421926
183.8,4,5545.785114391558,185.40796280645006,107.67627866763537,73.59376706580669,58.54728000864835,589.9719313180635,200.56137363873063
183.9,4,5343.833081393056,182.83872590633496,102.31744540642181,73.34240747078347,58.40714721774679,590.4791943329271,190.41611334145614
184.0,4,5396.714679211009,185.4109028452741,104.78360705528631,75.87892993633557,57.52287290173743,590.2458594933031,195.08281013393798
184.1,4,5475.726813729211,169.5137884432065,97.20204921516236,74.30370250454529,56.370058928576654,590.9625887723384,180.74822455322987
184.2,4,5579.420903378848,185.73916839951406,108.52286233485985,71.62319665424837,58.48163804702817,589.8917131727233,202.16573654553372
184.3,4,5373.974932557002,182.63253614418988,102.77853057753653,72.60399991119337,58.266719329860834,590.4355832026188,191.28833594762568
184.4,4,5411.125988276103,195.13462370682714,110.5733835049471,73.00798119666936,58.700384652196576,589.697323715391,206.05352569217985
184.5,4,5360.479747111029,196.4508857695178,110.27733666446498,75.39081285163233,57.59228935768384,589.72539701893,205.49205962139922
184.6,4,5574.719684127383,194.2730796039392,113.4133756623565,75.28248915598684,56.19114018145169,589.4278767546894,211.442464906213
184.7,4,5482.024709563941,193.72810800531002,111.2147125719468,74.00227450479191,58.4180732460597,589.6364989206918,207.27002158616415
184.8,4,5567.494189898513,181.1748356991697,105.62975357170569,73.7505566181675,57.88365208920067,590.1657584660361,196.6848306792781
184.9,4,5681.746312065182,196.4597920231982,116.89182431407845,75.31418465709577,59.292643191410804,589.0975134629062,218.049730741875
185.0,4,5571.999218305254,197.37266372602352,115.16663223808179,73.14457228908165,57.93753889130262,589.2614095655375,214.7718086892496
185.1,4,5668.106134819224,202.29729456890595,120.07612562194412,75.09440985229229,57.87086642717053,588.7947552849826,224.10489430034886
185.2,4,5630.062161108345,208.99490498905385,123.21895083123607,75.03715664310992,58.34079543691761,588.4956290419418,230.08741916116264
185.3,4,5733.911006664951,182.87838856461462,109.81001539553522,74.30527146580327,57.33349694572997,589.7697062678826,204.60587464234663
185.4,4,5725.975164384271,192.53822542573292,115.4502938629859,75.15634753294984,57.291857988432284,589.2344676214706,215.31064757058857
185.5,4,5625.121467048603,190.56532788876274,112.25466788919172,74.84570839876476,57.845342063785495,589.5378405407305,209.2431891853903
185.6,4,5684.113398995723,197.444787224331,117.52683043965835,75.36386113992457,57.028751883280535,589.0371634305436,219.25673138912657
185.7,4,5807.858981302174,196.7795559139951,119.68084778992832,73.20949411908454,57.72566017908192,588.8323549090574,223.35290181885398
185.8,4,5753.9562299985155,195.46821159883157,117.7799352888419,75.5909702150566,59.899590432740474,589.0131052117353,219.73789576529498
185.9,4,5591.097418340941,204.69369240474873,119.84781966988167,76.12832745711611,59.00761163221741,588.8164728044321,223.6705439113564
186.0,4,5792.68563484425,190.1569875277589,115.35086800930563,75.32406796613971,58.277639533850376,589.2439112916103,215.12177416779423
186.1,4,5633.356189650139,190.9183493154985,112.62725533792727,75.70258339601787,59.52557689008634,589.502485770238,209.95028459524065
186.2,4,5876.004849220228,191.3489818911451,117.74349402775773,74.89109239342015,57.15297544619834,589.0165691638147,219.66861672370555
186.3,4,5843.988430436281,196.28185154438353,120.12077112256542,76.13413434778055,60.47195677198616,588.7905082072959,224.18983585408114
186.4,4,5778.614394644264,190.46302636818467,115.25585952459896,75.18403545496739,57.524332785520656,589.2529351029673,214.94129794065543
186.5,4,5769.915025534396,198.95581911972258,120.21389846638995,73.76907241630364,59.991632278736766,588.7816489038128,224.36702192374582
186.6,4,5738.58272328897,198.34393948478152,119.19339756638294,76.17137933460336,59.98989286232177,588.8787154181272,222.42569163745657
186.7,4,5825.958244143719,194.1774670378294,118.46629799226503,73.26631294161042,56.23959549815152,588.9478547206706,221.04290558658818
186.8,4,5728.962199096634,205.95456984864128,123.55946166589801,75.60643871309658,59.461924741476395,588.4632014482711,230.73597103457814
186.9,4,5788.918633432277,199.55156661275407,120.97098167917348,74.84549190656188,57.712602334124654,588.7096166823692,225.80766635261512
187.0,4,5851.428579294489,207.51151571762085,127.15479121727185,74.80790213214863,57.4298932922512,588.120587619212,237.5882476157608
187.1,4,5717.017121295988,198.7879357880845,119.01128237357264,75.59076634832475,58.52352139540253,588.8960341557195,222.0793168856119
187.2,4,5713.41999086956,200.03996303217284,119.68549866747479,74.57158970066185,56.991660614805596,588.8319125366677,223.36174926664512
187.3,4,5659.876077854292,196.3020077632691,116.3483642826163,76.07536308630544,58.50193675449551,589.1491530883748,217.0169382325048
187.4,4,5673.448852855195,200.20082121247535,118.94374724643473,75.56647266171323,57.05917993410985,588.9024563276919,221.9508734461624
187.5,4,5601.997320155539,205.2213406670137,120.3910036891466,74.7947811642381,58.17675946449603,588.7647999452314,224.70400109537195
187.6,4,5846.075623146854,197.31929204297194,120.79879317382795,77.1781788822196,59.33441958441552,588.7260010317182,225.47997936563775
187.7,4,5949.599450355726,203.76820061018134,126.95586145993498,75.85454027285121,58.38462288045205,588.1395551056589,237.2088978868203
187.8,4,5914.170868682226,194.36900332419725,120.37865689276056,76.40180425721644,57.637032521439885,588.7659745932947,224.68050813410514
187.9,4,5625.3375817215665,205.26920106385745,120.92079670728526,77.38039191099197,58.53662574772572,588.7143920571305,225.71215885739207
188.0,4,5849.804096122967,195.77330561732006,119.92877955524538,77.39593837034022,56.58679646401174,588.8087717120857,223.82456575828542
188.1,4,5917.28369803123,205.65088740488957,127.43290907653216,76.44629789277971,57.15214974442746,588.094067639342,238.11864721316056
188.2,4,5740.177488168384,199.95264030719574,120.19352779683817,75.42178543704702,57.55814629271326,588.7835868105435,224.32826378912864
188.3,4,5794.789272575782,209.98987582659197,127.4279282136249,74.10333559812857,58.77234471040565,588.0945426119139,238.1091477617224
188.4,4,5596.201606503697,191.0633767068355,111.96941744304328,76.10059505445464,58.38804393606472,589.5649049978713,208.70190004257552
188.5,4,5814.348725588865,188.58906909099355,114.82757957194806,77.19923098626572,58.51383531790933,589.2936092125294,214.12781574941278
188.6,4,5690.320324121591,194.37160598305357,115.82389237290846,76.34364506990114,57.94738335105483,589.198979717461,216.02040565078028
188.7,4,5812.999923719932,188.7386052082815,114.89197008951464,71.81727420215697,57.182437073916475,589.2874943558502,214.25011288299743
188.8,4,5648.756090755597,188.4810080944756,111.49336843098456,77.02672417591275,59.45409872361591,589.6100667199782,207.79866560043388
188.9,4,5852.069822759049,202.22438336497467,123.92862664999744,77.13188636168645,57.26330814637992,588.4280409382047,231.43918123590652
189.0,4,5901.67868429865,197.5423559076893,122.08559035386058,75.68361833940317,58.37493564619529,588.6035352001213,227.92929599757372
189.1,4,5734.254036839637,193.89723046508985,116.4332855901818,77.261672988947,57.83826299159491,589.1410844653769,217.17831069246245
189.2,4,5705.438783539389,194.21557356530798,116.03839674095158,76.85930454294056,58.507508218982636,589.1786021048797,216.42795790240598
189.3,4,5613.927374123541,192.39950818501143,113.10957368381237,75.31279472063439,57.33285257467326,589.4567122371343,210.86575525731405
189.4,4,5799.28381579347,207.77578899560686,126.1821496112972,77.69016754301173,58.98451900667463,588.2133148494742,235.73370301051682
189.5,4,5775.752049173032,190.7055035632835,115.34542812976775,74.67238053199979,59.30330053802366,589.244427973555,215.11144052890018
189.6,4,5690.659066275304,186.21838835607917,110.97208579878753,76.15294602226335,58.909205719391714,589.659511579403,206.80976841194138
189.7,4,5888.6611847764725,200.65404748723702,123.73515582277022,76.06106068960781,58.06804799886392,588.4464682825619,231.07063434876295
189.8,4,5811.134462621442,193.16950227014132,117.55148054280066,75.286295518176,57.467518302137954,589.0348204675404,219.30359064919344
189.9,4,5760.604096743072,208.53968533936282,125.80136714172626,76.66826277619847,60.716657899877674,588.249608794591,235.00782410817806
190.0,4,5819.712105094374,190.16433806509102,115.89353103489688,77.90256969840986,56.894506719432435,589.1923643001509,216.15271399698258
190.1,4,5984.466567030826,199.3408572504262,124.92529527966936,77.8533593018346,58.75862946727396,588.3330934645403,233.3381307091929
190.2,4,5950.983602625488,200.55787541189903,124.98476901054481,77.24993045790961,58.20113791566379,588.3274267207694,233.45146558461352
190.3,4,5893.095517906012,188.88965848383774,116.56825084672117,74.3714102520686,57.7964541502089,589.1282605564146,217.43478887170795
190.4,4,5976.751937527899,186.8887212802272,116.97066030058998,74.82787513510354,58.034479576276084,589.0900216936323,218.1995661273561
190.5,4,5820.8974360995835,196.823183786918,119.97612134156937,76.65443556465236,57.329113917657146,588.804268356257,223.91463287485976
190.6,4,5948.275494237864,195.19725715144023,121.58875272737127,76.43747675189682,58.25608598429465,588.6508259137568,226.9834817248659
190.7,4,5973.990784074981,180.83373066492987,113.12865097110938,75.90389806401298,58.13524591197229,589.4549015935513,210.90196812897375
190.8,4,5930.941887597627,182.34017620985432,113.2490732893892,78.8105230992759,60.485156562230124,589.4434719347423,211.1305613051536
190.9,4,6033.318624948072,172.01231749367355,108.67869790843146,76.67321272904071,58.867099593302605,589.8769445334765,202.4611093304702
191.0,4,5934.979688823328,193.46065146671427,120.23765591104106,77.218622577642,58.300627545933445,588.7793887892681,224.41222421463863
191.1,4,6075.5245407345055,186.98391467874546,118.96429775536294,77.77424578555804,58.34846572405918,588.900502116787,221.9899576642581
191.2,4,6098.289985458816,187.20418500998045,119.55073302615698,76.67526589754945,59.60030238271039,588.8447306169115,223.10538766176933
191.3,4,5788.305692389208,176.0210530695542,106.69515333814842,79.73862752554483,56.77789334997613,590.064870222963,198.70259554073982
191.4,4,6198.885905662609,179.6963724909711,116.6491480035075,75.52043566651841,57.552840974207,589.1205737294622,217.58852541075498
191.5,4,5817.4474362874535,183.55991217385642,111.82500521565949,75.94061622461307,55.81538870705712,589.5786058122985,208.42788375403074
191.6,4,6070.402730696208,181.7230861518346,115.51974624812577,75.55501908552044,58.26795663784055,589.2278707095115,215.4425858097693
191.7,4,6249.072345256825,186.77975188736704,122.22891725280782,78.57959378848389,58.54371471474248,588.5898914128315,228.20217174336904
191.8,4,6145.032160857109,189.56708211697685,121.9876046174762,77.68438490024978,56.686003484040164,588.6128624328395,227.74275134320987
191.9,4,6060.159617563303,200.90093964930804,127.49543913424927,76.08585975478563,59.10245205830585,588.088104737986,238.2379052402814
192.0,4,6120.565835430837,184.40787761821122,118.19515138387705,75.71863093153003,56.93396804430774,588.9736335947862,220.52732810427528
192.1,4,6347.787461919333,191.89420644411246,127.5595146483103,78.43307024330451,57.29556500986121,588.0819943330093,238.3601133398122
192.2,4,6094.170749667286,177.81955058862266,113.48089298640932,77.22062274606697,57.74249482638363,589.4214679315407,211.5706413691862
192.3,4,6411.1549514907965,171.45281256433552,115.10905943442631,78.49396999072432,59.201733431696454,589.2668774759769,214.66245048046176
192.4,4,6326.539675327519,180.26501706622435,119.42804083319902,76.74363361305042,56.7336614632049,588.8563998502364,222.87200299527285
192.5,4,6247.0369542422095,171.10688082934712,111.93609896749744,77.44347151836567,57.86714439242286,589.5680660775558,208.63867844888318
192.6,4,6334.10389033964,181.96004537015514,120.69515497234644,77.20318899193596,58.3344905314579,588.735862127382,225.282757452361
192.7,4,6322.671169598828,175.96762021454725,116.50967054486772,76.1067377982993,58.111597755181656,589.1338267140011,217.32346571997823
192.8,4,6532.004648509793,167.3318856035451,114.46001753305738,76.69492152379499,58.13172455680671,589.3285123309388,213.42975338122415
192.9,4,6550.272177123728,192.75290758211045,132.21748809332604,75.45841979653572,58.27074263830832,587.6374503641955,247.25099271608883
193.0,4,6348.895085484761,176.43512998433638,117.30373223130518,77.48366619214173,56.93716341721612,589.0583677863192,218.83264427361723
193.1,4,6505.915363506168,168.3408496059725,114.69026120925103,77.81485436872485,59.162036390941964,589.3066492429703,213.8670151405961
193.2,4,6494.783112225572,185.70669414458612,126.305083328042,78.09962969376983,57.345206338110636,588.2015965547398,235.96806890520497
193.3,4,6732.655609296922,173.94405713070657,122.63787405257496,77.72083191165142,57.19433729838498,588.5509578425214,228.9808431495726
193.4,4,6514.924661447417,186.31030304481644,127.10858617898064,76.77612802154889,58.767373393249386,588.1249932727247,237.50013454550526
193.5,4,6829.390404097558,173.19042111899736,123.86095556671472,78.80080647706808,56.770478063002486,588.4344864797548,231.3102704049038
193.6,4,6707.988960588748,174.19351840951342,122.36379800683173,78.0171318500904,57.70235685688842,588.5770510543571,228.45897891285858
193.7,4,6635.255416119441,180.060129598767,125.11339860988448,78.61999476434573,56.640016556734764,588.3151703241044,233.69659351791256
193.8,4,6716.07349159219,181.4765193579366,127.63344714365546,78.70211755193681,59.86260039745674,588.0749437800259,238.50112439948134
193.9,4,6739.287608616199,182.39248393835757,128.72104200587833,76.81614424163371,59.6322755236865,587.9712056341784,240.57588731643136
194.0,4,6729.593597297143,176.08571030465652,124.09136715256685,77.43806482511326,57.193381639242915,588.4125396261321,231.7492074773577
194.1,4,6895.107785178902,180.12693143052417,130.06137112874876,77.90728804321238,57.80322878971992,587.8433094881688,243.13381023662487
194.2,4,6805.001273898391,181.37085610724216,129.24814888775677,75.6034941512062,57.26807001937772,587.9209151100621,241.58169779875834
194.3,4,6750.170198239253,177.29259683426628,125.32391185069993,75.63420457926773,56.89352117481364,588.2951105680324,234.09778863935003
194.4,4,6956.945236187726,174.63964895671472,127.23015386306095,75.43095966694726,57.340756737422495,588.1134016413091,237.73196717381666
194.5,4,6857.470042940542,165.283470274202,118.69213987111901,76.863427567549,57.159284806776576,588.9263813728944,221.47237254211177
194.6,4,6992.989542930425,179.36979975182385,131.35324918956317,76.59563367944037,55.657738595932564,587.7199828063181,245.60034387363885
194.7,4,7013.718925801497,175.25871896338668,128.72313506001584,75.27472804787436,57.41971019952895,587.9710059562033,240.57988087593344
194.8,4,7052.851089565039,171.86908097519705,126.93783507125721,77.17813329061264,57.092438375029715,588.1412738179024,237.17452364195083
194.9,4,7361.093491679872,183.52268121801896,141.468808952793,76.88498314676765,57.42474197641737,586.7524865089705,264.95026982059017
195.0,4,7211.5572474180035,164.41049079690612,124.16157104771659,78.41868820409239,57.012602350277014,588.405852327443,231.88295345113943
195.1,4,7264.473577537856,185.7537033056148,141.30913806159174,79.41530074178651,56.707130167595054,586.7677834851179,264.6443302976411
195.2,4,7107.097994395331,173.9427803442579,129.45753378312503,77.5466438258713,57.919502273049055,587.9009355546364,241.98128890727276
195.3,4,7248.107535871243,176.1876736011882,133.72997616323332,76.16157617618917,57.554625085604926,587.492954890916,250.14090218168008
195.4,4,7364.710234277918,171.07916655617427,131.9414972113584,77.77168340331077,58.39421477172197,587.6638093090423,246.72381381915216
195.5,4,7280.55172602171,162.06741661962775,123.56304982629604,77.00431118175743,57.4693549045678,588.462859720477,230.74280559045974
195.6,4,7497.335564427826,172.6650583810783,135.5626428964688,76.70198333760356,56.753259716690906,587.3177737933327,253.64452413334675
195.7,4,7329.52264714841,175.90379783463055,135.01422417900326,75.95265104070651,57.54366198863044,587.3702072834285,252.59585433142888
195.8,4,7448.764796241776,178.22515860164356,139.02147402254042,76.42540024918111,54.92209619156472,586.9868594052505,260.2628118949906
195.9,4,7451.927393899325,172.04895228989116,134.26081064501207,76.76446060948682,58.98199647437027,587.4422244245653,251.1555115086935
196.0,4,7554.248466560786,158.04346341190356,125.02487282052515,77.93752514743991,57.128097985672525,588.3236055084247,233.52788983150504
196.1,4,7508.191804113592,162.56795048138957,127.82002763088853,77.58009452449141,59.01337171122531,588.0571498136133,238.85700372773613
196.2,4,7573.030860444763,187.7041419171747,148.85800714666942,79.15126487808658,55.93456817139418,586.0436830596244,279.12633880751173
196.3,4,7605.350991091303,165.68455223338407,131.95622968169624,77.76294489097297,55.66106744302195,587.6624023222307,246.75195355538563
196.4,4,7586.28831437581,183.32559364502583,145.6401313270604,77.45551557428978,57.11915065695594,586.3525711112608,272.94857777478455
196.5,4,7729.6299869406585,166.81297742256834,135.0259237368711,76.5709652644086,57.09026437470681,587.3690888061394,252.6182238772128
196.6,4,7732.868873425353,172.10085579166767,139.3645426051722,75.68502460713647,57.04019720900173,586.9540164367218,260.91967126556483
196.7,4,7727.631447513589,177.7918063891515,143.87547206851602,76.23710590962243,56.86181480217619,586.5218216505502,269.5635669889964
196.8,4,7720.103885805154,167.72182322540976,135.5942699675982,76.07162985832913,56.021723811323696,587.3147496847241,253.70500630551646
196.9,4,7860.705734238608,184.66673843051882,152.01233689882596,73.82826769159044,55.13815662784132,585.7405707924022,285.1885841519561
197.0,4,7785.725684957361,174.11925224587551,141.96278462151813,75.68037986458002,56.8801563918079,586.7051569100522,265.89686179895466
197.1,4,7801.1203767033,176.8925479994723,144.5090796299121,78.80223552333291,55.28773211840976,586.4610631127294,270.77873774541104
197.2,4,7861.332463783203,171.87992592647674,141.49788201240304,77.3102147699166,55.16646390078478,586.7497011301313,265.00597739737486
197.3,4,8032.670697531517,178.45955591292844,150.11648582063071,76.40384277313407,56.135815220970024,585.922789295339,281.544214093218
197.4,4,7763.222459375859,185.00375382555387,150.40116137414097,77.32109159221119,56.91991653017693,585.8954352984632,282.09129403073575
197.5,4,7981.684268114029,173.14482625309873,144.72137538446228,74.48554370057009,58.449663993642915,586.4407025507667,271.18594898466654
197.6,4,7745.596794804384,186.29093880057385,151.10374733399271,77.1543300937432,57.41365095684779,585.827913787877,283.44172424245926
197.7,4,7961.877718781212,170.0279498969752,141.76350412117273,78.3344591441617,57.83993884072151,586.7242516371062,265.514967257875
197.8,4,8105.528295074042,179.79055171455065,152.60782729483788,76.64125835115307,57.03255827829616,585.683311630623,286.33376738753896
197.9,4,8015.8305201659605,178.0045507036645,149.41983396173922,74.6448142110831,56.71777443530756,585.9897183695443,280.20563260911445
198.0,4,7997.965473716963,167.24517040336755,140.0753538811659,76.25855393974373,58.828587013150624,586.8859564087293,262.2808718254146
198.1,4,7939.68615537369,176.3715303921166,146.642696194049,78.27395644402768,54.9716720067683,586.2563693620231,274.8726127595387
198.2,4,8005.862609322674,175.08065213496755,146.7827115841707,77.03223743946461,55.85288626709101,586.2429315232494,275.14136953501406
198.3,4,7987.7524176650595,169.2150603759988,141.54424836633234,75.00243173101885,55.90238693277618,586.745258890806,265.0948221838803
198.4,4,7944.608015972078,177.8552903321819,147.96802598000775,79.5275649624801,57.10243812945524,586.129146859276,277.4170628144793
198.5,4,7998.100018131303,176.5381760702589,147.8611515083072,75.16333191299185,55.2012861887128,586.139408166958,277.21183666084016
198.6,4,8049.626372692316,175.1733709664705,147.6632518529382,76.3573729315054,56.914544985077285,586.1584080777197,276.83183844560403
198.7,4,7961.812320457328,175.37065926776773,146.21687190268815,75.38448972326734,56.70169140759884,586.297233551798,274.0553289640411
198.8,4,7960.792751031782,175.39117218704686,146.2152483838155,75.36611334004617,56.90619216460194,586.297389341479,274.0522131704199
198.9,4,7909.631486786511,173.61863077651824,143.8073868986271,76.04619178953772,56.8587510875861,586.5283497759867,269.4330044802666
199.0,4,8076.213513446166,177.34280668361566,149.9857459682866,77.3311074800283,57.572414360624926,585.9353509917887,281.2929801642247
199.1,4,8089.918445770405,172.02757181436922,145.73733404755177,78.09481827949887,55.9553385441666,586.3432453773119,273.1350924537628
199.2,4,8057.921511597516,195.30260619681684,164.80094189678235,76.06073345589115,56.50504903969799,584.5083534669668,309.83293066066494
199.3,4,8124.195492971079,167.00793725108926,142.08430107448638,75.28942159198905,55.2085780599475,586.6935127808661,266.12974438267884
199.4,4,8036.239992931819,172.94620142594363,145.54340920075649,77.05292598118884,54.95046490668278,586.3618504350288,272.76299129942345
199.5,4,8059.329550253093,173.6623851350717,146.56601978513402,77.06458891565686,57.650120904429954,586.2637280373253,274.72543925349214
199.6,4,8043.968270268938,191.6457864346993,161.43520220641736,76.71946949882022,55.04310845308801,584.8331686175302,303.3366276493973
199.7,4,7998.255102483826,168.2770516836926,140.94470469184014,76.73740503581304,56.46638065271225,586.8026942978261,263.94611404347756
199.8,4,7947.218347476735,180.65040137691065,150.34282069315228,76.24645366460689,56.32586223251411,585.901041369947,281.9791726010578
199.9,4,8197.549694589947,179.55332321297388,154.1367237561761,76.473850081068,56.93946402368354,585.5362485642868,289.27502871426555
200.0,4,7932.710377357103,180.28944720576692,149.7685149864076,76.11214566457392,54.075862342896755,585.9562216756833,280.8755664863338
200.1,4,7899.72913191639,186.74172486965873,154.4835298481618,77.58800260746426,56.594769347912425,585.5028790824827,289.942418350347
200.2,4,7990.482526478559,186.72402446605741,156.2434511703378,78.95097270164959,55.614952559280766,585.3334803184525,293.33039363094827
200.3,4,7958.386599374141,175.17460253920717,145.99056557878595,76.46504724698295,55.04242385722179,586.318948644364,273.62102711271973
200.4,4,7785.18271942933,179.79907166423382,146.58342770642156,76.21375292994443,55.360793434862835,586.2620574065592,274.7588518688167
200.5,4,8008.463756131846,165.49283767391117,138.78963550273158,76.50038647855521,56.61759263457073,587.0090518633485,259.8189627330305
200.6,4,7875.05276393239,179.3261472795963,147.88553891203284,75.37510004237056,56.281209572100444,586.1370666986354,277.258666027293
200.7,4,7759.703131244548,173.15524927584678,140.70495328792174,77.0533769166986,55.391132493711076,586.8256589124371,263.48682175125646
200.8,4,7958.49394999012,177.47830955391785,147.9124708496362,76.63515773656586,54.34897846425416,586.1344809038364,277.3103819232722
200.9,4,7884.424363967936,167.043729792063,137.9204888262213,75.57107472899155,54.3885177838964,587.0922345926383,258.155308147235
201.0,4,7683.418722006629,181.72172903274716,146.214343909239,77.12756515472572,56.17901887117662,586.2974761330454,274.05047733909214
201.1,4,7950.1194381119885,167.0452916666802,139.07097851992387,76.03687509797004,54.11712590157884,586.9821204255768,260.35759148846523
201.2,4,7820.815058824863,179.97969635517555,147.40226224333566,74.81858162395173,55.245550153208356,586.1834631875408,276.3307362491844
201.3,4,7733.442820242932,170.36280922315433,137.96733948151243,76.372700396386,58.01357319873948,587.087751308838,258.244973823239
201.4,4,7860.939705796502,172.99315724569456,142.40721988745526,76.20285829070839,55.760821877147166,586.6625672785187,266.7486544296264
201.5,4,7699.771270159926,187.00116547070357,150.78243601335225,77.03823158261761,56.01223717352177,585.8587951567997,282.82409686400683
201.6,4,7656.087792250029,182.99542081583593,146.7154145647899,76.85042255396877,54.17765002118678,586.249390366951,275.0121926609802
201.7,4,7569.5312850541195,186.87039815628515,148.12832677543477,75.68790854641871,53.98005478587489,586.113755255501,277.72489488998076
201.8,4,7660.464524726238,189.673552978082,152.15649769131284,75.21847095456255,55.97182688910903,585.7267101166842,285.46579766631567
201.9,4,7622.858779212691,173.25807562539845,138.30566796449693,75.75264784822164,54.86228197228436,587.0553735335366,258.8925293292698
202.0,4,7550.872221994919,189.0557312808204,149.49118575946773,76.15169478298937,56.28686869110741,585.9828641451173,280.34271709765335
202.1,4,7445.868332311466,168.18138816345171,131.13599111688498,76.26099068891673,55.224981276700056,587.7407266321688,245.18546735662312
202.2,4,7504.283463926151,183.52117192412402,144.2195122350432,76.0065377868704,58.606802678597646,586.4888322013556,270.223355972887
202.3,4,7455.956658711406,174.6847334834863,136.39138654120669,75.49988680832568,54.546706400403465,587.238520697453,255.2295860509389
202.4,4,7306.22012157548,171.44626704772838,131.17449592814475,76.76854382219189,55.37674198113658,587.7370502973821,245.25899405235805
202.5,4,7263.0969385877,182.06014163218344,138.47307448105806,74.7263716330208,54.16205038424359,587.0393515081644,259.2129698367114
202.6,4,7426.375072026527,184.15379821096772,143.21423198097915,78.47360084515262,56.05686645596448,586.5852162183025,268.2956756339479
202.7,4,7095.061154203581,183.70570386084017,136.49206426847567,76.37640032553655,55.433897485681186,587.2288913553173,255.42217289365567
202.8,4,7331.139393079227,178.5415529711908,137.06905011980245,74.06975304583942,54.000805576413526,587.173699195976,256.52601608047803
202.9,4,7235.463194851937,177.67859934409674,134.6263522715684,75.606655045537,54.61333600749169,587.4072853589247,251.85429282150608
203.0,4,7374.331901663243,180.13863664347252,139.10994208068354,76.27287325343285,56.27109972120977,586.9783904564479,260.4321908710426
203.1,4,7172.288677109209,178.2505685633094,133.88049299194802,74.88731639999462,56.11964011204639,587.4785712996472,250.4285740070543
203.2,4,7250.931407838041,179.56502476790902,136.34655350573166,73.47293016285848,53.422226875353275,587.242808658561,255.14382682877908
203.3,4,7119.71829000787,176.83221372395477,131.84170530664187,73.98041170870108,54.339373261140956,587.6733394979049,246.53321004190275
203.4,4,7137.447741052989,180.90948156898236,135.2174957596771,75.83763148195811,56.59549236389535,587.3507739087399,252.9845218252001
203.5,4,7165.968449960811,163.2021540006259,122.46990928193225,73.04106218816713,54.57570624871811,588.5669490870157,228.66101825968485
203.6,4,7021.502542097109,173.23290679950014,127.37642867986447,73.36652541517634,54.89513416756486,588.0994535355455,238.0109292890893
203.7,4,7129.781076634174,164.00048839415965,122.4475089071221,75.7087369645856,55.70751375347131,588.5690816688667,228.6183666226657
203.8,4,6910.593666761308,175.13610238852766,126.74173737816828,74.75593651409568,53.317336308236435,588.1599699401789,236.8006011964212
203.9,4,7003.127576789906,184.18047713073472,135.07166386027396,74.14618790730232,53.67876609744849,587.3647160102946,252.70567979410885
204.0,4,7033.233274863275,168.8319951525072,124.3478821224913,74.34524768467533,54.26378289789752,588.3881044434365,232.23791113126822
204.1,4,6979.056613233651,172.4806830966458,126.05666200029805,73.1314292863002,55.76118019058202,588.2252760952852,235.4944780942958
204.2,4,7069.548555169165,176.30024689700625,130.51884445786615,75.4349119549681,55.545456103287734,587.7996437105116,244.00712578976595
204.3,4,6786.4878458478,155.9211953113476,110.80997300845652,73.84256462323971,55.21465428601179,589.6748866308405,206.5022673831902
204.4,4,6699.950018417704,166.10631865112734,116.54303777664552,74.12405512471608,54.32499149130187,589.1306562540517,217.386874918966
204.5,4,6708.918450846915,171.65390468517919,120.59653169106836,75.13933733897974,55.56305442676027,588.7452457444991,225.0950851100174
204.6,4,6839.018852878335,148.13986989648868,106.09486824631142,74.37118093234992,54.25024579826497,590.121718654116,197.56562691767954
204.7,4,6796.989173696585,160.8730358179611,114.50605528926091,73.7891950059222,54.950341827352766,589.3241408880186,213.51718223962735
204.8,4,6733.350176389324,174.6838988913754,123.172199216948,72.20280893719692,55.25397536866281,588.5000810161438,229.99837967712438
204.9,4,6591.468912440279,173.24143749695065,119.58111672224123,74.98611809379324,56.00840216928379,588.8418407559843,223.16318488031243
205.0,4,6746.10476462353,168.05867571153019,118.72512522794192,74.59479156113008,54.224989684603464,588.9232449474985,221.5351010500308
205.1,4,6532.618816045775,170.80731956927625,116.84830392945328,73.83365381885565,53.888525993767146,589.1016491138708,217.96701772258302
205.2,4,6735.411152863353,165.30675070987283,116.5959107463392,73.16388944394836,55.51612661051009,589.125632342886,217.48735314228043
205.3,4,6873.76398011351,166.8335870879515,120.08996592879399,74.37806879872949,55.562915246047936,588.7934386783963,224.1312264320743
205.4,4,6614.785723983847,159.85690647769695,110.73267788676657,74.89304628823024,53.61779926984011,589.6822171437152,206.355657125697
205.5,4,6613.7192175512055,161.97385191815857,112.18099339348237,74.38726315628689,53.026354078107765,589.5448309920318,209.10338015936418
205.6,4,6490.553724798434,155.80945660788595,105.90200439258113,76.18885452051522,55.32074254312164,590.1399809572238,197.2003808555246
205.7,4,6345.17022214812,168.12973027714577,111.71626605782602,75.02188489998767,52.430410444302744,589.5889217894849,208.22156421030286
205.8,4,6440.372500924274,168.96219886743776,113.95389069099734,74.00015675021652,52.34987884697026,589.3765664575837,212.46867084832616
205.9,4,6375.031430012177,166.97349566358068,111.4701248727698,74.96733846861788,53.74504356533973,589.6122716048709,207.75456790258204
206.0,4,6323.360342743729,153.43732403804515,101.60324179173017,74.0920779494483,53.98655596517338,590.5467334133318,189.0653317333647
206.1,4,6607.169659544446,148.5750927816445,102.79928331894747,74.03997075860109,52.79506402169093,590.4336201780507,191.32759643898794
206.2,4,6452.942545143137,163.12550945587606,110.23215487545181,75.49321448903375,54.04790602524701,589.729681243839,205.40637512322178
206.3,4,6447.324919006709,156.90731517670605,105.93790171391917,72.81153448032372,54.06366601216634,590.1365819223162,197.26836155367664
206.4,4,6366.892048034643,154.29176541120646,102.87239541434657,73.86859434108933,53.28809416715696,590.4267043190575,191.46591361884816
206.5,4,6365.581633671629,146.42677104499037,97.60840037744916,75.21949175090603,55.77336742788042,590.924218789296,181.5156242140813
206.6,4,6460.150946710822,152.69156388391752,103.29667134601621,74.11364890641894,54.14122383002997,590.3865677286948,192.26864542610429
206.7,4,6352.7166128867675,140.94430310075603,93.76389221780069,73.25082601878394,54.81165233049877,591.2870367699716,174.25926460056985
206.8,4,6394.225409879299,151.78905785691407,101.63821408193338,71.5969415152439,52.19879538524618,590.543426603926,189.1314679214804
206.9,4,6313.95419972636,155.7926869688087,103.00946057802703,70.87038021585789,52.162159134891965,590.4137385329417,191.72522934116614
207.0,4,6289.57129099989,156.32861000610055,102.96464547429207,76.03650239958765,54.05920669623686,590.417977916342,191.64044167315978
207.1,4,6178.646463330301,148.62320652442347,96.16313004184872,73.86541814678141,55.426298532890854,591.0606664188106,178.78667162378747
207.2,4,6115.359539023666,132.7235709086727,84.9960359007921,72.74427121781885,52.533958479990766,592.1128003654053,157.74399269189416
207.3,4,6270.041653477786,142.49567082000007,93.56226225469094,73.81430379715195,53.65988399936031,591.306052734289,173.87894531422035
207.4,4,6292.589003087833,154.79175926859816,102.00132684325875,72.2073901371123,52.2541868837448,590.5090902056743,189.8181958865132
207.5,4,6158.042690881071,132.41687271758806,85.39149956080298,72.89665369263709,52.74360197193775,592.075605562654,158.4878887469199
207.6,4,6270.607117599002,136.75015557738715,89.79787057794097,72.11432096423272,53.62844596707683,591.6608493904282,166.78301219143464
207.7,4,6273.28093566311,145.71105725715833,95.72290371558003,71.49673898641551,52.91600509521007,591.1022153743377,177.95569251324764
207.8,4,6058.260580075672,138.77356816549965,88.04066666531988,70.61577241554777,52.07654857886238,591.8263194653196,163.47361069360886
207.9,4,6171.644371108848,150.43786305725325,97.22695095127712,71.1735273363081,52.027788388861445,590.9602375546217,180.79524890756488
208.0,4,6293.341090910754,126.55633947234371,83.40532775207592,74.26510377081374,51.443511892813646,592.2623644671887,154.7527106562245
208.1,4,6288.037015936661,123.43754381256117,81.28136326053088,71.8040283484436,53.780100895251785,592.4619480028832,150.76103994233563
208.2,4,6138.80277871925,138.35706754038424,88.94338374208802,73.5787771070921,53.87528125569612,591.7413253094115,165.17349381176928
208.3,4,6261.083207460267,120.82776074860737,79.22182089995633,74.03340056941217,53.84462567461846,592.6553479740369,146.89304051926229
208.4,4,6341.253467545374,127.22120490851493,84.4818149218706,72.85373935582946,52.317460127988376,592.1611576463577,156.77684707284698
208.5,4,6316.477258169367,127.52826518025302,84.35484012580028,72.42389167041587,54.207345373565076,592.173097109242,156.5380578151587
208.6,4,6232.540112977492,134.61907072813307,87.86183890838981,72.89004264744526,53.88312814504628,591.8431538234279,163.13692353144347
208.7,4,6196.446843361262,131.03712937014197,85.02873477408667,72.17863342234259,53.15879926255539,592.1097250964598,157.80549807080433
208.8,4,6180.772677799178,129.29819455830088,83.68812729379859,74.07135728228947,52.97003419934932,592.2357802316367,155.28439536726523
208.9,4,6284.969800029409,122.63521810008471,80.71365626535183,74.82652640143772,52.45331097085746,592.5152709204837,149.69458159032683
209.0,4,6259.305448378081,133.30340200982243,87.37677199734057,74.2624165127834,53.27035986143159,591.8888118131365,162.22376373727116
209.1,4,6301.050426501378,152.31857263195394,100.50656594985443,69.88866568486429,54.67142816767331,590.6504106509166,186.9917869816686
209.2,4,6254.479377066617,128.3101522100873,84.03898587501008,71.89395710602945,54.168232693874955,592.2027948250511,155.94410349897885
209.3,4,6320.600515118597,123.49685676355175,81.74154917958708,72.37118195217555,52.75057736199114,592.4187170634493,151.62565873101244
209.4,4,6252.806933032097,113.0373481239408,74.01599769276788,72.86962215015362,53.52203953293713,593.1436285167355,137.1274296652905
209.5,4,6319.468298381402,116.97918808566503,77.4136884384963,70.18890233597227,51.85883944811687,592.8250341675853,143.4993166482957
209.6,4,6328.815779128749,119.2613595007836,79.04070913389698,70.11724587620324,53.66741178095494,592.6723490419652,146.5530191606956
209.7,4,6170.847504783028,116.32818121113746,75.1723920536371,73.72520149494112,52.083788760203724,593.0352347214609,139.29530557078124
209.8,4,6076.681330085128,119.26884658795689,75.89656126308651,71.43376891708503,53.58243144604267,592.9673348195306,140.65330360938674
209.9,4,6396.214067442394,131.1371492373698,87.83697010613203,70.26747131443734,55.839009203802554,591.8454948278479,163.09010344304056
210.0,4,6275.003872067752,126.73016842158465,83.27653146301991,70.67563103073245,52.277919294974296,592.274471008213,154.51057983573946
210.1,4,6088.6580005159685,116.19713428500346,74.08761524641181,72.41621065139343,55.74896574905045,593.1369166610336,137.2616667793261
210.2,4,6184.470017999201,108.16064895769414,70.04875014783201,70.90823067682702,53.295267025891775,593.5151913858888,129.6961722822232
210.3,4,6326.157584121269,125.29119060730949,83.0021152433789,72.13289697523021,52.033715750034624,592.3002637997386,153.99472400522768
210.4,4,6226.567089667581,114.89928894735574,74.91945870349399,70.6161488960582,51.96683814334673,593.0589466729906,138.82106654018799
210.5,4,6204.520107131518,102.47293878989846,66.58033955331157,69.64528006592445,55.10644823435967,593.8396494433365,123.20701113327004
210.6,4,6385.964743055567,118.86462190856534,79.48913073411398,73.39530359821903,53.21392729842907,592.630253638067,147.39492723865965
210.7,4,6152.752327183251,120.3806554789104,77.56302796891981,72.11163690790862,52.134481669538516,592.8110229594215,143.77954081156986
210.8,4,6175.3958698456745,95.54746364783043,61.78920165492999,71.18110974985268,52.47712197797558,594.2872557894052,114.25488421189584
210.9,4,6269.85425845763,106.09031317220659,69.65652347974269,70.90382436738949,53.091560780298146,593.5519008457006,128.96198308598855
211.0,4,6284.9587852505265,110.42844804459713,72.67951502651282,73.23523812655202,52.63252326223189,593.2688528526143,134.62294294771482
211.1,4,6292.617378886418,115.68934213376396,76.23480518630225,72.13515030217013,52.96786068275785,592.9356148376518,141.2877032469646
211.2,4,6329.1038105903335,106.29103374856797,70.44780531271526,72.7495094701414,54.3765508108923,593.4778381178626,130.44323764274964
211.3,4,6257.911497624744,103.43775309221722,67.78554824092656,70.62099092484144,51.456210492080494,593.7269468867669,125.46106226466122
211.4,4,6281.454832529014,113.72304033333037,74.80615298464528,71.33038470540343,53.210317648572214,593.0695682155185,138.6086356896294
211.5,4,6205.630263681831,104.73395239253084,68.06157697395852,71.70046637399467,52.47456283010879,593.7011285533624,125.9774289327504
211.6,4,6230.847627115213,111.19580172360317,72.55446420689569,70.50607333524289,52.03045715131575,593.280566996252,134.38866007495903
211.7,4,6229.0579497665185,99.0204792686698,64.59159562746122,70.99993776759771,53.58398964563909,594.0255281931492,119.48943613701658
211.8,4,6232.513679499868,96.74547937580725,63.14261142063516,70.36276101921148,51.032975681111274,594.1608841197601,116.78231760479775
211.9,4,6277.966617258027,110.92104979024589,72.9225070662016,71.49058433510703,50.11082856272581,593.2460892194752,135.07821561049695
212.0,4,6249.042732296699,106.8363638217861,69.91352681393572,69.37476854929051,52.68493218737336,593.5278477892782,129.44304421443462
212.1,4,6191.440613797816,110.97323495228801,71.95128853474189,71.59564781611377,52.30563518032488,593.3370629465207,133.25874106958395
212.2,4,6100.492922220828,100.24852121907878,64.04297831610332,71.23110149153823,51.07466373180396,594.0767842546853,118.46431490629357
212.3,4,6173.069888309818,97.88540184552137,63.27727086771465,70.5633624778983,50.700936650595146,594.1483076194734,117.03384761053371
212.4,4,6152.400898451478,112.46499588235518,72.45871311197946,71.29597113895822,54.32638454833016,593.2895361700009,134.20927659998029
212.5,4,6160.956851411511,91.78293946593467,59.21595634626712,70.26797621800782,52.843313627733565,594.5273773776054,109.45245244789248
212.6,4,6338.868802111659,110.72291516099337,73.49840130189224,69.85124400733093,52.384779391718354,593.1921320603502,136.15735879299564
212.7,4,6065.220275834131,110.74108942050663,70.33702376991192,71.25751585555027,54.54550240926417,593.488208220178,130.23583559643953
212.8,4,6139.896152327324,107.0693352587951,68.84220148581285,71.25925782146288,53.35773439915343,593.628100591247,127.4379881750599
212.9,4,6185.139067918214,95.80193710866166,62.05151329071949,69.89607175214871,54.09065525601095,594.2627672554202,114.7446548915957
213.0,4,6075.846122545644,94.48595926667366,60.117742087548855,69.74325227743358,51.12742487777149,594.4432498085616,111.1350038287685
213.1,4,6270.565704416016,98.33383695497227,64.57112103198058,70.1856352729971,51.076281812437614,594.0274412483196,119.45117503360734
213.2,4,5993.515901260258,90.35950790113591,56.71319793931977,69.69325998293027,52.897342013451876,594.7607338556381,104.78532288723841
213.3,4,6040.194730165029,92.33181741463804,58.40243330807112,72.13645333063225,52.68165662160157,594.60325030957,107.93499380860112
213.4,4,5912.508050990693,103.23439307959832,63.918234684238456,70.63691062042398,53.50400975132262,594.0884375205587,118.23124958882431
213.5,4,5932.995797915693,102.943300267425,63.958864659909295,70.22568053253016,50.61105024422072,594.0846420115099,118.30715976980173
213.6,4,5967.040792896188,90.74678106000289,56.70467343432354,69.04010726814978,52.933230402797854,594.761528362352,104.76943275295866
213.7,4,5999.797105312392,102.54225178205297,64.42701825257828,70.99758340235165,53.206999289501525,594.0409052192672,119.18189561465738
213.8,4,5924.724145556037,100.72504045063708,62.493407119147925,69.32849618780618,53.14230549933452,594.2215089216536,115.56982156692698
213.9,4,5988.04647311214,107.86982686504675,67.64158286740567,69.23096377352884,51.78814820671065,593.7404117801633,125.19176439673402
214.0,4,5832.442228725231,101.06071173457927,61.725045138921935,70.8934543803129,52.70247453203078,594.293244916284,114.13510167431923
214.1,4,5781.960365980485,104.28360629124792,63.1422087478364,70.38338330388828,51.397527862542034,594.1609217265236,116.78156546952664
214.2,4,6041.4742902458365,100.0307135916816,63.28560213700578,66.86696641121196,51.86987445885798,594.1475295040761,117.0494099184782
214.3,4,5792.163986141485,103.38933500522785,62.71121410940886,69.6345195866212,51.10983091630472,594.2011707914967,115.97658417006528
214.4,4,5655.523897105641,87.37986038799443,51.7502921942676,69.92744764873251,51.38436047231726,595.2229282287595,95.54143542480915
214.5,4,5626.143155165278,95.41864530713057,56.2176442382406,69.32253211436488,51.89263611870242,594.8069172330397,103.86165533920575
214.6,4,5569.841958832283,95.90059719348879,55.93617973240819,69.87595622322846,51.633548278100875,594.833145238432,103.33709523135894
214.7,4,5714.759793355185,94.39138715018528,56.488360089601606,67.46562057216393,51.35689549396135,594.7816886292647,104.36622741470501
214.8,4,5556.667464537546,99.1506183867951,57.69503652389109,66.19400691028255,50.80760809354762,594.6692095352648,106.61580929470233
214.9,4,5568.0079883162325,100.45151325342417,58.571311847408744,68.37491934587997,54.06013637044832,594.5875015209236,108.24996958152724
215.0,4,5513.648843311623,98.74579953949804,57.01463542757324,69.83869654612057,51.590631197919535,594.732637696879,105.34724606242094
215.1,4,5552.118154148003,94.77224850340454,55.102144614861295,65.58484544702307,52.4136322571712,594.9108503201367,101.78299359726566
215.2,4,5364.324178878337,90.89330141566215,51.05937700393278,68.39760967244695,50.31748707870402,595.2872156478479,94.25568704304169
215.3,4,5303.943395912238,103.77793929782588,57.64113731843771,67.05790785947734,53.42722111837831,594.6742346099213,106.51530780157259
215.4,4,5388.034813249409,98.62160628737834,55.64563245643343,69.0297170180674,52.230166940931,594.8602171660818,102.79565667836323
215.5,4,5383.695271886433,89.1405594981111,50.25559782396,71.62628393447189,51.61288812695143,595.361987087482,92.76025825035845
215.6,4,5317.375201771594,95.03386769242148,52.91811044624074,68.97243106018637,51.615700737785545,595.114234685389,97.71530629222184
215.7,4,5167.400353738588,84.326733493396,45.631632506254626,69.0605796963423,52.914654213218164,595.7917636525927,84.16472694814502
215.8,4,5266.538297063419,96.93876475560224,53.462756390860996,70.15350929052371,49.08687549596344,595.0635286045872,98.72942790825618
215.9,4,5088.786956404759,95.48487931691707,50.883560275939445,69.1291620076593,51.210828755799874,595.303572590713,93.92854818574051
216.0,4,5066.615687234046,93.05548798901926,49.37289265301633,68.80308361431042,51.911314569948075,595.444078804067,91.11842391866162
216.1,4,4982.660920537511,108.39282441163174,56.55753650816857,70.13085073414594,51.89548928963731,594.7752415807706,104.49516838458635
216.2,4,5151.623645858458,89.45183847366364,48.257188591828225,69.5432690063023,54.52744041947343,595.5478068288244,89.04386342351131
216.3,4,5043.4050472580975,102.7541488967288,54.26900175648832,69.28181564561486,51.6808896274457,594.9884518361295,100.23096327741086
216.4,4,4995.497793360894,113.40076197227071,59.32303506598512,68.72772491552747,53.00539168898128,594.5173892638463,109.65221472307235
216.5,4,5010.917486983957,105.9387317938727,55.59050752493327,68.43812039907834,53.82383080330837,594.8653531861942,102.6929362761166
216.6,4,5113.697898924254,98.5004815643506,52.747519265739655,69.91348511353455,52.680124271246314,595.1301147896104,97.39770420779223
216.7,4,4637.878362780269,91.12519492994991,44.25745562357701,68.36895641752524,51.33335862376993,595.9193668367013,81.61266326597229
216.8,4,4683.603076260059,89.89035040286453,44.088139676342664,70.2104004352767,50.72067981567847,595.9350853532884,81.298292934232
216.9,4,4648.482747163271,96.92336550125701,47.18112881875216,67.43686503383461,52.748908808136875,595.6478146117166,87.04370776566748
217.0,4,4579.280181298038,95.39262098635379,45.74468232430391,70.37488771361265,53.64716347408717,595.7812636328526,84.37472734294829
217.1,4,4510.686469934441,95.57976136502788,45.147863251291035,69.1820682512928,52.54707982029157,595.8366917287408,83.26616542518536
217.2,4,4537.441214666806,98.76451447063387,46.92892031287789,67.41502256269416,53.2338722143758,595.6712496927911,86.57500614417813
217.3,4,4403.127476189936,100.78182681793012,46.46993909853217,69.15005849211073,54.59200738115886,595.7138932193376,85.72213561324816
217.4,4,4503.318480280991,105.35917383024604,49.68595438711674,67.72131981945243,52.8373998679832,595.4149666252581,91.70066749483681
217.5,4,4429.216465793237,93.77907727765893,43.4972177799165,68.50457975928423,50.89968694897187,595.989937293695,80.20125412610128
217.6,4,4422.892615860053,98.16425709663747,45.4661727139925,67.84368403726168,52.052003760179076,595.8071308168353,83.85738366329406
217.7,4,4378.43600638223,102.33343438312222,46.92077471334622,68.2317042625485,53.37211024850155,595.6720065466304,86.55986906739145
217.8,4,4340.654475102247,102.60827587156601,46.64082509701195,69.48487381546478,51.75439610033096,595.698017075465,86.0396584907005
217.9,4,4201.264921472934,117.37101077152847,51.63801395594804,68.94172854697736,53.51049095792516,595.2333763075187,95.33247384962692
218.0,4,4391.862861025536,106.69445059863259,49.07035726301612,66.93383740249013,51.93978639599497,595.4722093937264,90.55581212547168
218.1,4,4166.528485395971,94.33903700353711,41.16180510681209,66.96772892185759,52.343336892323336,596.2066210549126,75.86757890174908
218.2,4,3921.554535523174,109.13908004156934,44.819516338942805,68.53995545405962,51.66084260643588,595.867181708526,82.65636582947877
218.3,4,3957.8692260757366,110.62073491269973,45.84865477327749,68.59284440910173,52.174041876033556,595.7716063862882,84.56787227423547
218.4,4,3842.7637617590713,106.52552297204915,42.86728511505354,67.33809981085653,52.23020224552624,596.0483991917674,79.03201616465253
218.5,4,3965.2276927549074,99.51843228486557,41.32380224048451,70.02384877229359,50.41278921017529,596.1915957878582,76.1680842428359
218.6,4,3907.9713081936284,120.93923845276258,49.49339144258634,69.05772663809432,51.58364080745366,595.4328737425305,91.34252514938908
218.7,4,3831.5359201693336,101.77355901096595,40.835368718732845,67.2985332996598,50.79625519322752,596.2368957811427,75.26208437714445
218.8,4,4024.1379020040604,114.5266652858487,48.262308164777046,67.15064403089983,51.62690960556507,595.5473309405977,89.05338118804707
218.9,4,3842.9243774359493,111.94811945805117,45.051292880156446,67.71253676758853,51.24373462948722,595.8456594870947,83.08681025810415
219.0,4,3818.0655866825678,115.40729996695953,46.14294220626051,67.55668973483628,53.05592447974611,595.7442704519406,85.11459096118983
219.1,4,3619.6293366367827,123.81020113630825,46.929847889290706,69.43175001383536,53.073032292336855,595.6711635062843,86.5767298743151
219.2,4,3572.8721421610626,116.46029458736035,43.573653668927896,69.07568152192535,52.615779102385495,595.9828427544475,80.34314491105079
219.3,4,3631.745142726862,109.29019909997139,41.564752563146,67.90668054482886,50.79401120889497,596.1692461864336,76.61507627132778
219.4,4,3605.9226291402665,121.6195570050098,45.92492324677199,68.64888046951657,51.970023376998874,595.7645221605503,84.70955678899259
219.5,4,3375.1876201692075,110.14074561880605,38.92911669041028,68.79421743188634,50.72778506603215,596.4136257739899,71.72748452020073
219.6,4,3497.300355327557,116.38757494135214,42.62537073312672,67.84827324640978,51.93482397715356,596.0708473710558,78.58305257888446
219.7,4,3479.529535119553,106.87803185088208,38.94373424789657,68.23367895030859,52.736998494339,596.4122709706596,71.75458058680874
219.8,4,3422.415050306083,109.38563997899792,39.203208026797896,68.4362037641082,53.08946077467347,596.3882210563456,72.23557887308857
219.9,4,3331.1681799604767,117.6686699933345,41.04743482935598,68.28141673335894,52.57829866384093,596.217228462403,75.65543075193887
220.0,4,3323.719729924395,120.57660696006609,41.96778725340543,111.73530838690685,53.37234029981964,596.1318585080627,77.36282983874617
220.1,4,3325.6818036237382,106.77430234088155,37.1857079953273,111.83067923558379,52.38235647138363,596.5751662412515,68.49667517496982
220.2,4,3319.6116515615927,122.86240300564944,42.710524372562325,112.27215300575743,51.89808670040254,596.0629458267574,78.74108346485286
220.3,4,3337.9577398465835,114.3343800568193,39.965595939304436,111.74548560481877,53.01466891731179,596.3175461143046,73.64907771390676
220.4,4,3353.734190255513,129.7151472481129,45.556248088468124,110.80126141668114,53.0571594636346,595.7987651185997,84.02469762800479
220.5,4,3194.69072638392,118.97780722911354,39.803695905408375,113.35610973219701,51.63649908065784,596.3325559931968,73.34888013606474
220.6,4,3151.986003222821,114.25703303403597,37.71341330411456,112.93713095104573,52.549951817520665,596.5262794995409,69.47441000918161
220.7,4,3210.6453331465186,123.3297832164386,41.46569219794827,110.89116625143798,51.887265199651154,596.1784348392857,76.43130321428657
220.8,4,3201.937935352468,117.05753251007576,39.25011131514696,112.18676468359685,50.18390185849464,596.3838735106715,72.32252978657016
220.9,4,3078.6013095490002,133.02042032289495,42.884503223416445,112.2326764740615,52.643829113894476,596.046801391432,79.06397217135918
221.0,4,3171.992428392134,124.80208532898052,41.45554242305259,112.65060602599893,50.92073304440245,596.179376297183,76.41247405633976
221.1,4,3168.139632642944,124.39049788374335,41.26863824373249,111.1129199332029,52.55531741858421,596.1967123453442,76.06575309311779
221.2,4,3177.088060251902,130.24134729157987,43.33180205743283,110.7658911588642,50.70392897062414,596.0052900795628,79.89419840874461
221.3,4,3203.745853260623,119.70262151956321,40.159688609891006,112.99431647119071,51.53201300826286,596.2995506286725,74.00898742655045
221.4,4,2934.054201727108,118.34306882713202,36.36131470293499,110.5103631558364,51.83082748029555,596.651522102572,66.96955794855853
221.5,4,3000.373714985523,130.84625205036147,41.11168313191052,112.0529016758484,53.4791972355755,596.2112697238805,75.77460552239017
221.6,4,2983.9444267954464,120.90088587417603,37.77885851258981,111.92229742963067,51.757302144335426,596.5202160785404,69.59567842919228
221.7,4,2958.502753185514,121.4988400702619,37.64200322377764,112.14765497335674,51.229488082193114,596.5328954174015,69.34209165196876
221.8,4,2892.20882972047,135.6454817080842,41.083137003300266,112.58137929422601,52.68274154571859,596.213917262573,75.72165474854046
221.9,4,2799.945500317714,134.04128308263446,39.302191953423865,114.17944269132575,52.115654370960996,596.3790459928941,72.41908014211845
222.0,4,2938.1715231541666,122.15446875326403,37.5850491502519,110.32532677781515,53.137712523716814,596.5381719261903,69.2365614761934
222.1,4,2845.7646078829935,127.15000287977607,37.891689178069626,113.28069625669791,51.35008693195769,596.5097621599498,69.80475680100312
222.2,4,2917.406233854266,125.69720688284687,38.401762020292196,109.19881302498202,52.58792497137618,596.462498599415,70.75002801170058
222.3,4,2825.355308926585,144.98309612340444,42.89622347244726,113.87098495019607,54.86202972779055,596.045713774699,79.08572450601923
222.4,4,2788.934145253915,139.40210932342544,40.71329224419571,109.73274395736712,52.16886175967986,596.2482167383436,75.03566523312884
222.5,4,2909.315889438682,130.61043526406715,39.79214712177785,115.0940444341964,52.61083314264346,596.3336266609178,73.32746678164426
222.6,4,2896.0770047860033,138.07067262867545,41.873586861029715,111.68936279898425,50.77930696529689,596.1405974687939,77.18805062412343
222.7,4,2932.4601752249273,125.00914023035422,38.38862077241693,113.69278827337945,51.603893120505674,596.4637163674413,70.72567265117414
222.8,4,3081.7608935548296,130.24276828274094,42.03210847707497,113.43309271372723,52.93339717830277,596.1258912865787,77.48217426842643
222.9,4,2898.0864032154054,136.1174531338584,41.30986367791439,111.59662928074097,52.1608598413634,596.1928886223373,76.14222755325613
223.0,4,2916.408066642974,138.9639891202702,42.44037193881334,111.67756293450584,53.12254681877954,596.0880129825139,78.23974034972139
223.1,4,2767.4551113960133,135.51355875544624,39.27280794798442,111.09405337113266,52.95068208168495,596.3817696982246,72.36460603550881
223.2,4,2747.9562264792044,138.31130893604387,39.801195740413156,113.0334079460897,51.22561482783917,596.3327877794898,73.34424441020474
223.3,4,3021.8339707610717,137.4846798137587,43.50643758941066,111.57086023509163,53.577120781257435,595.9890815489421,80.21836902115979
223.4,4,2785.822784930769,136.13370514680878,39.71437835225902,111.0872395809866,51.33756716464197,596.3408363680686,73.18327263862784
223.5,4,2777.2728965362776,135.52912438680784,39.41665864915914,112.7062895113717,51.83403316431312,596.3684354393556,72.63129121288898
223.6,4,2876.402937473889,134.92234104550792,40.640796381053526,110.97702660549815,52.847406249344814,596.2549395534735,74.90120893053017
223.7,4,2875.962825693151,139.81416432544765,42.10784904464345,111.65148204754038,54.204171827276575,596.1188645132627,77.62270973474756
223.8,4,2803.9183013029324,141.33079181393776,41.49834389958014,112.16795353127425,51.652759065860785,596.1754061604522,76.4918767909569
223.9,4,2866.487448629636,140.0878910882248,42.05128387346964,111.2622207848845,52.82406344645984,596.1241123195848,77.51775360830266
224.0,4,3018.6980403047633,130.67306400848594,41.30801873317401,111.4375321060547,52.85239784815088,596.1930597448807,76.138805102388
224.1,4,2832.394365703314,132.1339661268904,39.191944435319186,113.86417001835194,53.37398836155305,596.3892650883258,72.21469823348457
224.2,4,2784.19455135865,142.10100218646633,41.43099258539567,111.77245346341032,53.92116033534875,596.1816534425575,76.36693114884906
224.3,4,3014.3064292771846,149.7718818673486,47.276607485681616,111.58187526213737,52.35380407277602,595.6389422996967,87.22115400606526
224.4,4,2980.1948298344732,140.67722774694244,43.903290996624804,111.79971619217618,53.79072400294632,595.9522449043455,80.95510191308904
224.5,4,2883.6064895386003,136.84746460575408,41.32390626684336,112.55219831242601,54.130435476827344,596.1915861391474,76.16827721705135
224.6,4,2801.8036866833877,141.39690661701795,41.48644569759953,110.76374943029707,54.60555317550705,596.176509807362,76.46980385276152
224.7,4,2891.3105239987804,131.94461326367377,39.94983771819734,112.5151256787214,53.34523642175826,596.3190071047209,73.61985790558265
224.8,4,2967.1408344262854,149.1191901211772,46.33405552366336,112.30808081069686,53.022705662810274,595.726516858778,85.46966282444032
224.9,4,3093.6736324080375,141.2953033396023,45.775262126420515,109.85388769228351,52.41287400660129,595.7784233295923,84.43153340815343
225.0,4,2895.326563850488,135.31379950752617,41.02685833048752,114.15310672409052,51.4508931398089,596.2191368139613,75.6172637207726
225.1,4,2996.8704986752286,138.821576065396,43.56658966076122,113.75325042608829,52.6545769362679,595.9834984206398,80.3300315872059
225.2,4,3080.328537807707,136.26733440097667,43.955924414691665,111.04042106333198,53.06774552345315,595.947359031761,81.05281936477922
225.3,4,2801.4121260424063,149.0840530589856,43.73577365609948,110.6555553529346,52.86901701567058,595.9677947233467,80.64410553306516
225.4,4,3137.398822908435,138.4108428027891,45.47455526158775,112.278047645936,53.59955052102854,595.8063523025666,83.87295394866896
225.5,4,2938.488082791477,140.81670371590218,43.331799575151265,110.29581638082959,51.571201585498,596.0052903099456,79.89419380108643
225.6,4,3094.02885346613,143.6264047125902,46.5358088232895,113.64700590230134,52.86715946120415,595.7077737011521,85.84452597695758
225.7,4,3097.591053042927,134.28480253630067,43.55916681099751,111.45128313097484,55.067876046684304,595.9841873921796,80.31625215640702
225.8,4,3188.8194394525444,140.664795807776,46.972531568337295,113.96370401772306,54.09288940869853,595.6671974908095,86.65605018380916
225.9,4,3149.672524441031,141.0475100706522,46.522114286855974,111.03290613252108,53.73787354357324,595.7090459799101,85.81908040179883
226.0,4,2882.9297067495277,128.04469161134904,38.65665307724668,111.89274802047856,53.53696453312754,596.4388774649485,71.22245070102963
226.1,4,3045.5063076837405,140.46825233843626,44.7987916905824,113.55379129989086,52.80565232550177,595.8691060741031,82.6178785179377
226.2,4,3144.2927737839404,138.1347482349396,45.483569056015305,111.65153911786102,51.44201651716847,595.8055151600795,83.88969679840898
226.3,4,3123.523271318856,139.10036580985954,45.49897741318171,112.37277088945368,53.678415764775984,595.8040841267898,83.91831746420507
226.4,4,3198.048572166591,138.1556031486864,46.26815445827959,113.36482884195067,50.7982543194187,595.7326389005507,85.34722198898521
226.5,4,3238.00753087691,139.41633264279466,47.273757913167174,111.3943013560233,52.946714505447076,595.639207098791,87.21585802418076
226.6,4,3230.843495451161,146.6401495406981,49.6132221963093,110.55593290599025,53.29438837593288,595.4217303795077,91.56539240984557
226.7,4,3162.3567725337975,128.67977270949103,42.61375139748863,110.3285692445847,52.87682096566727,596.0719255317026,78.5614893659465
226.8,4,3016.602372981074,134.18014801254137,42.38722185209089,112.788683045682,55.52154208788514,596.0929444724555,78.14111055088915
226.9,4,3157.6151776156685,140.86210303678018,46.578123374505196,112.56517819128852,55.20083036318022,595.7038424707232,85.92315058553709
227.0,4,3248.8843439786256,139.16485495034425,47.34699717737447,113.38325780402828,54.435805898519554,595.6324011988636,87.35197602272933
227.1,4,3113.7154590143077,138.59924914565983,45.19271349549357,111.79156252752715,52.50434911521948,595.8325267340865,83.34946531827086
227.2,4,3284.767098244331,154.22633185078075,53.050774579026545,110.41522077651355,55.37794512844195,595.1018845684955,97.96230863008986
227.3,4,3318.0665306381848,138.801392200687,48.22891924476836,109.32102583291392,54.10252211938544,595.5504345829246,88.9913083415081
227.4,4,3250.256781662449,141.9538743770562,48.31628578561582,115.59863923557889,52.56876279539845,595.5423134218997,89.15373156200644
227.5,4,2953.020993589434,131.4068447741365,40.63620475544141,112.80267849079966,53.57081215490962,596.255365347117,74.89269305766015
227.6,4,3127.9574875747094,126.10964971315025,41.308343451608394,112.34833727331046,54.52418319994413,596.1930296265632,76.13940746873482
227.7,4,3433.260959025955,130.34863903248495,46.864278373266394,112.53289928399187,52.99439990576526,595.6772558886133,86.45488222773338
227.8,4,3206.232949958444,137.00704897387493,46.00092905931839,110.49579577446075,53.7616359639197,595.7574621633614,84.85075673277038
227.9,4,3073.1095719022605,134.33175016416968,43.230010037193196,111.27495196826295,53.96555566081633,596.014737341287,79.70525317425995
228.0,4,3381.754578558462,133.75403514462656,47.36718738395712,114.33671357211372,52.576349100165466,595.6305249574133,87.38950085173428
228.1,4,3267.8187497640906,128.86542360516702,44.09841538402722,113.05117469297473,53.435379531581404,595.9341314274761,81.31737145047623
228.2,4,3372.993014335198,127.17157115784718,44.91941550838051,111.36180095965908,52.70842084147156,595.8579054999077,82.8418900018471
228.3,4,3295.12866481902,127.93991043645518,44.14759374979262,110.82341776152899,54.63110131334812,595.9295660046926,81.40867990614879
228.4,4,3312.486890473886,133.6699089813942,46.36779444293339,111.69475712180707,52.883063466325865,595.7233825497267,85.53234900546613
228.5,4,3302.821761836564,133.87288299146294,46.30270589089858,111.95358109084654,54.111740757732505,595.7294291759274,85.41141648145185
228.6,4,3333.31062847079,120.32345286673305,42.000522311079614,114.81009281357478,52.458728804105725,596.1288216197415,77.42356760516827
228.7,4,3481.4167024674216,132.0736515099854,48.150501160498706,112.14472622479087,52.74452154102925,595.5577237497008,88.84552500598375
228.8,4,3354.6148297416257,121.54369154376923,42.69762348074933,110.96322210109788,52.725274061174176,596.0641429349846,78.7171413003091
228.9,4,3108.842552718005,128.73468580828376,41.91050782302673,112.340904035248,53.646896805378915,596.1371723456693,77.2565530866143
229.0,4,3297.312292888876,123.45461367901144,42.62810476691804,112.74947887384059,54.14628689597813,596.0705936789032,78.58812642193811
229.1,4,3358.527503345559,135.098324177536,47.514645015263156,110.9171635616598,54.36020728808764,595.6168216102419,87.66356779516173
229.2,4,3358.858783027445,120.54465511475885,42.40024068300944,112.95846337901303,52.25287373808328,596.0917365378313,78.16526924337495
229.3,4,3197.9050236080056,124.04943419698732,41.542149753319805,113.94910528571492,53.886233270459925,596.1713428055931,76.57314388813802
229.4,4,3342.255978361145,126.3685410238019,44.229018119961985,112.68784673870385,53.334167973339554,595.92200690255,81.55986194900038
229.5,4,3312.2091846786884,115.32384628002494,40.000506785036954,111.58848919683855,54.648886372943906,596.3143094028133,73.71381194373612
229.6,4,3460.295630119836,120.24733175042616,43.57298078067658,111.93433757875974,53.87713642847565,595.9829052105642,80.34189578871406
229.7,4,3135.8478974751893,118.20428870064544,38.81654181280499,110.6028795676808,54.09410041862215,596.4240593766276,71.51881246744892
229.8,4,3149.4602818055273,115.78469704580301,38.18703307841861,112.45786431885765,53.46023162849031,596.4823963902709,70.35207219458357
229.9,4,3158.5374314609244,115.61297568933611,38.240294246521735,113.01686689259496,55.96016458024423,596.4774610851722,70.45077829655611
230.0,4,3130.4111194660127,125.78410218695757,41.234026884810426,111.59391387923922,52.98235758527097,596.1999225644872,76.00154871025552
230.1,4,3081.221232351845,113.1191081569589,36.49954682177001,115.02393004621342,53.89670365424485,596.6387203222267,67.22559355546537
230.2,4,2891.5583637572736,120.58346374905645,36.513068791197114,113.67391409373884,54.43461388757701,596.6374680128172,67.25063974365753
230.3,4,3100.4260299017988,118.13178212121065,38.3545373177438,110.59920372832755,54.10630656210057,596.4668747763978,70.66250447204197
230.4,4,3164.015666272547,105.46380805115908,34.943845120993984,110.65164530228085,53.62445307066991,596.7827631616019,64.34473676796188
230.5,4,3068.793910753782,118.19262783810001,37.9827784546747,111.62581859702829,52.60749461605887,596.5013223424847,69.97355315030518
230.6,4,3285.779911440632,103.98301861081023,35.77910798169823,114.72321628456062,53.758521994332874,596.7054346419366,65.8913071612676
230.7,4,3089.030933439528,117.59749148643226,38.04073793744657,113.93370318129001,53.52155920678223,596.4959520193768,70.08095961246454
230.8,4,3195.850965505103,108.97848098045719,36.47168988226973,114.84270858900143,56.1911386643896,596.6413002187653,67.17399562469268
230.9,4,3083.112312849185,111.92076643993214,36.13504827129728,112.93661216523253,56.80763354779001,596.6724756145932,66.55048770813778
231.0,4,3121.5222607198994,102.14166647636684,33.38858342055089,112.70352783457052,54.523219610752435,596.9266954139023,61.4660917219544
231.1,4,3053.9715835038655,111.40444201983732,35.62838342677615,111.48890124077168,53.20037513246764,596.7193901904834,65.61219619033295
231.2,4,3141.6349415112113,116.38991276673148,38.29126192835013,113.43697111977917,55.374339464259705,596.4727382229794,70.54523554041111
231.3,4,3000.8318285471487,103.61398840987643,32.56032017842554,112.81382313782113,53.68642243732253,597.003318868271,59.93362263458039
231.4,4,3026.36124510942,104.38268598256032,33.08094085142005,112.79992608479257,54.14956790762826,596.9551580412178,60.89683917564457
231.5,4,2997.5739553840262,111.19455617070243,34.904550567988515,115.05593120197854,54.101162469289946,596.7864005496367,64.27198900726466
231.6,4,2918.7942050461393,110.75874743529091,33.8540108454391,112.99581906268358,54.260809046742935,596.8836295823447,62.32740835310551
231.7,4,2967.966835634082,89.76183376463239,27.89840522110001,114.778197589684,54.43792330646191,597.4342290192022,51.31541961595531
231.8,4,3125.012937035629,120.31965505694143,39.37467804728139,111.30933512837008,53.51049319859975,596.3723268985286,72.5534620294286
231.9,4,2870.289669065359,109.33404007209143,32.86319184725787,116.4751793312832,54.15335237716102,596.9753022025275,60.4939559494494
232.0,4,2919.074416015198,109.94715508673633,33.60916949780564,112.83635131850657,55.906697038319706,596.9062854425372,61.874291149255214
232.1,4,2982.017585791424,103.51126169300044,32.324098422520606,114.16813539233016,54.88459502055031,597.0251683546787,59.496632906425475
232.2,4,2954.2504908300743,90.98919766566318,28.14918140376926,114.39468435722875,55.074873948441244,597.4110651625315,51.778696749369146
232.3,4,2830.571143990073,108.17419339163133,32.0646392743996,112.79437078305767,52.74872565393189,597.0491653468744,59.01669306251165
232.4,4,2586.7411104659386,98.98364747195261,26.81297704880043,114.41047270990686,55.960173206576684,597.5344677559444,49.31064488111019
232.5,4,2846.167655808107,106.25117267317934,31.668159884450443,114.50966990596474,54.35828406300582,597.0858313941277,58.283372117446106
232.6,4,2570.4012252890943,100.43108270488987,27.033213989119364,112.64590989617825,56.19918210905564,597.5141317181865,49.71736563627019
232.7,4,2905.3578651403855,103.16383212194458,31.387427164865848,112.69772386162968,55.2608897123908,597.1117905601232,57.76418879753578
232.8,4,2766.6080678247126,95.62373398906786,27.703966628390905,113.63163265853827,54.575951141126815,597.4521878073972,50.956243852056105
232.9,4,2830.642325161575,106.66731232648735,31.61876964221872,113.4770274143643,53.491589502843695,597.0903986410756,58.19202717848725
233.0,4,2635.5481079636143,91.88297284754748,25.359144841075057,115.32610308322515,57.37558100971883,597.6686755326256,46.62648934748859
233.1,4,2559.7847571763305,115.52321334333398,30.96715637305626,114.53664249531585,56.03531626637345,597.1506484791685,56.9870304166318
233.2,4,2718.5562823703854,115.09042608386478,32.76469612909642,113.64838869669377,56.12645188507008,596.984413683494,60.31172633011806
233.3,4,2677.62925686626,110.49257250417878,30.98219247399042,114.50000511182945,57.11348480057946,597.1492583403134,57.0148331937321
233.4,4,2621.7249470901165,107.64960593945656,29.55481117468201,111.35689635790052,55.549991404630475,597.2811956315373,54.37608736925313
233.5,4,2664.6635347628253,97.8060179602204,27.29207614457361,113.11502487639272,56.70951600196891,597.4902273633065,50.195452733870525
233.6,4,2908.3623774917032,106.25963178597806,32.362751807423805,114.2396463085911,54.90971308923756,597.0215931944476,59.56813611104735
233.7,4,2714.2425228813545,97.13616274701955,27.60947898900143,115.27390333400605,56.15699669602197,597.4609145080155,50.78170983968789
233.8,4,2724.8776921601448,86.6702945147413,24.731240671112047,114.21672762727509,54.82040527804044,597.7266206143925,45.46758771215082
233.9,4,2696.3020437830282,107.82303298122184,30.444489977950912,115.7687624251451,54.9776776096378,597.1989667300129,56.02066539974203
234.0,4,2748.4026249458093,104.97852788196415,30.214085300421686,115.10260156816794,55.60951859434011,597.2202641527891,55.59471694421745
234.1,4,2582.327581254722,96.65416516151923,26.137288155692264,113.51759882940098,54.27604451931351,597.5968502289141,48.062995421717005
234.2,4,2398.5487195024352,88.11488065385208,22.132293438452983,113.9783953864333,55.903733467339244,597.9663402482975,40.673195034052014
234.3,4,2570.067919850556,92.42642650129474,24.875360354578813,114.67968913422564,55.29315387130104,597.7133217686767,45.73356462646643
234.4,4,2660.225747557762,83.64166138975628,23.300742542134326,113.69467959035565,53.648287927239664,597.8585896373677,42.82820725264514
234.5,4,2487.0293682849833,102.8864224752328,26.795853705272112,116.11435303842478,55.208853425160505,597.5360488173899,49.27902365220348
234.6,4,2559.403858593914,84.95031380303223,22.76839545083078,112.99039466395428,55.35205426774333,597.9076858037458,41.8462839250833
234.7,4,2508.412469647175,98.10545286975899,25.770373672570134,114.74454876302588,56.580462649857886,597.6307198570169,47.38560285966287
234.8,4,2715.7928551552013,90.13755854012021,25.634865905803572,115.29240112946043,56.04326155922556,597.6432275129009,47.135449741981574
234.9,4,2644.28786630595,86.02393155695756,23.82081616074962,114.07865653389482,57.23589026525,597.8106175864311,43.787648271376156
235.0,4,2636.0160430410233,97.66848565295,26.960697343012512,113.8534408008209,56.33879532643953,597.5208278476167,49.583443047665696
235.1,4,2635.2624176695813,93.67425997476968,25.850726763372425,114.45418367618429,55.294902715052146,597.6233028471005,47.5339430579902
235.2,4,2575.8406207573807,101.91073571255559,27.489544427585567,115.56562984483362,55.82058939180175,597.4719910697675,50.56017860465204
235.3,4,2602.4110501775376,87.22439989763129,23.770729090459874,114.03742857862132,55.56088929572304,597.815237998395,43.69524003210017
235.4,4,2476.4244113487985,90.87227405276474,23.56595753036173,113.40081440010954,56.426799093882735,597.8341269375647,43.31746124870506
235.5,4,2387.801899430307,79.55736104747072,19.893320531168076,116.1107492336939,56.0284343374912,598.1727023226227,36.545953547545196
235.6,4,2617.403481061842,81.09925370767337,22.22880680949783,115.25597987159806,55.36973228908555,597.9574415725997,40.85116854800731
235.7,4,2642.7017935340104,109.11717810719713,30.197424460217125,116.03327341972579,56.03646265316439,597.2218041359588,55.56391728082531
235.8,4,2736.7333177867067,111.27635816386783,31.89069625620398,115.78230161969556,56.51850039004283,597.0652519935087,58.694960129826086
235.9,4,2782.2208583519796,97.52262235167493,28.413556081148393,117.53446320863635,55.080239781549786,597.3866432776309,52.26713444738152
236.0,4,2794.349993666643,91.30995528016103,26.719452126545626,116.30428322734886,56.43289251220048,597.5431031544929,49.13793691014234
236.1,4,2563.8128923111244,95.21148060457628,25.562555239969146,114.14536507257631,54.56630071588004,597.6499017265148,47.0019654697046
236.2,4,2639.755463926752,103.65993672786297,28.655187522689864,115.62674362841737,57.27952965627178,597.3643205683979,52.71358863204114
236.3,4,2734.618407438021,94.20867509619814,26.978403566313773,114.44180960065542,56.729984887242125,597.5191928829449,49.61614234110016
236.4,4,2946.452370386121,99.75724191503943,30.780273632891586,114.61442583997122,57.86080097441055,597.1679258836946,56.64148232610955
236.5,4,2864.6309529439654,98.30856411448717,29.49094241444447,113.51315977153514,55.14350031151201,597.287097850978,54.25804298044227
236.6,4,2849.6245322324726,94.73956434845498,28.27142128457105,114.91380394515107,57.42198910879379,597.3997733760812,52.00453247837572
236.7,4,2726.855529258447,95.3803261839701,27.23639039882655,115.96035154501517,57.25261676959115,597.4953697673823,50.09260465235457
236.8,4,2701.3497561128383,101.47803174075429,28.70658103860226,115.27644072014661,56.16275957887661,597.3595724498362,52.808551003278126
236.9,4,2882.892817422348,92.96601041124758,28.066050863428988,114.08596136961123,55.99635569960258,597.4187440179555,51.625119640888215
237.0,4,2727.1991963536325,103.36373154311573,29.51981678149259,113.62729182916328,55.31570985792202,597.2844295367198,54.31140926560374
237.1,4,2834.0350491533104,97.31553701019047,28.881252168085116,118.03901116129624,55.08274945880692,597.343434453735,53.13131092530057
237.2,4,2871.8009281489217,101.9402797914702,30.65693766020524,115.94503391892744,55.70487142156382,597.1793278069874,56.41344386025139
237.3,4,3061.1268566749513,111.18529443130983,35.641608552331355,114.616161466284,55.22771700473801,596.7181657057114,65.6366858857723
237.4,4,2904.2580017160203,100.78534588014027,30.65216841962475,116.20954104856713,58.106439355149504,597.1797686956477,56.40462608704752
237.5,4,2735.418295804313,108.88228119523987,31.189583589035244,118.3329280678547,55.03572350557865,597.1300836603172,57.398326793656906
237.6,4,3045.2792936984224,90.395733678382,28.827280998587256,116.5011053957508,56.71356082983747,597.3484209838957,53.031580322085574
237.7,4,2962.154351729038,100.1585978673954,31.06880427046903,112.46285126927285,57.02708881831227,597.1412506574641,57.17498685071746
237.8,4,3064.785696843659,104.1704925730614,33.43285369892006,119.04099567503106,56.9754267499159,596.9225993698406,61.54801260318891
237.9,4,3085.617272607231,117.97935957407975,38.12209061190612,113.69018801666884,57.089582530922954,596.4884140007978,70.2317199840445
238.0,4,3101.8877913662905,91.34905986674634,29.67281736576258,115.713227211459,57.616880325171785,597.2702901728721,54.594196542557256
238.1,4,3237.8959710293966,105.04329386114078,35.61720540679462,114.65162813806495,56.25056074552613,596.7204251343921,65.59149731215825
238.2,4,3052.974124257704,117.32896742794496,37.51085730511121,115.17509089510351,56.80985041542523,596.5450452871107,69.09909425778551
238.3,4,3186.090341577431,103.06391780652541,34.386925795837094,116.45586792038125,56.45436624896319,596.8343114816012,63.313770367977895
238.4,4,3337.5962623038813,108.50696333409911,37.92451433618876,113.68092805586116,58.07588966539656,596.506720794038,69.8655841192408
238.5,4,3252.442841755333,113.76695716925603,38.74845881682567,116.10953297221134,58.89847184048397,596.4303692290541,71.3926154189187
238.6,4,3196.8403957078554,114.19377374002607,38.228917236085536,117.64639576447757,55.629716762303204,596.4785153126164,70.42969374767154
238.7,4,3452.778454171871,125.32881283962833,45.315654486641755,115.30953374832342,54.81739430148527,595.8211095820586,83.5778083588275
238.8,4,3536.204544569109,118.98200454928543,44.06028249739307,114.7049917602479,57.44226862641045,595.9376714061359,81.24657187728076
238.9,4,3466.099837517505,126.61870744892346,45.95868160395818,116.25814812494878,57.96794644434228,595.7613864487186,84.77227102562892
239.0,4,3325.538789832505,116.2924593131511,40.49880333569064,116.07134789560007,58.878779285745594,596.2681066627177,74.63786674564517
239.1,4,3620.8730720615713,115.12293512376256,43.65196242817273,115.81518522900606,57.68370998886134,595.9755742049073,80.4885159018545
239.2,4,3438.6059750325744,120.22577708590106,43.292097144375546,115.15559549199729,58.36540488042876,596.0089751066944,79.82049786611128
239.3,4,3668.5830148260693,115.19572628020452,44.25510099384735,117.2568305117852,58.65327294725609,595.9195854354593,81.60829129081321
239.4,4,3598.31141836704,128.20126596510167,48.30806908554283,117.40036361608351,58.4813597004681,595.5430772151589,89.1384556968228
239.5,4,3616.189537603713,123.6256421677325,46.81535962184638,115.45954413743749,57.92089101252452,595.6818010857367,86.36397828526697
239.6,4,3728.4853110457975,123.13647739314825,48.07815351664223,115.67791735782949,55.78044583350674,595.5644484936768,88.71103012646472
239.7,4,3797.4426405642826,132.84315911962238,52.82737554862335,117.00673659741622,57.076992241292544,595.1226811817041,97.5463763659161
239.8,4,3798.2995740098954,122.8606616078137,48.86868833411857,115.73732191087802,57.40786273429417,595.4909596491729,90.18080701654299
239.9,4,3960.2813462073104,137.77411015782374,57.13763663766106,117.16203545865491,57.03025335347822,594.7211723231183,105.57655353763607
240.0,5,3907.0021163963233,130.54518474416537,53.41129668697631,121.76165583433928,59.61396231484976,595.0683198326236,98.6336033475277
240.1,5,4087.6471913228393,143.51843046856217,61.4341280485342,119.98057170310724,61.24106562387549,594.3204010239042,113.59197952191721
240.2,5,4066.4742081666936,134.16428639120358,57.13254430641069,118.64837245848969,58.938536778202845,594.7216470060072,105.56705987985652
240.3,5,4018.769095947955,142.84222532933137,60.11436712739498,120.62757799217675,60.51571097957008,594.4435647033198,111.12870593360412
240.4,5,4048.044943798442,141.1771471694691,59.846443312506416,119.99619259322246,60.05414731479809,594.4685617921347,110.6287641573067
240.5,5,4019.024769523194,146.62405398008212,61.70985469733992,120.08149133622514,58.9009749842504,594.2946629536514,114.1067409269715
240.6,5,4248.2975614528505,143.67731251379098,63.91926053636135,120.88434004510111,58.70245988802045,594.0883416896738,118.23316620652349
240.7,5,4232.00455356032,132.74849814500502,58.83074670444246,121.19543586897214,58.09805040081548,594.5633062515863,108.7338749682749
240.8,5,4085.1742974140298,152.9313264559214,65.42378472723442,120.46099181522955,60.30499444093029,593.9477616064607,121.04476787078511
240.9,5,4304.271551712011,146.72562722391365,66.1354412350172,120.39772518654144,59.775970184009765,593.8812422519112,122.37515496177593
241.0,5,4313.94650789875,154.32705463337925,69.71808367748484,122.99889210490633,59.0329786325783,593.5461395789027,129.07720842194522
241.1,5,4593.3232777355815,155.08386056925733,74.59714968267967,122.01535055115309,58.00193333908026,593.089159662961,138.21680674077925
241.2,5,4325.628877025734,146.2806789592821,66.26204594138295,121.62692150949971,60.32977098761087,593.8694067863801,122.6118642723975
241.3,5,4393.854855675712,146.7210063248237,67.5097689444392,120.83602499722775,59.742091549756516,593.752739623003,124.94520753993925
241.4,5,4679.2144619328565,159.13136342438855,77.97535351578301,119.5235232597381,59.22061920734102,592.7723346163623,144.55330767275427
241.5,5,4745.201134164033,153.82821358587842,76.43974684810448,122.13503598832195,58.98849964055826,592.9163940605661,141.67211878867874
241.6,5,4587.5978908194775,163.90011760540736,78.73960423140224,121.00699670964214,59.73192233920227,592.7006117505628,145.98776498874372
241.7,5,4639.872308560843,157.47825000563537,76.51652295627814,120.19282088501015,60.458181007890104,592.9091931673752,141.8161366524953
241.8,5,4799.464822597067,167.25577909073314,84.06255067412957,120.6451380286234,59.67561569978267,592.200579284827,155.98841430345942
241.9,5,4560.270131348617,164.40633941663927,78.51230845457393,119.82886762240986,58.83421175182946,592.7219446814679,145.56110637064307
242.0,5,4644.3420154851665,164.79471879199568,80.1486297510943,122.30835330567183,59.9814758723533,592.5683324192064,148.63335161587202
242.1,5,4833.65489545025,161.48024719564424,81.73793539513902,121.91036070672885,61.101732547054844,592.4190565756937,151.61886848612653
242.2,5,5046.062622818654,167.0278670670153,88.26127342767488,121.3597133043873,60.11275660896029,591.8055508073757,163.88898385248694
242.3,5,4895.228652877375,175.03589139950702,89.7281494178981,121.1413245995426,60.156934395514114,591.6674165897101,166.6516682057977
242.4,5,4983.287125250483,167.5733613276419,87.4479252540737,120.42664678312447,59.77857987256047,591.8821148033635,162.35770393273015
242.5,5,5117.733323727207,172.91934895751353,92.67228287993034,118.73800805300237,59.230037409661506,591.3899729319431,172.2005413611373
242.6,5,5245.729088882439,170.7546456087492,93.80089973228539,119.64908682708423,59.211968914999716,591.2835464119352,174.32907176129675
242.7,5,5025.530462967981,172.51153282662165,90.7880445088143,120.50378112277299,58.48788843294336,591.5675666224024,168.64866755195067
242.8,5,5112.671282482262,184.89200088367025,98.99074919430542,120.37359932630575,61.34555393029929,590.7936516612197,184.12696677560803
242.9,5,5320.470262938646,182.40817436036969,101.63023618656042,121.84243671081971,60.64107569057711,590.5441809581644,189.11638083671392
243.0,5,5035.017296075281,175.69843976761737,92.63977458459087,122.51887746224273,60.27510803336489,591.3930378292387,172.13924341522556
243.1,5,5308.6286070853785,177.76846120956608,98.82473857249892,121.4406694838091,60.50190836421509,590.8093349760343,183.81330047931328
243.2,5,5144.767183611409,172.456507278504,92.91245394897936,123.33503355583862,60.55926261788903,591.3673284922204,172.65343015559324
243.3,5,5280.844596631734,177.23831313070744,98.01433852544518,120.7542123377225,59.4982963062393,590.8858827518383,182.28234496323466
243.4,5,5276.756160000736,181.67117140727933,100.38796724275575,121.58021568451115,59.92038995504395,590.6616204868203,186.76759026359264
243.5,5,5236.572335084178,186.49229853868096,102.26726151907233,121.73065513259338,59.783952203084006,590.4839405143669,190.32118971266186
243.6,5,5261.042646735058,186.7911128573818,102.90978000039989,123.15124635802468,62.781791030048794,590.4231679523768,191.536640952462
243.7,5,5406.61989703328,174.76588568515993,98.94893371533054,122.01626843259095,61.30247138537486,590.7976021226045,184.04795754791053
243.8,5,5499.924851673987,190.3289226110895,109.62009212794307,122.09786062973028,60.46174885230226,589.7877119805948,204.245760388103
243.9,5,5417.073899542852,183.80284687255062,104.26669603763297,119.9999277151644,61.67114168721151,590.2947823459335,194.10435308132946
244.0,5,5459.170901753223,178.4241002353632,102.00203202967064,120.9537951643261,61.55582888407371,590.5090235184141,189.81952963171693
244.1,5,5528.944726241746,195.57077191177842,113.23346995096858,123.3965466897391,58.94629073792761,589.4449529218376,211.1009415632475
244.2,5,5403.616487311032,197.31605757787872,111.6543289226658,119.63848574150875,60.114326178219926,589.5947975404442,208.10404919111534
244.3,5,5586.496172015211,189.75009219492708,111.00693691874343,123.7877466797784,60.33090834758876,589.6562061336117,206.87587732776478
244.4,5,5613.441773724496,193.66967748485823,113.84644388849173,122.82277328266971,60.968501747326044,589.3867669490913,212.26466101817323
244.5,5,5801.408453727116,194.8578147820408,118.38042350325738,121.37292690466123,60.142408807626026,588.9560193631457,220.87961273708515
244.6,5,5535.883739625162,200.00672303471558,115.94717537030303,121.31802140391056,60.27698385917338,589.1872681819772,216.25463636045652
244.7,5,5544.74599104009,196.0563771417381,113.83904578098459,124.63790018416323,59.922964235691666,589.3874692772151,212.25061445569622
244.8,5,5677.078208149721,182.3624449981416,108.41488199815471,124.10245533828389,61.44173001685927,589.9019460985899,201.96107802820165
244.9,5,5696.730280072123,206.39394470601798,123.12641291442844,122.3111898422235,58.957618975282635,588.5044410008782,229.91117998243567
245.0,5,5582.112497208836,200.42647633372013,117.1607906713479,122.66151007534286,59.98145108728887,589.071952840736,218.56094318527994
245.1,5,5607.83388835025,190.01427655561548,111.58607231399682,121.76978944565953,58.57265732196393,589.6012726588137,207.9745468237263
245.2,5,5709.906691975472,186.96006079554058,111.7909044618043,122.75187582025697,59.39390152190337,589.5818409569025,208.3631808619498
245.3,5,5591.4396438609965,198.26000729244447,116.08801283319941,121.82609455120024,60.747605480903005,589.17388844157,216.52223116859886
245.4,5,5641.837269124784,193.30974293648737,114.2096805159952,122.58488234588596,60.773147999516496,589.3522815337585,212.95436932482858
245.5,5,5699.366481085192,198.07116182685894,118.21605188157119,124.89559043079282,60.130045638082784,588.971646591806,220.56706816387987
245.6,5,5794.749490626881,201.44108479458333,122.23943544444234,122.6522208903562,61.573143337688286,588.5888901240874,228.22219751825173
245.7,5,5651.26648998167,192.72064969049126,114.05193458705196,121.5527906317323,61.808798531847174,589.3672583198116,212.6548336037672
245.8,5,5541.558903431462,189.29403016160222,109.84934951122565,121.21392138084019,60.390801740011796,589.7659770494582,204.68045901083542
245.9,5,5541.732054413068,200.20119115004437,116.18252175882054,123.04894717055076,60.71541076188526,589.1649096247789,216.70180750442114
246.0,5,5610.757677695886,194.13317201908558,114.0643371632114,122.02585207607102,60.01705715022733,589.3660808168368,212.678383663266
246.1,5,5611.643265552588,199.22887008737354,117.0768272948469,123.27704814520712,61.10078735058295,589.0799323569381,218.40135286123768
246.2,5,5727.12808550504,189.1152737300955,113.4206468380767,121.0795918625576,59.28381106418034,589.4271865730277,211.45626853944577
246.3,5,5633.755426059612,197.03886558504297,116.24613061221076,123.89283542975595,62.27735171148544,589.1588663111717,216.82267377656672
246.4,5,5684.313553249001,204.06782111684757,121.47339555001224,121.83354105523995,61.624820565808605,588.6618048982965,226.76390203406982
246.5,5,5681.439746334662,203.53734709484505,121.09637220844122,123.20215866638199,59.28890002928648,588.6976847419467,226.04630516106795
246.6,5,5716.592540831015,193.9838650510847,116.12653414439367,122.78115608781548,59.70147133904143,589.1702287595622,216.59542480875757
246.7,5,5887.136380255412,191.50522225059657,118.06286995323585,125.2893551933544,60.91407406899356,588.9862092270989,220.27581545802263
246.8,5,5827.07114619143,199.94855189851046,122.0104985803926,123.47289002806596,60.156581494650965,588.6106831903953,227.78633619209245
246.9,5,5768.071790172707,203.89529988989707,123.15909521836788,125.64112566435577,61.04111102329898,588.5013288465818,229.97342306836458
247.0,5,5724.797317819962,202.9092101507461,121.64394430833015,124.01854391186919,60.138465402553166,588.6455729718466,227.08854056306905
247.1,5,5729.231640551732,196.56816583598635,117.93377084351684,125.09486695518828,62.023695033357605,588.9984817972673,220.0303640546531
247.2,5,5803.0942158141115,202.29409834719854,122.93384140909528,123.17217768193592,60.50788293226166,588.522777834213,229.5444433157411
247.3,5,5828.836860491583,210.75797289497305,128.6454798059471,123.87531952874043,62.92049479758798,587.9784141973653,240.43171605269436
247.4,5,5688.350100657624,201.68615980738693,120.14094202310089,124.96068900938957,61.10264971352025,588.7885893510858,224.22821297828477
247.5,5,5779.1605465258335,188.80368597335902,114.26253266351873,124.62148584423359,59.15027584698608,589.3472634476466,213.0547310470672
247.6,5,5583.738029167391,201.6210340355685,117.89339928265431,124.2095553319855,62.585553588798625,589.002319538711,219.95360922577902
247.7,5,5797.865378354069,214.44701567092696,130.20172915520905,123.21527934114653,61.59678389989011,587.8299130348094,243.4017393038141
247.8,5,5851.168797038622,191.04649635970827,117.06048589790882,123.454311344539,60.87697173380201,589.081485347029,218.37029305941883
247.9,5,5753.209088587402,200.16391973800515,120.59368686809084,125.0456797775227,61.14184809308623,588.7455164136857,225.08967172628786
248.0,5,5953.512966958438,198.24829837727862,123.5979848879182,125.33081762586555,59.30422994139945,588.4595325678027,230.8093486439452
248.1,5,5698.465942282068,200.36030900721167,119.56340310916049,123.03912007301668,58.686634418287234,588.8435255406453,223.12948918709367
248.2,5,5804.231275792367,200.88556958223649,122.10180041882683,122.89246450903282,60.44666664571892,588.6019921398629,227.9601572027434
248.3,5,5781.748415730762,207.32300359529498,125.52646541526956,122.73401959724896,61.86426480343669,588.2758079699014,234.48384060197213
248.4,5,5777.423167923016,199.73533379542064,120.84194208325776,124.84820695275513,60.8779540255119,588.721895346661,225.56209306678056
248.5,5,5778.148183670633,207.86312340466094,125.77512052298803,122.77035978080984,62.187840360817134,588.2521102995493,234.95779400901483
248.6,5,5801.533476268789,197.86153709337717,120.20784157595341,124.89959137385529,61.79598668315745,588.7822251105196,224.35549778960876
248.7,5,5874.590677647389,195.97992442669928,120.56404644397074,124.60560347362366,60.49114542670449,588.7483365211614,225.03326957677245
248.8,5,5927.955310809642,193.4758714742033,120.1047961541899,123.32853937688205,61.649738708373796,588.7920278957565,224.15944208486962
248.9,5,5800.284518205783,185.1539188379145,112.46330023405706,125.89071855257708,61.983696986702306,589.5180439788469,209.6391204230622
249.0,5,5881.80500698942,199.50207734505878,122.88154493107416,122.29037428215327,60.37571472540659,588.5277573510543,229.44485297891333
249.1,5,5741.988263807234,211.63299932132256,127.25483887271945,126.06707809835305,60.236592084203835,588.1110478376598,237.7790432468032
249.2,5,5886.212196782372,200.13196008744703,123.36188052005298,124.48840908276311,60.58496553928122,588.4820179780716,230.35964043856893
249.3,5,5746.3603684022255,201.38740331442756,121.18637040313534,121.64724324338239,58.02643173216488,588.6891203693135,226.21759261373086
249.4,5,5928.2057954589845,193.33198554577237,120.02054673835259,126.07486176653644,60.712273747363426,588.8000423561701,223.99915287659724
249.5,5,6041.014356282142,194.14370977786905,122.81794030035213,125.36000784479111,61.14546060527254,588.5338134811216,229.32373037756747
249.6,5,5826.407941091087,202.36581606099512,123.47148160544124,123.70778560741442,60.562393728310845,588.4715803316536,230.56839336692747
249.7,5,5637.332771300113,209.14254864686148,123.46523461725256,123.09179878664465,60.75509709325164,588.4721752615856,230.55649476828876
249.8,5,5801.814720240326,205.0954271841538,124.60872461497512,122.39394120819648,60.35916717264213,588.3632549049844,232.7349019003134
249.9,5,5979.827150571853,199.90498192573378,125.1817060816286,127.20224552919218,58.39752422606381,588.3086614745197,233.82677050960638
250.0,5,5924.938778397614,194.09383159238354,120.42709734181152,123.22206876992799,62.04872602509777,588.761366044145,224.77267911709987
250.1,5,5906.339427706641,194.88700039199995,120.53964017715397,122.83976278119982,60.00957106815211,588.7506586094812,224.986827810377
250.2,5,5989.528086784451,187.7079428617061,117.73453529428073,124.70303634943949,59.750582900057,589.0174207367529,219.6515852649418
250.3,5,5951.471070476969,182.40183666013314,113.67949925562485,122.44104510021162,61.71697437083945,589.4026151700662,211.94769659867802
250.4,5,6033.620853581596,184.20157815127087,116.38579587968239,123.25315981802261,61.32801710500328,589.1455966300834,217.0880673983322
250.5,5,6018.529321237787,191.98221831205524,120.99850493911735,125.64899565393439,60.612395076994225,588.706997659999,225.86004680001906
250.6,5,6089.761877678808,189.12906789605597,120.61108138389315,125.03561151498032,61.098400164149,588.7438614176576,225.12277164684633
250.7,5,5994.08079064986,180.42190943686856,113.25059305504053,124.0379499053237,59.16343309032174,589.4433276861478,211.1334462770435
250.8,5,6061.575999046932,189.9779620106392,120.59169432630938,124.54610326984776,60.2266089652854,588.7457059928747,225.0858801425045
250.9,5,5962.773011088968,187.53831525704797,117.10269910939854,124.01521590899534,61.59106148767609,589.0774736350445,218.45052729911004
251.0,5,5951.982089916445,181.0830015018741,112.8672433697885,124.49332991697015,59.607602954676864,589.479711053383,210.40577893234058
251.1,5,6189.234499335576,186.2254519563552,120.69925586467976,123.67459946934832,59.2745734857558,588.7354719370101,225.29056125979878
251.2,5,6066.402846413998,186.092566951793,118.21943823227822,123.91302857450958,60.33936868005133,588.9713246513465,220.57350697306902
251.3,5,6141.899534812355,183.5447017739959,118.05195370652865,123.89653915899547,60.350376925814196,588.9872469802494,220.25506039501124
251.4,5,6097.56216519823,193.86978011602795,123.79268207085404,123.77784940721435,60.88314581780879,588.4409892539915,231.18021492017078
251.5,5,6051.253543158569,173.5853136271762,109.9985464605017,125.92059532818578,58.844375097496204,589.7518314365788,204.9633712684249
251.6,5,6129.970762919368,172.52877241789255,110.75122876468453,125.61055081787512,57.659806025278016,589.6804578329234,206.3908433415338
251.7,5,6288.083713690272,185.97789984988728,122.46395246812666,123.58556792270198,61.11677289163705,588.5675161948243,228.64967610351414
251.8,5,6227.922206812636,186.15569555630032,121.40822938084138,123.28860930013632,59.098621563070246,588.6680068277187,226.6398634456266
251.9,5,6036.857335723516,187.84315761644447,118.75035337603319,124.5501100782912,59.55738167912396,588.9208460963126,221.5830780737474
252.0,5,6204.0226329191855,180.77518227047403,117.4466948672929,127.34162769942323,57.96961255497857,589.0447800902162,219.104398195675
252.1,5,6419.549326325821,177.66092116678752,119.43319977314543,123.53795539814553,61.16094580090333,588.8559091938415,222.88181612316976
252.2,5,6256.4029781936615,183.57814709861645,120.27470881796583,124.59312822001549,60.47326713483613,588.7758638035672,224.48272392865647
252.3,5,6132.855321184657,180.086389821727,115.6570815662542,124.90793292484592,60.41773161298759,589.2148255165309,215.70348966938013
252.4,5,6511.614018851678,193.5886284257851,132.0070452791153,124.68544222513411,60.395314365475336,587.6575492560636,246.8490148787282
252.5,5,6425.141799066456,180.02134210499045,121.12542945178528,124.27977728238196,58.015735113025684,588.6949196358125,226.10160728374808
252.6,5,6382.84860062118,181.48503713795185,121.30647581801347,126.22901177228142,59.07448678825757,588.677690549492,226.44618901015974
252.7,5,6384.022797075687,198.7587260632935,132.87682783155753,125.40102174708034,59.59140048105598,587.5744693012064,248.51061397587387
252.8,5,6552.536687758447,179.64846372371238,123.27118954864265,125.88286090285989,59.27758075260367,588.4906544710028,230.18691057994374
252.9,5,6429.2031121747705,184.49382961748285,124.21315988374988,125.58683974929333,59.73773086648817,588.400938114439,231.98123771122027
253.0,5,6621.299753532004,184.72222800977852,128.08286263183754,125.96347598983621,60.238085844500034,588.0320816769788,239.35836646042503
253.1,5,6595.765166909309,184.92399623260937,127.72828259696328,126.8026428726775,60.98069492036683,588.0658995693041,238.68200861391983
253.2,5,6600.030533069576,181.44590246891386,125.40698528642167,126.50868901378945,58.476151709242366,588.287194136236,234.25611727527894
253.3,5,6623.596068800164,180.40124322935512,125.13015537430151,127.7107427913613,59.92935011456891,588.3135736271806,233.72852745638625
253.4,5,6626.56211418158,179.38148083784162,124.47854292315742,126.39078972304115,60.63129157085941,588.3756571203726,232.48685759254727
253.5,5,6776.3244505723615,174.2922241461073,123.68038309937654,124.13510557114269,58.97696175990763,588.4516849577747,230.96630084450567
253.6,5,6628.944391793183,180.25843386122787,125.13205800210528,125.96313611498194,59.689245892421525,588.313392331481,233.7321533703789
253.7,5,6591.55629767668,191.8468284943998,132.42537387203052,125.80626141713873,60.32940329621735,587.6175943096698,247.64811380660262
253.8,5,6838.786350747857,185.79875705575276,133.06090059726037,127.264927392851,59.85457344149124,587.5568839475852,248.86232104829446
253.9,5,6875.40903965558,179.14052393254585,128.97959201339467,123.80627360799043,60.49781876752578,587.9465388401695,241.06922319660953
254.0,5,6896.305254977234,182.70470686250374,131.9455751281576,125.6421507745129,59.89832076772906,587.6634198587413,246.731602825173
254.1,5,6924.833428618231,170.3423830185275,123.52665116995436,124.16052540929506,59.47150907655514,588.4663262224695,230.67347555060906
254.2,5,6891.2019152720495,174.32787077938016,125.8028323073113,125.59751842116768,58.59016045946646,588.2494691523841,235.01061695231783
254.3,5,7032.115844986007,182.52356177358672,134.41061541416894,124.72887638860263,59.9892892196357,587.4279063536974,251.44187292605238
254.4,5,6988.686478876621,186.04842610377213,136.16019863705594,125.56549620717043,59.821098015809,587.2606314909117,254.78737018176616
254.5,5,6982.465593322799,170.00447170715225,124.30762452251872,123.30074185047516,58.707054214193434,588.3919394513671,232.16121097265955
254.6,5,7034.8151507325765,171.79046248840183,126.55530566493043,125.94748592836137,60.26046182820979,588.1777433749043,236.44513250191494
254.7,5,7292.0444716025195,190.23313362654838,145.26603692270484,125.24480422005198,60.92461038430338,586.3884592989591,272.23081402081675
254.8,5,6970.793888613175,175.43822069003483,128.06636234028684,125.1815348755005,58.97463817957835,588.0336554720639,239.32689055872174
254.9,5,7218.481866936909,187.34185048178,141.61501200754503,127.33999980664436,58.88490937550588,586.7384790784118,265.23041843176316
255.0,5,7046.682657912641,175.85332744822986,129.76689767343845,124.54101992207862,58.82597157112018,587.8714134423278,242.57173115344472
255.1,5,7230.881164542617,175.96871107433864,133.24634197523207,125.41044435655394,57.88880797888634,587.5391667563626,249.2166648727482
255.2,5,7234.661221458201,171.96025708107987,130.27914594502508,125.11922825622133,61.549073899648455,587.8225237326915,243.54952534616928
255.3,5,7112.156345382162,180.56293234223952,134.48025134613445,125.23517979411753,59.07260530138075,587.4212504335089,251.57499132982252
255.4,5,7381.215055524683,183.34891821001415,141.72120253956012,127.66177883606562,58.639713294372044,586.7283047408898,265.43390518220235
255.5,5,7341.778356840187,166.491911396305,128.00384831827776,125.06971618466936,58.347850093106125,588.0396179711634,239.20764057673182
255.6,5,7211.644991750299,171.1751738047957,129.27178183511538,124.30939788275545,59.06289880211206,587.918660118139,241.62679763722053
255.7,5,7523.537791432563,179.96613315700054,141.7886638937017,127.23165574065895,58.73168409578269,586.7218409395675,265.5631812086506
255.8,5,7612.2951660579165,172.5847400123351,137.57725193332493,124.61323777772076,60.840782537564245,587.1250778551637,257.4984428967264
255.9,5,7649.164112215177,169.98148639923102,136.1583310207809,123.05159604636454,58.12957876957567,587.2608101026595,254.78379794680905
256.0,5,7572.738865781394,180.45803737742028,143.10599540532604,124.08359702912675,57.81518361060662,586.5955917656229,268.0881646875423
256.1,5,7573.4138841046915,181.0837523264555,143.61499737429878,123.47095883515055,59.88069989938696,586.546795616938,269.0640876612406
256.2,5,7724.940634001603,170.19250991612665,137.67789320191898,122.80061494699504,59.196706734765506,587.1154481968902,257.69103606219574
256.3,5,7787.60979041752,174.81886981570452,142.56768861821527,124.51812119711545,59.055767989356895,586.6471882218325,267.0562355633501
256.4,5,7763.7441781011585,164.87692386602168,134.0478061713894,124.86210250648682,59.8129536105961,587.4625817817841,250.74836436431724
256.5,5,7594.099997221601,167.08321821114063,132.87331224771458,126.35507520113038,59.36444126923468,587.5748051513169,248.50389697366154
256.6,5,7729.349738871223,174.2472037846964,141.0384070713026,125.685262119827,59.155134847704495,586.7937185053122,264.125629893756
256.7,5,7777.803806020325,173.63519608501107,141.4240804938233,125.62157920960061,57.77034249700207,586.7567717190179,264.8645656196402
256.8,5,7589.083815436904,166.69505170936145,132.47705814897742,123.83958424740618,57.481745822578254,587.6126575118786,247.74684976242725
256.9,5,7829.623314003175,168.5094150071264,138.16360530369428,125.96327578746555,58.4230840406293,587.0689692655436,258.6206146891277
257.0,5,8024.06416158775,166.13384314970773,139.59861911365022,126.56021740734751,58.01264089425828,586.9316054437829,261.3678911243426
257.1,5,7891.050554797845,176.85201107376704,146.14146158344374,125.35306887954913,59.33952991723132,586.3044696883844,273.9106062323117
257.2,5,7991.3611536807975,159.97970060576733,133.87955367705618,125.37491555792332,57.24475528781374,587.4786610640774,250.42677871845171
257.3,5,7888.871862011513,166.76747329688743,137.77006670693916,123.33804063990821,58.569286926503025,587.1066284762568,257.86743047486425
257.4,5,7883.600558359406,160.91161381177855,132.84359503688052,126.10823877476955,58.816182686516775,587.5776440747785,248.4471185044299
257.5,5,7944.768645331463,176.9969720434671,147.25691900100284,126.96662578995905,58.922249476855,586.1974152476755,276.05169504648984
257.6,5,7847.944523563488,161.5638144149463,132.7787697438653,125.2033557128445,59.33335591630353,587.5838368213459,248.32326357308148
257.7,5,7849.678125962226,174.5312249453778,143.46752417653835,124.08823969434374,58.580181060101474,586.5609341855395,268.7813162892098
257.8,5,8076.194359382302,185.91854754932064,157.2382124250042,124.59220366047492,58.211404586792646,585.2376864631424,295.2462707371524
257.9,5,8099.779532913881,186.29478821885942,158.01653024294117,124.26669678456628,60.09540086681363,585.1627133121976,296.7457337560461
258.0,5,7887.600991274884,162.0838919278924,133.87929207053304,124.32274299768342,58.502764009748695,587.4786860641664,250.42627871667264
258.1,5,8084.888741342601,176.96372967107203,149.82591155604757,125.51642172648079,60.21365798821499,585.9507073909069,280.9858521818626
258.2,5,7994.651927593689,168.10629149535177,140.73824970340894,125.05723878519181,58.44098933404091,586.8224697215603,263.55060556879494
258.3,5,8043.980199704969,166.8354533599649,140.53611922287604,125.90912777193677,58.721297039088796,586.841829598708,263.1634080258391
258.4,5,8062.996564471887,174.55498361209246,147.38637768470068,125.13149300119333,58.5701337605952,586.184988040885,276.30023918229995
258.5,5,8120.101496073226,184.11218734603116,156.55704423106417,123.63099656371219,58.91128155503121,585.3032852995016,293.93429400996865
258.6,5,8038.6383916098075,179.87909171716356,151.42298279006732,124.04805200082198,58.23126718260472,585.7972286266186,284.0554274676299
258.7,5,8168.663331521422,170.84471505179837,146.14405854195954,123.95394363670455,58.71817654957518,586.30422049547,273.9155900905996
258.8,5,8066.78374377402,180.9564819813822,152.86328098682895,124.38555166600035,60.12365875625077,585.6587450562249,286.8250988755017
258.9,5,8098.152119242373,160.48656980207076,136.09847005109663,126.74242955811742,59.61237983046557,587.2665349202803,254.66930159439585
259.0,5,7959.934689771682,171.09334742947811,142.61698327173656,126.91360679819016,59.58983306761186,586.6424637384288,267.15072523142453
259.1,5,8243.185341900493,170.76773048800698,147.41086322146364,125.55010198577125,57.16261743527647,586.182637525058,276.34724949884117
259.2,5,8080.547137099519,177.25318459869936,149.99038939931924,124.66665181853045,57.29477118850531,585.9349048528777,281.30190294244585
259.3,5,8100.23905156964,175.45347422372646,148.82929553121002,122.86761119360568,58.6628782682674,586.0464405994311,279.0711880113781
259.4,5,7875.114915344055,176.04905631124558,145.18415432735785,124.74256876807317,59.18599784240629,586.3963139834939,272.0737203301235
259.5,5,7943.931819010831,175.9795431563673,146.39502290624998,123.50702386521738,57.866156567384905,586.2801380164777,274.3972396704453
259.6,5,8132.702665185648,177.5191832213512,151.18503458107804,126.38764417203517,57.65764237668887,585.8201007068478,283.5979858630435
259.7,5,8034.206060566353,181.29891100224265,152.53404232495492,122.47919043257637,59.71891157843233,585.6904070203689,286.1918595926227
259.8,5,7815.837346340304,178.71426247372455,146.27272223220578,124.84291460021545,58.98069609976027,586.2918742122953,274.16251575409433
259.9,5,8085.842739343181,175.82410204141615,148.87861384992655,123.30698180242051,59.32246981007579,586.0417039207258,279.16592158548383
260.0,5,7923.986354029677,180.76646903167858,149.99963830279248,79.31870879634204,57.79261293306261,585.934016220027,281.31967559945906
260.1,5,8097.062628131115,183.87018753695156,155.90765357434094,80.10299196339298,57.6835417680504,585.3658098090997,292.68380381800625
260.2,5,7940.907203783447,174.32103771276937,144.96012054377587,80.50318372734105,59.12187517035912,586.4178035874872,271.643928250254
260.3,5,7953.907565093066,177.91548121013926,148.19136459655485,79.17663522381642,57.8796071154283,586.107702325295,277.84595349409983
260.4,5,8030.638601418522,186.57429545910196,156.90273369655995,80.13509948772793,57.500753917231194,585.2699961019616,294.6000779607675
260.5,5,7816.547489717098,170.82222715810468,139.826011154175,78.3983887213926,57.167625411144506,586.9098327600259,261.8033447994833
260.6,5,7789.680801846489,191.26541159373446,156.0215971309502,79.45925226527835,57.53867391513578,585.3548401079343,292.903197841315
260.7,5,7846.574235352221,169.33909044749316,139.14446286640262,80.33805176869825,58.89413950317525,586.9750857522397,260.498284955205
260.8,5,7924.140875090518,176.3654342572083,146.35052268359834,79.50426541943649,56.478421071595484,586.2844083947155,274.311832105692
260.9,5,7698.551845668027,172.19000286764776,138.81793831739063,78.4404265429948,58.586114849151976,587.0063427030694,259.8731459386113
261.0,5,7645.086924252217,194.20311200379925,155.477386102095,78.71023413079863,57.21776995250581,585.4072291969965,291.85541606007064
261.1,5,7859.540556356657,175.39782233377943,144.36103076118016,80.23287465101309,57.684567932446285,586.4752611184815,270.4947776303686
261.2,5,7700.94636913621,175.43581601193472,141.47867313944948,77.6724360498072,57.71745906083531,586.7515414619413,264.96917076117256
261.3,5,7697.149979999884,176.35310719473273,142.14830415635583,77.8175969010695,57.611756199722265,586.6873795927938,266.25240814412336
261.4,5,7533.471931078123,179.60986414690342,141.69482097226748,79.64037379840329,57.51413340886161,586.730832447871,265.38335104258067
261.5,5,7620.134945832671,176.61894830055587,140.93815266801423,78.3587574938347,57.32563203568557,586.8033219085885,263.9335618282314
261.6,5,7658.036791204948,177.94978756208377,142.70642951909434,77.10889637825932,57.1672601191117,586.6338908591599,267.32218281680275
261.7,5,7720.6456925503835,154.1215065214252,124.60787397253132,80.43996254362351,59.027129989012806,588.3633359461511,232.73328107697807
261.8,5,7531.921867199775,179.15558190258574,141.30735524645905,77.4654549328029,57.70105416814091,586.7679542798373,264.64091440325205
261.9,5,7735.032228739007,178.79259292578334,144.82390992428776,78.51123933216874,57.51868566795428,586.4308682943449,271.38263411310277
262.0,5,7484.444786408315,185.83291122562105,145.65011685526733,77.97229935496246,56.96859448719165,586.3516131029013,272.96773794197406
262.1,5,7456.023314778288,187.60335439465982,146.47937382310846,78.3232652529504,57.17390421794485,586.2720432682382,274.5591346352353
262.2,5,7637.989095210665,176.98451315256713,141.56077040597577,77.58329978792545,56.90926868468615,586.7436759406899,265.1264811862029
262.3,5,7482.676257833381,183.8517010574038,144.06325598384453,79.46593622572396,58.28437038763131,586.5038158286974,269.9236834260523
262.4,5,7380.457832599138,170.24738658309002,131.58075535038003,78.70535162733232,56.734011365476235,587.6982588886515,246.0348222269704
262.5,5,7388.181464501341,183.13024895992507,141.68577746425154,79.71591822018581,55.20995017518285,586.7316989317608,265.36602136478564
262.6,5,7501.227490906085,173.5318069408411,136.31386868284366,77.76731484871677,57.48309448277693,587.2459346891583,255.08130621683563
262.7,5,7481.529811997931,169.00594287740398,132.41006693207606,81.0203419932911,57.11399426423669,587.619056387331,247.61887225338
262.8,5,7234.030040987233,175.7384130014989,133.1299062317136,76.1371569870387,56.776207213020555,587.5502912314096,248.9941753718074
262.9,5,7276.849873381044,186.55820536517655,142.16293744077356,76.48221795890656,58.24217702155283,586.6859773186793,266.2804536264139
263.0,5,7258.613372638071,177.71760930068913,135.08674737154513,80.449354849054,54.56574534466113,587.3632739988213,252.73452002357203
263.1,5,7125.475346479741,186.59963706843763,139.23655021986008,78.87540932755391,58.84417507164382,586.9662699653217,260.67460069356684
263.2,5,7182.990327482362,170.53440489409655,128.27614786993846,78.67676631961781,58.29130027506641,588.0136455224756,239.72708955048802
263.3,5,7157.930776668371,182.7391752280157,136.97703854458723,78.74481880740136,56.57728964167835,587.1825013662162,256.34997267567655
263.4,5,7234.961566970804,170.44487453677928,129.13643486908396,78.872568672924,56.7233113359154,587.9315743205487,241.36851358902504
263.5,5,7210.67435721297,176.16990934690332,133.02590787339244,78.50632321976993,57.64727100087553,587.5602270530135,248.7954589397316
263.6,5,7034.170442303831,175.6686009257206,129.40040862769953,76.94665351144143,57.64292764285659,587.9063865877908,241.8722682441819
263.7,5,7014.782813940048,178.31785598854796,130.9898609186208,79.04636435435224,56.446699979239675,587.7546783191913,244.90643361617344
263.8,5,7068.1027337817095,174.95437260467276,129.4959757737618,78.81580942815776,55.4327212606706,587.8972672602974,242.05465479405007
263.9,5,6919.5483540988025,167.51267413500625,121.38192988580374,79.69524175091588,59.13215631607991,588.6705097391969,226.58980521606395
264.0,5,7001.503315613482,178.31273729078393,130.7381344979324,80.05601555374376,57.94360603104972,587.7787101517365,244.42579696527105
264.1,5,6908.001935213485,183.71151504484288,132.89769461930513,78.2929771572853,57.11340959902111,587.572475850995,248.5504829800982
264.2,5,6795.393426994133,166.91821593676195,118.78099473242398,76.38050901726355,57.10146600427549,588.9179324964075,221.64135007184996
264.3,5,6768.115093268746,157.54863129859802,111.66343613554339,79.93744440670321,57.516204947321214,589.5939335797264,208.12132840547406
264.4,5,6968.439773418782,173.25632900461338,126.4309138605865,76.5451778242132,57.605214726017664,588.1896016361045,236.20796727791117
264.5,5,6788.520245635338,166.78403231190418,118.56546394376652,78.128752207482,54.747118011592605,588.9384260859463,221.23147828107562
264.6,5,6932.110447976565,167.50111298440234,121.59390013378805,77.37105326318994,56.45201904973794,588.6503360056341,226.99327988731739
264.7,5,6700.891050173077,171.60393955960296,120.4171733982775,77.11802855726164,56.31754385877603,588.7623101987228,224.75379602554312
264.8,5,6751.300287830311,163.78314606892718,115.79378557309897,78.50729519270347,56.58050173476622,589.2018397060956,215.96320587808918
264.9,5,6925.454120792197,164.3384953943901,119.18351262232173,77.83855859787343,57.482376044914965,588.8796554803088,222.4068903938246
265.0,5,6572.800631014258,164.73761150138338,113.38923942007021,78.11588978952176,54.89123407172798,589.430167760526,211.39664478947907
265.1,5,6468.67339243209,174.92021365556883,118.49058427913968,76.47569521987964,55.301993829150184,588.9455456246228,221.08908750754267
265.2,5,6747.537005009835,164.01150829771765,115.89060111141077,77.199878412059,55.9393062111861,589.1926426351786,216.14714729642856
265.3,5,6523.760464902881,154.29610767015058,105.40994701472823,76.43931184853642,56.74540779383198,590.1865687269492,196.26862546101506
265.4,5,6578.005760469464,153.69533307159372,105.87259252539253,77.07759427002637,57.39329937557081,590.1427658696954,197.14468260609237
265.5,5,6502.6617146708195,162.13777258932112,110.40887429530632,77.12743782885684,58.16271122953319,589.7129240048203,205.7415199035961
265.6,5,6562.850867034261,152.3300533079596,104.69037310497735,79.43634090377039,56.215353877071166,590.254684195671,194.90631608657964
265.7,5,6426.839547968722,148.34922245940047,99.8415580953698,76.86488927949915,57.3026187275231,590.7132609714424,185.7347805711504
265.8,5,6480.536532063232,162.76003493746043,110.45550244739383,74.57817846838859,57.15284275377767,589.7085023761717,205.82995247656527
265.9,5,6521.588933939433,162.10559487878191,110.70826465845492,78.75551380608695,56.95500783121857,589.6845324063222,206.30935187355703
266.0,5,6365.036433307101,153.71712963253322,102.45939287493906,77.57279446421023,56.35983530960603,590.4657691172051,190.68461765589745
266.1,5,6377.037482238495,157.3071260952618,105.049982514365,76.82852693170983,55.95548424952762,590.2206452662717,195.58709467456424
266.2,5,6394.019236738828,155.5035453399934,104.12208390232091,76.41291949202721,55.26064235626722,590.3084676322642,193.83064735471748
266.3,5,6275.517132596884,157.31690046034976,103.38404459901409,75.75289314682408,55.165603057408134,590.3783015121226,192.43396975754877
266.4,5,6356.10587936241,156.22492434811988,103.98484864931162,79.16628047992718,56.61556388470926,590.3214542149965,193.570915700069
266.5,5,6393.290057794531,132.62167552691582,88.79071165100582,76.85405361411854,56.18548073843065,591.7557016918863,164.8859661622737
266.6,5,6330.56148244718,148.0284244860831,98.13320111771624,74.6575588644313,55.79595524218247,590.8746566352129,182.5068672957434
266.7,5,6330.007872334299,152.1665788356365,100.86770615093832,77.08697764116876,56.84797192027379,590.6162733629262,187.6745327414767
266.8,5,6341.918827030824,144.47742522708774,95.95095250456228,78.09173927613472,55.954519206826724,591.0806926654643,178.3861466907149
266.9,5,6270.27897909057,146.39389854638438,96.1254660489875,76.78251814851455,55.21382179355729,591.0642214122502,178.71557175499788
267.0,5,6387.726759376787,150.16619107049144,100.44934602929843,75.46317280524036,55.83264601655775,590.6558190768342,186.88361846331645
267.1,5,6448.721230918643,144.2300147784195,97.39975610855606,75.30591481805084,56.89207069067857,590.9439207974287,181.12158405142623
267.2,5,6259.1295626899755,152.95315767666463,100.25383779294256,75.34437627145928,55.02038100678723,590.6742977526808,186.51404494638314
267.3,5,6340.983866069477,149.00326366934578,98.94208253541109,78.22094512665248,56.22578417039657,590.7982493735367,184.03501252926503
267.4,5,6264.458187582187,138.98403798939452,91.17527002425358,76.25860223679216,55.93385738404724,591.5310785814904,169.37842837019048
267.5,5,6314.946342147064,137.11083065561058,90.67134220450161,74.27962592789825,55.20141467978295,591.5785625189749,168.42874962050132
267.6,5,6422.6312852415995,117.2121578513488,78.8341282821567,76.70441014683762,55.64198246122913,592.6917397023554,146.16520595289103
267.7,5,6316.497098765731,133.5308714163178,88.32560119415923,76.36191143058117,54.336933299794175,591.7994944980746,164.01011003850613
267.8,5,6094.606959464393,124.98074846201087,79.76593171597075,75.60307979029328,55.991712676189394,592.6042660302862,147.91467939427662
267.9,5,6301.710798746863,134.62537557986226,88.84111782264125,74.86622809967615,54.490973096078676,591.7509552681103,164.9808946377948
268.0,5,6371.773076620241,132.75652013278383,88.58185659570847,74.76288457436134,56.90195720950068,591.7753674013861,164.49265197227874
268.1,5,6230.214800494245,135.2368246049342,88.23209737811057,77.29224728045523,55.711544669003004,591.8082976230153,163.8340475396933
268.2,5,6342.987202358422,139.56488279317534,92.7040287761824,76.23392199989475,55.20588657369571,591.386979882878,172.26040234244124
268.3,5,6180.469666253357,129.01502513880433,83.50075235603319,76.45979609919206,56.91263156612753,592.2533944607733,154.93211078453442
268.4,5,6102.998560981514,144.56149501370027,92.38990412972773,76.12755430507667,54.69478708162886,591.4165946565565,171.6681068688706
268.5,5,6256.066383854332,129.6149511108094,84.91512764608879,76.17539877109535,54.953711177155554,592.1204094989243,157.59181002151195
268.6,5,6074.726974272915,118.19562965841502,75.18943131542909,75.16834154669816,53.84710281550377,593.0336372587392,139.32725482521732
268.7,5,6218.126346902178,122.8027504681944,79.96432107017378,75.43158263679459,56.961011160243174,592.5856387199401,148.287225601199
268.8,5,6362.8104187622785,123.48951325690808,82.28253825008484,77.02456033433157,57.49972863920176,592.367887112847,152.64225774305828
268.9,5,6059.099444607095,129.59712430347022,82.23033569624853,77.27219395384728,53.928832461701376,592.3727923166232,152.54415366753506
269.0,5,6119.218375317686,118.16762457464374,75.72217421351583,74.05613193102656,54.762425586886195,592.983687220431,140.32625559137955
269.1,5,6143.213982631319,122.05197315319712,78.5179705508253,75.22063096686323,55.62399394386336,592.7214132821696,145.57173435660957
269.2,5,6235.935978147567,122.34389555205429,79.8937066356433,76.42553164745398,55.01468194124979,592.5922690351549,148.15461929690173
269.3,5,6208.0748451992,119.66230565713508,77.7934314864129,77.62468666429703,55.47547277947732,592.7894049186457,144.21190162708626
269.4,5,6376.738598662243,127.80229659264415,85.3426040737169,77.45230409524348,55.365820129452466,592.0802046185527,158.39590762894773
269.5,5,6335.585961612603,125.9308079501426,83.55018108808008,74.30677040327892,55.86782135781693,592.2487480032141,155.02503993571736
269.6,5,6293.138545820434,128.92330108414225,84.962508834192,76.73943361049298,54.47637910959578,592.1159534907938,157.680930184124
269.7,5,6261.112414517054,117.753206625229,77.2063216644507,75.22741735791907,55.607305553113335,592.8444884474372,143.11023105125628
269.8,5,6285.811843351407,127.79908440318013,84.12357822560601,76.35801206606766,54.2760484618558,592.194841453814,156.10317092372156
269.9,5,6167.69392236624,109.14305709787966,70.49325192729366,75.99829333756678,54.95807909729659,593.4735838190538,130.5283236189223
270.0,5,6332.056276237966,108.28130989307101,71.80040349231682,73.48324314892228,53.61118039979141,593.3511937678753,132.9761246424937
270.1,5,6145.889956423977,108.81235149764254,70.03120410132915,75.60760982737136,54.92161424836084,593.5168336616898,129.66332676620254
270.2,5,6331.643684655691,116.68309041877978,77.36651029112748,76.10212380998637,54.73189395520082,592.829460336809,143.41079326381873
270.3,5,6365.5130640474235,124.34626392303689,82.88859397961599,74.81875989857595,56.22692074003523,592.3109331678711,153.7813366425769
270.4,5,6273.168525823574,111.02767429710808,72.93681850374115,74.49504201858608,55.20303423776155,593.244748460726,135.1050307854814
270.5,5,6236.425701365447,111.2215879343639,72.63625789911825,72.85232352465756,55.36399585961509,593.2729050197611,134.54189960477947
270.6,5,6290.910407615255,112.36548539194857,74.02442632070802,75.50638842221454,55.19848658522878,593.142838610348,137.14322779303984
270.7,5,5980.400360930149,117.21064555298973,73.40504933455743,74.88430705573853,53.07152568129847,593.2008791444327,135.98241711134392
270.8,5,6279.934969588502,109.1854453588911,71.8039795223836,73.47499008568631,53.183636328846816,593.3508588701745,132.98282259651046
270.9,5,6239.003913533263,108.12827696172164,70.64528126094409,74.13845043715577,54.8421073692084,593.4593517670012,130.81296465997525
271.0,5,6243.055895964994,101.7838592802473,66.5433644356156,74.66276158261506,55.41980392561873,593.8431064103024,123.13787179395263
271.1,5,6312.585379349342,106.54571797636358,70.43230205564807,73.75495130067245,54.88709634376356,593.4792893777101,130.41421244579738
271.2,5,6235.433148807634,118.1434921114845,77.14451430332373,74.37654638519035,54.23888093930457,592.8502867044768,142.99426591046313
271.3,5,6130.726877278139,109.89922846538411,70.55620774905641,72.22150296118434,54.84386803727747,593.4676903655893,130.6461926882139
271.4,5,6221.5301046014565,103.45387401383313,67.40196891476937,75.88889089341029,54.738601786763915,593.762821191813,124.74357616373936
271.5,5,6236.672914304442,116.66521681483249,76.19438680481389,74.23691881675838,55.826463683673296,592.9394053904402,141.211892191194
271.6,5,6235.81000990792,103.30492465534081,67.459406823304,72.84693205863111,55.75252247924026,593.7574495830409,124.85100833918409
271.7,5,6234.224542553505,116.7407779098692,76.21380446666082,71.16292568033687,54.458400950205515,592.9375843520385,141.2483129592306
271.8,5,6310.819415864323,116.03705935576275,76.68511712716415,75.29805535631145,54.94447706194677,592.8933799627093,142.1324007458145
271.9,5,6101.402052999421,106.02624707187594,67.74412709492427,74.68142316137275,55.253461207066486,593.7308210157125,125.38357968574815
272.0,5,6212.995435847601,94.57887775796378,61.53522728880718,74.21326440207407,55.38504356805189,594.3109640423884,113.78071915223131
272.1,5,6309.783319891029,120.54254912705468,79.64956989322758,74.94566139453481,56.59641301098821,592.6151910032468,147.69617993506358
272.2,5,6012.571798581193,106.68760461938069,67.17425488341979,74.89132372500278,54.8993633509423,593.7841161031981,124.31767793603854
272.3,5,6183.707553467966,101.18392978983545,65.52229531546357,74.04065839617132,56.080233950986695,593.9385546058321,121.2289078833578
272.4,5,6099.45163032914,109.63285907299438,70.02613386464911,73.45149350346635,53.73566809301776,593.5173082242632,129.65383551473792
272.5,5,6107.387114804312,107.3597703230454,68.6634530666893,73.20533485614908,54.24262495522318,593.6448242324961,127.10351535007703
272.6,5,6043.292185127946,111.13925864593394,70.33471075291287,74.16053132560991,52.7293092516352,593.4884247344972,130.23150531005513
272.7,5,6098.871371804006,96.86112194737066,61.86251713888469,75.28148211965907,55.00156404031446,594.2804115070601,114.39176985879953
272.8,5,6274.69797888097,103.27802254835333,67.86242248775162,73.43135720969846,55.483195860946694,593.7197566860391,125.60486627921932
272.9,5,5963.514287218175,92.31549811602036,57.65082139994436,75.27656892581965,52.265993375724314,594.6733317600228,106.53336479954305
273.0,5,5955.422990470714,104.86596689393981,65.39970610039573,73.90269799626815,54.99566517347885,593.9500120002094,120.99975999581034
273.1,5,5924.7866339291195,99.64360977856923,61.823101009146846,73.86203261572963,55.39788474979413,594.2840911741216,114.3181765175666
273.2,5,6193.534371204418,101.3918504273634,65.7612741376709,76.24179812709586,55.3275043746743,593.9162179588749,121.67564082250237
273.3,5,5965.483982020102,98.03922733902992,61.24549960966022,75.28952425823566,53.57129628347113,594.338007499558,113.23985000883908
273.4,5,5985.958886022503,96.96433129491655,60.78191156221279,75.27147085665679,55.527467688755,594.3812740809931,112.3745183801384
273.5,5,5928.126268349213,92.3202382497529,57.31165898636457,72.25102386223327,54.75114361691878,594.7049503282935,105.9009934341293
273.6,5,5853.671897960206,103.62681634853713,63.52272937618494,75.78999623916415,55.32067060574272,594.1253816727922,117.49236654415654
273.7,5,5897.058907964786,108.23732649214251,66.8407232563135,73.01213591296373,54.5918727652342,593.8153038698199,123.69392260360087
273.8,5,6127.943278868771,93.64823879808785,60.0956405931723,72.78943265203527,55.087170799578594,594.445311943746,111.09376112508016
273.9,5,6000.677299917901,101.17540661780475,63.57755886673649,70.42316245073022,55.80407838795896,594.1202603269531,117.59479346093713
274.0,5,5760.434840541268,100.10204201412832,60.38468752790232,73.35786577408558,54.479837306332286,594.4183418639868,111.6331627202635
274.1,5,5875.035916106043,96.93022359454923,59.63460657804364,71.61857128897482,54.957289763404084,594.4883244968171,110.23351006365829
274.2,5,5705.601041650989,86.0050003216171,51.387054012608566,73.36100813643102,55.9125892359619,595.2567281093061,94.86543781387809
274.3,5,5585.956483754101,87.41864977957339,51.13641294564181,71.42996634325313,54.519537090792895,595.280048396448,94.39903207103953
274.4,5,5820.728181151753,90.92280682590788,55.42156317605961,74.93406390942914,53.517630036238174,594.8810932666768,102.37813466646344
274.5,5,5802.307033009982,81.29782344190345,49.39787224128649,73.39193625675433,55.309641571237535,595.4417560121346,91.16487975730706
274.6,5,5758.7715145623015,106.02969168042077,63.941962916233194,75.41936571530019,56.059362636348126,594.0862209187519,118.27558162496302
274.7,5,5581.14850587293,98.67155938299025,57.66923472226643,71.40961733786372,55.904470449834555,594.671615072687,106.56769854626077
274.8,5,5575.439612632215,95.83368463578417,55.95332774074793,74.45024672314099,55.32219291205472,594.8315473841392,103.36905231721516
274.9,5,5627.136280726398,80.6792049370791,47.54202334550014,70.3822263314849,52.25488299789755,595.6142772517633,87.71445496473348
275.0,5,5556.874290931329,83.2329040148572,48.43443496993796,72.74969057176915,53.95536141414748,595.5313305037962,89.3733899240749
275.1,5,5445.230815620382,95.9944659546452,54.73827516659285,71.69684517731778,53.999066195981165,594.9447447631064,101.1051047378703
275.2,5,5290.953044791093,109.83684173296587,60.85700313035252,71.87231711083393,54.62132742677649,594.3742662312917,112.51467537416602
275.3,5,5416.940906539316,91.20712740762066,51.73822123943432,71.74542532102602,56.25783681990957,595.2240515121352,95.51896975729619
275.4,5,5469.232484794599,102.22006267196853,58.54517998858387,71.22320660268343,53.482464656886954,594.5899385056441,108.20122988711887
275.5,5,5212.833252381698,92.91153965318225,50.71916649534386,70.76517885694403,56.79896475847299,595.3188659908913,93.62268018217605
275.6,5,5346.466773286526,96.77635529899094,54.18321270183813,71.7021300854655,54.16851384517524,594.996441336159,100.07117327681954
275.7,5,5275.794919040535,105.03261817959806,58.02841584856248,72.3288171874836,53.778343041978665,594.6381263564276,107.23747287144647
275.8,5,5273.441322071809,94.26950904400432,52.05877940352303,73.54286538952906,55.38517563702002,595.1942199727172,96.11560054565643
275.9,5,5242.29141695216,92.04280455874228,50.52887403900253,72.45801461423187,55.459326361333076,595.3365677318257,93.26864536348694
276.0,5,5050.187660505844,107.00325052037996,56.58914146951981,73.46092198009089,55.180345318573,594.7722960399497,104.55407920100583
276.1,5,4918.72536237042,97.61952783080226,50.28261957350871,70.24506337882339,53.75664490406257,595.3594737006963,92.81052598607516
276.2,5,4977.3292477966415,105.18335294456158,54.8241615813338,71.45744113883765,55.02415658353409,594.9367447938575,101.26510412284915
276.3,5,5067.697096025566,93.01265598125963,49.360700276594955,72.78867063469882,53.48492535399318,595.445212537242,91.09574925515972
276.4,5,4886.533051836449,107.94052430847432,55.234952118469586,72.30609000555808,53.71791883293941,594.8984783293452,102.03043341309808
276.5,5,4826.498286208948,100.31324738959816,50.70129640170804,70.8199879071598,54.41730345266816,595.3205283813211,93.58943237357948
276.6,5,4673.467937858719,101.76476642253769,49.804126285164074,72.93376272185563,53.68954658555678,595.4039768601148,91.92046279770466
276.7,5,4966.756360334072,99.98508058591743,52.003991130819465,71.13518374303727,55.5599229429299,595.1993188507639,96.01362298472168
276.8,5,4832.191647378789,95.8864607649802,48.521035099919345,70.80006070637701,53.92699986975582,595.5232800651142,89.53439869771387
276.9,5,4780.159498380967,99.79244769249475,49.95381727148464,72.27777798597792,54.28303230714157,595.3900552918176,92.19889416364822
277.0,5,4752.041957168444,97.10349445782559,48.32187122046924,71.6617502066068,53.621939968756706,595.5417942199435,89.1641156011292
277.1,5,4667.844172803405,107.3334121662484,52.46623539658085,70.98812534955235,55.53872653618412,595.1562972619332,96.87405476133563
277.2,5,4542.69701451001,99.62730848945195,47.39371877141818,70.90902224006004,53.834297086089954,595.628059422738,87.4388115452382
277.3,5,4503.147239250819,91.02200587357262,42.92310860701998,70.25552797087992,55.64207143616552,596.0432188704458,79.13562259108289
277.4,5,4430.870840728699,90.20672405180385,41.855893746680145,71.02678540216255,55.56856916887483,596.1422388284291,77.1552234314197
277.5,5,4674.6054969269435,90.35662374765296,44.231694583168654,72.78447741665218,54.05437886382054,595.9217584274852,81.56483145029597
277.6,5,4430.006535680939,107.26575897244656,49.7615723888579,71.72109715742177,54.53061080293564,595.407934339858,91.84131320283882
277.7,5,4286.1407615482085,95.39060878326549,42.815465297736125,72.54151175644101,54.02818607841245,596.0532078980361,78.9358420392773
277.8,5,4327.5910175725085,106.07727265639886,48.072551544038745,71.97443910810259,55.04889788653595,595.564969193008,88.70061613983921
277.9,5,4140.706223274864,105.47206644207428,45.73413737728854,70.58481911603515,54.310314051783294,595.7822430588764,84.35513882247278
278.0,5,4333.282376041315,104.61576428519714,47.47256968862378,69.30530634287193,54.0892426302106,595.6207317663557,87.5853646728865
278.1,5,4081.455965228479,108.70300211092983,46.460648952608764,70.13721941420314,54.55516863461655,595.7147562948389,85.70487410322016
278.2,5,4146.093703121664,107.31993527009567,46.59594597970389,70.40954174842419,52.929367883253846,595.702186647188,85.95626705624113
278.3,5,4154.362796749125,87.83298065402522,38.21119847824248,70.2827204124768,54.4386572909074,596.4801571776711,70.39685644657766
278.4,5,4044.664557416199,105.13604248382268,44.53103125798923,72.32465769835272,55.167366787896086,595.8939675640074,82.12064871985262
278.5,5,3972.5555522083987,110.98793094417398,46.171539165434915,72.27897635293478,54.65938551685318,595.7416139870368,85.1677202592657
278.6,5,3920.5690025400013,120.11483526085354,49.314469987588865,73.73578828170277,55.476890665759605,595.4495113161395,91.0097736772093
278.7,5,3870.674457265507,121.06794972211223,49.07320831293194,70.1327595326907,54.15216519222019,595.471944307604,90.56111384792075
278.8,5,3778.313564877899,100.35920624584037,39.70853213358838,72.9342883771563,54.074727500627176,596.3413783462115,73.1724330757686
278.9,5,3748.0700785705317,108.09968865941401,42.42880142415677,72.89543327084138,53.42157939517626,596.0890865508164,78.21826898367135
279.0,5,3889.647327842005,100.23882242779516,40.8295694149631,70.67619851847863,54.13835839996181,596.2374335986456,75.25132802708981
279.1,5,3697.770337886179,122.50139119290768,47.43616523442143,71.49262749768549,56.51552498021571,595.6241148736212,87.51770252757524
279.2,5,3593.140261246145,119.61881593941295,45.00930301049757,72.38313385330095,54.83102831323847,595.8495586832091,83.0088263358175
279.3,5,3579.200348610808,115.65496389731834,43.34898213631962,70.79388758143249,53.97612422431158,596.0036955760987,79.92608847802558
279.4,5,3694.022165539551,115.04027510793534,44.501846012736394,70.67172366379194,53.562016216145345,595.8966772805566,82.0664543888688
279.5,5,3615.7198491957065,124.22285947156121,47.035407759409296,70.05384225493194,52.97644665204635,595.6613551621115,86.7728967577716
279.6,5,3567.6607944303178,123.7219452249064,46.223083494877976,67.94631415009428,53.75172379369734,595.7368258057222,85.26348388555675
279.7,5,3453.72817335014,124.03592998358546,44.860517427205735,70.83510247485185,55.348770835648374,595.8633745584245,82.73250883151036
279.8,5,3497.3236557207697,119.815367588831,43.881045649265026,69.87133550625335,54.1703246785164,595.9543098786612,80.91380242677474
279.9,5,3347.301962263111,114.86436520368187,40.26324992603703,69.40587151664009,53.64728213583931,596.2899483960728,74.20103207854595
280.0,5,3350.3122392290543,123.36987382412289,43.28356487032991,71.17650296125097,53.765684951771355,596.0097669841011,79.80466031797619
280.1,5,3434.6148533153614,124.40333003650477,44.74439780134718,68.90235625541372,55.2720808843861,595.8741567023412,82.51686595317551
280.2,5,3394.042028815949,118.04692914250107,41.956623222919085,71.58576246931743,54.5503838970312,596.1328942074956,77.34211585008893
280.3,5,3187.2211041389533,117.61164046116768,39.25465077070601,71.17380191798766,54.01380399340226,596.3834527374203,72.33094525159458
280.4,5,3169.777837758873,128.69052402532202,42.71732135787432,70.08875024980723,54.34229499390335,596.0623151143793,78.75369771241367
280.5,5,3232.9804646362822,133.09037099227234,45.05866642595898,70.46899507564481,56.866553904528985,595.8449747713737,83.10050457252487
280.6,5,3359.3034174473746,116.87661845448274,41.115491625786056,69.09317588581784,55.890592633156245,596.210916499592,75.78167000816052
280.7,5,2987.089353536205,120.95551458258801,37.83576377858462,71.3988124670275,56.150203903657626,596.5149437723123,69.70112455375329
280.8,5,3170.349297552634,125.92770905280973,41.807772998026564,70.70070182693141,52.940392715065336,596.1467028610871,77.0659427782573
280.9,5,2989.1262342091536,127.54399731710316,39.92389439184491,70.76803940027212,54.55262034394421,596.3214123701146,73.5717525977077
281.0,5,3036.6436036954206,121.14180936155977,38.52268041354174,71.03454116739475,54.07046612704208,596.4512931461882,70.97413707623787
281.1,5,3040.4583255170182,138.63687865780486,44.14143472915697,69.64032837491001,55.2709334050843,595.930137774869,81.39724450262065
281.2,5,3014.4295533878235,129.05340701787904,40.738330891327536,68.56781431215238,55.79904215123755,596.2458947746047,75.08210450790557
281.3,5,2984.094752854615,130.45693745325914,40.76696739300306,71.51942912584518,55.078106298203636,596.2432391408253,75.13521718349466
281.4,5,3017.0484056355144,139.6793329850137,44.13092682888922,71.17757966689364,53.891956239371765,595.9311132689675,81.37773462064956
281.5,5,2948.204106269029,124.84435961755787,38.543849839931504,69.68966730358888,54.11645912726692,596.4493313413795,71.01337317241018
281.6,5,2843.939594055524,127.97955769514189,38.11444414775679,70.80452229149658,55.41138807045421,596.4891225190247,70.21754961950478
281.7,5,3041.907355385766,120.4256555433567,38.36132683638733,71.80516428169042,55.52453220901125,596.466245615263,70.67508769473875
281.8,5,3025.4116629625764,128.58173618376293,40.73731303774412,71.64455911251332,54.959348836162405,596.2459891658067,75.08021668386618
281.9,5,3021.175450076824,119.94334164519915,37.947285010329225,69.58368734623369,54.96241887908442,596.5046109929689,69.90778014062244
282.0,5,2782.9971986363234,136.1662210297866,39.6835733691273,68.45820416400313,54.897274498836026,596.3436921562819,73.12615687436164
282.1,5,2947.1556200355367,134.42393243085553,41.48664190950569,68.6481401899025,55.13106343886947,596.1764916072786,76.47016785442702
282.2,5,2973.454844484899,130.08384262520133,40.50543708422347,69.83933129679353,55.59303206440821,596.2674915238489,74.65016952302221
282.3,5,2802.825248886216,131.84589508239546,38.69824341402638,71.95331213155988,55.52262863829989,596.4350230477824,71.2995390443541
282.4,5,2894.2731466864316,138.39030123675397,41.944380828950386,69.31005267144207,54.93172615259761,596.1340299437352,77.31940112529742
282.5,5,2876.012213898392,125.60577657787478,37.82935678447427,69.45477744494343,54.87505331561549,596.515537388753,69.68925222494022
282.6,5,3056.74377230337,135.46648487543882,43.36301949475473,69.41679087661485,54.85304891426476,596.0023927458649,79.95214508270351
282.7,5,3060.2555114656334,139.39901217708123,44.67309099551109,69.50625164490542,54.176541764298065,595.8807776126835,82.38444774633194
282.8,5,2715.989978378786,122.4753727992167,34.83417675240037,70.11863327273025,54.18064832692825,596.7929147475957,64.1417050480868
282.9,5,3108.666963294534,140.17797631217923,45.63337624304319,68.58435598084415,55.534713858668724,595.7916016978805,84.16796604238925
283.0,5,2783.378855262316,124.07993663341786,36.16616877432171,71.41049394392331,54.29524497178419,596.6695937731786,66.60812453642961
283.1,5,2962.9874005995143,135.37261124707973,42.00386257976666,69.92485883327981,55.839677263801384,596.128511735446,77.42976529107978
283.2,5,2962.409741512214,128.4314766323777,39.84237520381572,73.06352523602696,54.992301552681305,596.3289700742822,73.42059851435579
283.3,5,2776.8746017676335,146.9550506491169,42.733592374548266,68.67073676189378,55.88140975706778,596.0608052731413,78.78389453717432
283.4,5,2920.413804439147,129.17889958189846,39.506139347848055,71.97785922083737,55.71721091161916,596.3601407120491,72.79718575901938
283.5,5,2866.2318776205225,126.0508142883864,37.834290607485755,71.73117277460808,55.941884994892625,596.5150802636597,69.69839472680746
283.6,5,2932.7786854295396,138.8396601454267,42.64041778579687,69.55961752457027,54.641555577308736,596.0694511459758,78.61097708048533
283.7,5,2906.444973690162,135.29468090490178,41.17858752859249,69.57218806142855,55.546048269749036,596.2050645172728,75.89870965454452
283.8,5,3003.3086705252185,127.92284608889403,40.232470462783326,68.93386911407174,55.89452340753664,596.2928023085392,74.14395382921725
283.9,5,2902.6228610062544,142.38008331107685,43.27812850609812,68.94135046171056,53.62505229364085,596.0102715300827,79.79456939834563
284.0,5,2885.959310532504,124.9827499213456,37.771905769335646,70.0266633834288,56.8980708268694,596.520860247849,69.58279504301913
284.1,5,3013.0898606827686,131.87277427681093,41.60982073552285,70.04702535808023,57.482581429894694,596.1650656533157,76.69868693368585
284.2,5,2971.731054035004,135.28230165188435,42.09970999226307,68.0947093834231,56.184418080167475,596.1196196156279,77.60760768744035
284.3,5,2994.2823077521884,145.08572550773846,45.493154087834924,72.76563400186875,56.063760098907956,595.8046249621868,83.90750075626215
284.4,5,2870.2908893357903,148.67859808512318,44.68924194587564,69.69844612926296,55.86763335914288,595.8792779932908,82.41444013418572
284.5,5,2843.255794267368,147.44861922438605,43.90209657980845,70.08558705888775,54.976680416314245,595.9523557791343,80.95288441731327
284.6,5,2898.1759496064406,138.7536068956829,42.11120293784248,69.25290092940958,55.211423785366954,596.1185533545271,77.6289329094584
284.7,5,2903.071711220788,122.91120550770167,37.3661075982025,69.68205575126115,56.30771801739717,596.5584548869479,68.83090226104173
284.8,5,3047.026686448993,142.69255917395188,45.53089663382188,69.57164284913273,54.392051557591216,595.8011196441911,83.9776071161782
284.9,5,3075.6532686470073,150.2831605026184,48.40344937277023,69.99675764218213,54.326741567087026,595.5342109040558,89.3157819188832
285.0,5,2979.0644739575273,148.63653285469496,46.36967870820629,69.98249210748627,55.012550683216006,595.7232075025446,85.53584994910807
285.1,5,3140.837194207135,143.2297873962521,47.10938020869187,70.96611377142173,56.08878364382191,595.6544816437017,86.91036712596656
285.2,5,3146.194387525379,131.63006867505283,43.36798837343393,70.2737605071443,54.58947162895244,596.00193157472,79.9613685056022
285.3,5,3050.75542041204,136.22521419586886,43.52046319676443,70.84760682265075,55.25309325118613,595.9877797450758,80.24440509848318
285.4,5,2961.1094186576474,153.36322422013825,47.55588892305051,69.99261286333919,55.3951569241617,595.6129886695815,87.74022660837204
285.5,5,3200.4816688474652,129.8120367504441,43.506978791066565,70.2843553923542,54.51350562127007,595.9890313167559,80.2193736648826
285.6,5,3056.692633240025,131.5754309189784,42.116782823097004,69.72029953863871,53.10936581470825,596.1180356777952,77.63928644409589
285.7,5,3086.1418474908487,146.06802962080945,47.20626852004535,71.2171616950829,54.546593998135194,595.645478542147,87.0904291570605
285.8,5,3053.521254830855,136.2907148311912,43.58086387268123,70.4046826191716,55.858177166513,595.9821735171944,80.35652965611234
285.9,5,3012.8046272579077,130.85417522946045,41.28451358662318,69.83250035156911,56.10782688263799,596.195239888495,76.09520223009895
286.0,5,2969.251557583923,149.6190416095545,46.522439466098525,69.80189836169704,56.14064514196645,595.7090157694845,85.8196846103101
286.1,5,3180.182826901506,141.92676876400887,47.26558324574655,69.90204896250162,56.28065657774359,595.6399667358125,87.20066528374787
286.2,5,3056.7401863752,135.7824745389013,43.46411725845445,70.07595920184005,55.069691868387736,595.9930095274142,80.13980945171625
286.3,5,3432.7018272549344,130.17017791375096,46.79249446042779,69.97862747618008,54.8806780493768,595.6839255368063,86.32148926387345
286.4,5,3049.4985624915093,152.23804110127205,48.61611358883952,69.38302834893142,56.121740640559224,595.514441216747,89.71117566506109
286.5,5,3043.566372965058,137.43098080091784,43.80221181985394,70.97943896334621,55.56052029782291,595.9616276898801,80.76744620239879
286.6,5,3221.503758473621,147.0600433982514,49.611453397252944,71.06371100570529,56.70512618798132,595.4218948676348,91.56210264730248
286.7,5,3327.997672578365,143.1917594063529,49.90334500235938,72.21965016563469,56.20538496541184,595.3947493895301,92.10501220939705
286.8,5,3198.1404064471258,132.9289034294017,44.519017022383856,69.36420809358285,57.1339795905828,595.8950830338438,82.09833932312563
286.9,5,3255.248926174665,132.60518482911198,45.20363166591685,70.8983705970739,55.410951273754556,595.8315128149809,83.3697437003832
287.0,5,3034.192365246847,145.9225781617863,46.365422689592734,67.81829721679175,56.970528414950635,595.7236028841282,85.52794231743405
287.1,5,3152.944351165887,145.62103160060497,48.080505708931916,71.11526786833252,57.96435177843019,595.5642298588189,88.71540282362275
287.2,5,3122.8025046147122,121.81287950822225,39.835139878226165,68.38420694762557,56.01027236308413,596.3296408573515,73.40718285297044
287.3,5,3051.739811652742,138.3509053587454,44.213828953849635,68.96313127616507,56.48285965750251,595.9234170166319,81.53165966736083
287.4,5,3249.3175411466113,133.18880617020582,45.31985369788827,70.55575458917582,55.08021416645296,595.8207196064327,83.58560787134593
287.5,5,3031.0114568361205,126.32308704553452,40.095803986103085,69.42457202604788,56.93215176949572,596.3054738726867,73.89052254626677
287.6,5,3123.7672652540236,134.89225899345146,44.12597506073197,69.27416295400822,57.19466651593031,595.9315729620346,81.36854075930955
287.7,5,3203.0395785318524,123.10168350021563,41.29095383143135,69.61675234461728,55.59882556234096,596.1946425460769,76.10714907846159
287.8,5,3179.181885880788,128.75814029194842,42.86656547005113,71.0889537026419,56.707262980321744,596.048465972959,79.03068054082041
287.9,5,3299.2619858091857,125.89463905097585,43.49633432353052,69.10932988171731,56.42955202248077,595.990019292349,80.19961415301964
288.0,5,3293.436194899722,127.43273670134242,43.95000026535979,70.17973158145719,56.56798859198132,595.9479089647107,81.04182070578759
288.1,5,3351.460849431311,129.8654848571128,45.57813073386848,69.80677040850487,57.017492120104585,595.796732744861,84.06534510278107
288.2,5,3339.500122491919,122.6792228561996,42.902351611634664,71.26198707440741,56.752782925514225,596.0451450934919,79.09709813016207
288.3,5,3377.1948056625115,140.2111643486212,49.58694200077381,71.31310226012829,56.12344547146856,595.4241742769373,91.51651446125356
288.4,5,3268.7415245328702,132.05156346399673,45.20148945096701,68.1112518956172,57.12441524733321,595.8317117526758,83.36576494648284
288.5,5,3297.165238881268,140.54973219294442,48.528777713706084,71.58622917003117,57.43179314312573,595.5225602929564,89.54879414087145
288.6,5,3315.643040520618,126.24658463088531,43.834496705850654,69.61821048280817,55.79469018847933,595.9586308422314,80.82738315537199
288.7,5,3278.5181961067397,122.89572385788551,42.19325091473335,70.65419771426603,56.37615929712398,596.110941219975,77.78117560050077
288.8,5,3224.6357683833808,138.40764946051405,46.73791970659922,69.26399375359755,54.63846246512396,595.6889961322595,86.22007735481134
288.9,5,3227.3927471510538,121.40581606627867,41.03173953447628,70.85658839483182,57.0200700067902,596.2186841115648,75.62631776870376
289.0,5,3177.2114010960336,123.55032972232499,41.107270330092845,73.49389145613232,57.68902285227194,596.211678995059,75.76642009882221
289.1,5,3290.1404292171856,129.1781362063441,44.50738383685385,70.60641812830671,56.23815676540677,595.8961631208208,82.07673758358283
289.2,5,3235.670764868421,114.80709685954592,38.901081726939104,69.92404747649427,56.65854502762827,596.4162241293335,71.67551741333
289.3,5,3175.4309906881276,127.7782141042794,42.49013499245961,70.21981266137838,56.33467691954565,596.0833956813798,78.33208637240432
289.4,5,3168.6729982324396,126.20581838403834,41.87795041783341,68.75860525011731,56.20084385917377,596.1401926677732,77.19614664453502
289.5,5,3109.085777581959,130.32683545714994,42.432163136683094,72.28372332245551,56.84687916702024,596.0887746352729,78.22450729454204
289.6,5,3308.896401025244,126.98764265948556,44.00208434284866,70.94444183295987,55.86053022052714,595.9430740160769,81.13851967846017
289.7,5,3214.5667410243177,129.17023136315038,43.48239956231935,69.33480525211762,56.4396544877972,595.9913126544519,80.17374691096165
289.8,5,3115.697334704107,118.60843812608596,38.69897549348998,69.39888465162619,55.80062963888749,596.4349552012934,71.30089597413075
289.9,5,3264.430777276814,112.65234446876957,38.51024807147691,70.66226979937764,57.3245934565034,596.452445265282,70.95109469436125
290.0,5,3123.739586789231,132.76989789858357,43.43132316456985,71.78826745308399,57.00517512877187,595.99605328853,80.07893422940128
290.1,5,3032.1556440132217,106.62209399162727,33.85535061961097,69.31510197449592,56.365199727248836,596.883505604507,62.329887909858144
290.2,5,3251.028654272097,106.63301701823855,36.30288270066628,72.05926990943807,56.86409417992643,596.6569333680709,66.86133263858324
290.3,5,3090.698265896716,119.88551339055445,38.80180545490837,70.6405762727174,56.63694176853945,596.4254251364291,71.49149727141776
290.4,5,3090.0812370312246,126.61757119882691,40.97250279497019,69.6620683104814,58.032284223949404,596.2241779171544,75.51644165691187
290.5,5,3119.562088010015,115.88529769051408,37.857383315698335,70.2454186483853,56.47816583712685,596.5129406849605,69.74118630078806
290.6,5,3210.464675170424,120.87273697702935,40.637302316549885,72.93365844900516,57.58507591065652,596.2552635674147,74.89472865170569
290.7,5,3089.6637738638206,99.23022959697244,32.105825063916136,69.19874112477278,56.275736762975136,597.0453562636635,59.09287472672872
290.8,5,2959.287078278813,109.03200774710517,33.78856324708506,70.01598240719612,57.826152472056464,596.8896858024449,62.20628395110225
290.9,5,3109.9456890305,98.7445610171343,32.1584128318207,72.06746132291912,58.08024321919556,597.0404925931982,59.19014813603553
291.0,5,2996.939542475176,116.66450283135183,36.613844654158484,71.21466348026962,58.15851758134258,596.6281346968415,67.43730606316944
291.1,5,3206.796413175473,99.71714646848037,33.48650707030202,70.03642364213476,58.57614856390547,596.9176350928053,61.64729814389375
291.2,5,3011.4940278905733,100.95652791870862,31.837945149276468,72.1751022935168,57.428740358626364,597.0701303639182,58.597392721635515
291.3,5,2783.1892179841975,112.8609228407646,32.893868230951405,72.26397981792456,58.40544563030367,596.9724643846546,60.550712306907144
291.4,5,3013.1794501957806,116.06562604969271,36.62327964738023,71.4792015155925,58.82291891354334,596.6272608637084,67.45478272583
291.5,5,3147.5091169519937,106.89943224812548,35.234735311120936,70.37939428761493,56.10795966658873,596.7558348749963,64.88330250007607
291.6,5,3095.893750980042,111.3926266985217,36.11362719892458,70.59746824231982,56.6580765651837,596.674459246646,66.51081506707897
291.7,5,3103.4341727681117,110.56560602160357,35.93281211736507,71.52263113518485,55.79694284843554,596.6912025387356,66.17594922528724
291.8,5,2815.86902603561,104.70382249436472,30.87476109147899,69.64070984828516,58.38513927265378,597.1591905955681,56.81618808863618
291.9,5,2982.631856182224,97.97122730704949,30.60037992730912,72.84278650920743,55.84683377143243,597.1845561996021,56.30887600795859
292.0,5,2810.635769919152,109.02296429775811,32.08862982250886,73.32452677902403,55.60691044997557,597.0469465779622,59.0610684407568
292.1,5,2883.8360784034303,108.80771465505995,32.8593431276286,71.036368744593,56.32075928002931,596.9756582388429,60.4868352231415
292.2,5,2724.995948410093,110.23484304716071,31.456714951426502,71.7824822538099,55.711248096428044,597.1053837758632,57.89232448273651
292.3,5,2768.2347866428754,105.63560393143193,30.62258574674768,72.81416131092739,57.75313181410862,597.182503427751,56.34993144497798
292.4,5,2748.9196009973493,94.76046427521369,27.27833357285243,73.77430960811719,56.42784690266687,597.4914964549912,50.170070900175006
292.5,5,2882.4436396500514,107.27603194348022,32.38114066238791,73.3328436966561,55.85352104116515,597.0198923424516,59.60215315096775
292.6,5,2857.3195964168976,101.95302263513047,30.506159996246698,69.41903828140262,57.53334023458279,597.1932660119398,56.134679761204325
292.7,5,2792.0117024873966,98.11839435786655,28.687736612141183,71.16061970465493,57.623726936640146,597.3613134481293,52.77373103741297
292.8,5,2622.2180153460913,98.98625779857659,27.18143123388563,72.17809037213642,55.768221472686044,597.5004449868418,49.99110026316316
292.9,5,2706.0675470485166,95.78478947900226,27.143372078652227,71.02255939530437,56.955677924924345,597.5039595194396,49.92080961120678
293.0,5,2650.3676002112547,106.42353257573218,29.537409390617814,73.79366706225414,57.626096300317755,597.2828037712541,54.34392457491981
293.1,5,2789.892164025809,89.87742423089942,26.258302833006024,73.64869088074491,57.37524571985619,597.585678600427,48.286427991461096
293.2,5,2805.7121768946067,92.47038409531076,27.16904646693173,70.753780810539,57.43389425832834,597.5015886496569,49.968227006861525
293.3,5,2781.178214335028,96.76226521321135,28.18145834834955,71.57783153749338,58.97394407386294,597.4080836537873,51.83832692425426
293.4,5,2596.6754807304337,110.0175089767081,29.916315348738294,70.91341508782898,59.97244918472518,597.2477862144813,55.04427571037354
293.5,5,2396.365066475712,105.77782031150583,26.54460159787791,71.61924391182342,57.543817464605354,597.5592468849019,48.81506230196237
293.6,5,2477.5945874262793,86.60791922301692,22.470692995410346,71.62374227940839,56.56640681440465,597.9351381403571,41.29723719285607
293.7,5,2770.0171587991035,107.26882785621986,31.116060864289437,73.08057422943133,57.68483506457495,597.1368814639777,57.26237072044569
293.8,5,2587.056105367746,106.99085882934423,28.98552286802841,70.91084682920753,58.14479508888467,597.3338003883935,53.32399223212974
293.9,5,2544.809200350276,89.08256480084859,23.739772711625704,68.87877609922499,57.928257860352254,597.8180936141669,43.63812771666403
294.0,5,2763.906449156293,79.42654874733151,22.98887131121254,70.13562203985585,58.62320913711023,597.8873532103714,42.25293579257027
294.1,5,2720.574585001681,96.3679875586765,27.455037699595046,70.86963220303853,60.25535267946945,597.4751778637626,50.496442724747794
294.2,5,2596.073672313968,104.5481413202689,28.422478529219223,71.35960225478135,56.36118838788424,597.385819022255,52.28361955489959
294.3,5,2560.1103088350496,107.66866502594897,28.8653364991921,72.4141923914776,57.5980324141415,597.3449049505379,53.10190098924295
294.4,5,2570.5612398908484,90.29388963344013,24.306080642924833,70.93728956714864,59.676991737388846,597.7658493910535,44.68301217892986
294.5,5,2600.7408716677246,108.53471023954772,29.559314069562955,70.82348411661295,57.64446975065359,597.2807795070339,54.38440985932175
294.6,5,2728.163115615762,80.57794980036456,23.02052183726022,71.20552912392249,58.98660247647115,597.8844342405087,42.311315189828065
294.7,5,2614.265000534931,93.52128248192724,25.602871730733895,71.02643622112487,58.8585268823673,597.6461805667991,47.076388664016804
294.8,5,2642.072834368822,93.1229372900678,25.764995428454743,71.74447245997959,59.49494346354559,597.6312162904362,47.375674191274584
294.9,5,2684.170110203992,104.07721484642404,29.254610194832672,71.73804804617404,60.20175764238637,597.3089366895128,53.821266209743044
295.0,5,2463.0004639825274,105.08811726157846,27.104832199574382,73.32686818036858,58.65175843791523,597.5075184016664,49.84963196667195
295.1,5,2647.922172708123,102.69042125998767,28.475002419712865,71.35804596984075,56.60303399986653,597.3809668211608,52.38066357678463
295.2,5,2551.3952680569796,86.58956163335677,23.135127895139057,72.1621156754957,57.678541576014155,597.873864457157,42.52271085686061
295.3,5,2344.614159739012,102.1359700013247,25.07718127082364,71.98321895975461,60.59499019922819,597.6946974623625,46.10605075275089
295.4,5,2386.840840010715,99.7367703512359,24.92914473786794,73.65418179564575,57.02462842838459,597.7083585871324,45.83282825735182
295.5,5,2498.792714317336,84.57221580994982,22.130262141000124,72.54491237008102,58.965418759218544,597.9665275340743,40.66944931851367
295.6,5,2653.611980395363,81.92058368235706,22.76455028428557,74.0376601721544,55.9837826989763,597.9080403980907,41.83919203818505
295.7,5,2622.733677895485,103.79575626749298,28.507715007863084,71.4410002919326,57.17663500021237,597.3779447647976,52.441104704048485
295.8,5,2639.3680209679837,95.43047534831543,26.376408210235425,72.81186361205285,59.44425700588799,597.5747751433837,48.504497132324786
295.9,5,2818.2835866793866,87.8772642679231,25.93521410826001,72.22752681826206,58.622622240181315,597.6155040245885,47.68991950822851
296.0,5,2524.6366241800606,95.61955314054524,25.279833303383075,71.49506146715828,58.2394419251675,597.6759952870634,46.4800942587317
296.1,5,2656.0189650265925,99.84891065079951,27.771741923701317,72.93324729764404,57.83062778767696,597.4459280509357,51.081438981287874
296.2,5,2702.1420169142925,96.9649594237856,27.43794673053451,75.14193537762175,56.67741577349508,597.4767562504863,50.464874990273074
296.3,5,2619.0407032581484,86.94549516306985,23.84613240963278,72.08730550239632,59.39620996269679,597.8082821959888,43.834356080225234
296.4,5,2708.6124667834897,111.29270317069626,31.56764485956798,73.00643125837128,58.44837056913118,597.0951262116312,58.097475767376636
296.5,5,2572.026341853131,105.42738225077116,28.39601868821996,71.63348230876244,57.23823157677378,597.3882633745907,52.23473250818529
296.6,5,2877.222892483761,96.37361087732079,29.037569098879562,71.50606643710613,58.818726519487626,597.3289914730672,53.42017053865675
296.7,5,2698.942002545238,96.99801281459719,27.414795278835093,72.36160760356205,59.39808472143314,597.4788943220964,50.4221135580724
296.8,5,2978.236736726533,101.94119740194796,31.79344325203403,72.81568715235208,58.64431793595913,597.0742457932436,58.515084135128745
296.9,5,2804.8615077287736,91.89687759577723,26.992356174158115,72.91850380439226,58.9889917359699,597.5179045148618,49.641909702764906
297.0,5,2929.4271051688193,102.4603611795099,31.431651175225937,73.18368501003019,58.93898272989951,597.1077013461002,57.845973077997996
297.1,5,2851.6227299422862,91.30146266970954,27.2645554459878,71.52679686987553,58.22176434790124,597.4927688246686,50.14462350662825
297.2,5,2879.784169239354,100.55496914101643,30.324391506484204,72.80370556146926,59.010365354336685,597.2100682051348,55.79863589730394
297.3,5,2854.3174215521935,93.3175559691319,27.892936757606837,74.20715463788827,59.71870957846491,597.434734113678,51.305317726439625
297.4,5,2949.271018786979,94.13610232044184,29.07364703871631,72.02550680945022,60.04536054488446,597.3256579341995,53.48684131600976
297.5,5,2997.3568874380458,113.9637091092234,35.77121156072464,73.2797299406733,59.82850476743694,596.7061657858576,65.87668428284815
297.6,5,2922.8524938235555,103.35454492956084,31.634800185558817,74.10796307610143,58.38956732049547,597.08891626183,58.221674763400415
297.7,5,3016.682208267222,104.90298436068774,33.139505478873645,72.86861240567868,59.72759624299695,596.9497399402992,61.005201194014944
297.8,5,3002.7763572466474,89.89701319795962,28.2681162325006,74.26807492483975,59.583393945304486,597.4000786825923,51.99842634815468
297.9,5,3312.322305800634,100.33703250998708,34.80346305138812,72.08393225775524,58.434585128078766,596.7957577364664,64.08484527067117
298.0,5,3119.365247827375,108.297209280496,35.37627594253781,75.02658103342984,58.706167270182675,596.7427312919153,65.14537416169446
298.1,5,3309.6106701710323,107.07571675602316,37.110475260506426,74.45067417781682,59.87617601061035,596.5821351628827,68.35729674234813
298.2,5,3180.012166274481,92.05393672205518,30.654890243295196,74.12989191128273,60.59920792254146,597.1795170788988,56.40965842202377
298.3,5,3259.8390188939115,110.00902605999308,37.553731038671096,75.4643579299691,57.436255863948425,596.5410733518856,69.17853296228827
298.4,5,3147.083073751417,112.5627466319262,37.09637788375877,73.77093739533554,60.913425312515656,596.583441005924,68.3311798815214
298.5,5,3268.308999185601,120.43111826125815,41.2183352009776,73.47640033984455,60.46276559291727,596.2013779637741,75.97244072451645
298.6,5,3369.677826813491,108.31559603139857,38.22152333175815,75.91663799810465,59.52276902263062,596.4792004516554,70.41599096689197
298.7,5,3539.936060503668,98.67393847049773,36.57855108967106,76.53034110051023,59.1077785207316,596.6314034295215,67.3719314095706
298.8,5,3450.5989185564085,108.86529261613671,39.3380242833205,73.54120858483718,59.76357050661058,596.3757245361419,72.48550927716224
298.9,5,3601.827816556911,109.6448419082435,41.356118536122615,74.28882236300628,58.7570081994476,596.1885983536816,76.22803292636718
299.0,5,3572.6883871563878,123.9694799587803,46.38083207955198,75.73140873557547,59.24410695255047,595.7221713585095,85.55657282980974
299.1,5,3708.409073374339,101.28945688374785,39.33512144912003,74.43568443123452,57.97079268620571,596.375993614037,72.48012771926028
299.2,5,3590.6863131234645,118.66734421653014,44.62079535150212,75.295116993824,57.728100964673196,595.8856332229053,82.28733554189375
299.3,5,3866.3182410374147,133.29001624881852,53.96644837199354,75.5702933313479,61.82551884908567,595.0166275466713,99.66744906657482
299.4,5,3636.507842440693,124.86717133146605,47.55119329931608,74.01128191168557,59.57965714724551,595.6134250528316,87.73149894336598
299.5,5,3653.560395502796,132.60100667025418,50.733138512964096,75.24144981486559,59.74341952336374,595.3175662179108,93.64867564178553
299.6,5,3655.511741947921,116.34641135813335,44.53790591218499,74.78319049794209,59.531922603339396,595.8933292801939,82.13341439612009
299.7,5,4036.303252222889,118.13862365983111,49.93491474698601,73.38270389253684,58.75758007765001,595.3918133015034,92.16373396993276
299.8,5,3937.346877195308,140.92736925855036,58.1068911508368,73.70770472486915,59.30076200547174,594.6308091035812,107.38381792837458
299.9,5,3872.61306510573,133.08910222113352,53.97283365003232,74.16474077014311,59.72125168064019,595.0160329364468,99.67934127106446
300.0,6,4068.0358635528946,134.6164669990689,57.34711564072095,79.11422382096312,61.95542999514661,594.7016450245574,105.96709950885383
300.1,6,4059.8598161002183,127.57768556315433,54.23933735963813,79.20598871535724,61.42163483249311,594.9912144939088,100.17571012182316
300.2,6,4226.544867211244,137.61892154146216,60.91051223129675,79.00460760140271,62.67485725511525,594.3692724431678,112.61455113664397
300.3,6,3937.992911464313,130.39729468504524,53.77397356396031,78.68518663930939,62.40502330857157,595.034550634183,99.30898731634102
300.4,6,4105.100022472642,148.22830369539784,63.72113457593739,78.70476983723371,62.63061346166254,594.1068492224617,117.8630155507642
300.5,6,4131.597386458132,160.5115558331579,69.44690832858107,78.59475232068053,62.96355218550856,593.571517361821,128.5696527635821
300.6,6,4033.1780552966975,146.29527164441535,61.78830806082699,78.80306906415254,62.10853747397577,594.2873392088688,114.253215822622
300.7,6,4366.42145500327,139.94765533317693,63.99114734285039,78.9366260860352,62.13047753401417,594.0816262421881,118.3674751562387
300.8,6,4284.845199778744,128.1341633677639,57.49481649432844,76.73308261778872,63.80186997323357,594.687875808733,106.24248382533892
300.9,6,4425.429429098815,135.54815887932216,62.81706783248303,77.52224499145947,61.39519978850168,594.1912859968102,116.17428006379555
301.0,6,4623.723074439284,159.6844749090855,77.31844797730088,77.28793636695981,60.485124314330704,592.8339693881514,143.32061223696996
301.1,6,4410.075755755759,143.04779232827823,66.06262515904324,79.90325976164915,62.93357716557381,593.8880491459661,122.23901708067729
301.2,6,4447.383311803169,149.0979101545559,69.43920439668989,80.61158629212184,61.76770999088771,593.5722382976343,128.55523404731457
301.3,6,4542.056277774227,157.711855983105,75.01454365069868,76.07572035767691,61.338467886063384,593.0500328910307,138.9993421793872
301.4,6,4667.555844371226,164.91990630977767,80.61042671112583,80.60819267705804,63.31955069628411,592.5249659007122,149.50068198575536
301.5,6,4562.4708968004925,154.55384834360515,73.84286672234308,78.886237973439,62.30777118144993,593.1598533746401,136.80293250719728
301.6,6,4598.429918270873,154.51244456148,74.40491992829396,80.04910751657097,61.2069334449937,593.1071776438739,137.85644712252179
301.7,6,4800.353442400619,159.22700380525131,80.0421150390477,79.4931842870998,64.4231306411604,592.5783341111592,148.43331777681556
301.8,6,4776.893195689115,155.69844593212062,77.88582544192755,80.66538063724855,60.894912419806616,592.7807354346462,144.3852913070748
301.9,6,4587.095427072952,157.4264736041245,75.62130369530794,79.23997762192461,62.436059686789825,592.9931455059054,140.1370898818925
302.0,6,4704.743194563629,165.66205465873375,81.61830740867879,77.40341310351329,60.6503240525416,592.4302953096819,151.39409380636152
302.1,6,5002.941975594664,165.39536621166792,86.65176673268965,78.96390634645486,62.82684331365446,591.9570412163171,160.85917567365755
302.2,6,4937.006205928874,180.32211091449477,93.22690657671754,79.76054160588144,61.931380317505656,591.3376777826459,173.24644434708375
302.3,6,4864.214397804676,169.75786411128607,86.47114888057123,78.93351396605169,63.407785668549195,591.9740364717297,160.5192705654042
302.4,6,4957.509212598309,176.01088837494157,91.37590322203233,80.03272750240747,62.586862443031926,591.5121712327144,169.75657534571155
302.5,6,5011.280826749785,161.7021316146646,84.85806096277463,79.21525835914407,63.97030899923294,592.1257762982746,157.48447403450996
302.6,6,5115.46970844764,174.1062261052135,93.26709226357558,78.62998792013849,62.20515241394951,591.3338883326352,173.32223334729633
302.7,6,4951.2960454054855,166.57843510119628,86.37067029812195,78.09178147022229,61.04519814354936,591.9834905860748,160.33018827850242
302.8,6,5034.380603063244,175.59629842817807,92.57421118510241,78.97498052568235,62.901844146939005,591.3992190791516,172.01561841696616
302.9,6,5173.305813623089,178.81566632989637,96.87290764375958,79.74068994092082,62.42606403407006,590.9936644788446,180.12671042310785
303.0,6,5170.141942071399,175.49169496925765,95.01401119137496,77.1938148067676,60.87336131273454,591.169108826022,176.61782347955977
303.1,6,5265.335027733261,193.11856264433771,106.48260039794638,78.65870485363233,61.650945321352,590.0850007677793,198.29998464441474
303.2,6,5124.703956436567,187.36545918711994,100.55112451449034,77.24830277996362,61.98260077618765,590.6461989064442,187.07602187111775
303.3,6,5305.03694600271,186.6898312843658,103.71407396739609,78.95319977645282,64.28822598689496,590.3470759406506,193.05848118698805
303.4,6,5403.505413344614,184.8553902410288,104.60111830316498,81.17963791775372,63.45309808390723,590.263132015622,194.73735968755932
303.5,6,5373.831199129977,192.88152913580737,108.5433643958958,78.3685000896519,62.41042571767388,589.8897702219697,202.20459556060632
303.6,6,5367.652945139953,171.48778149672117,96.39316227781325,80.684414458457,63.24123674304604,591.0389534105666,179.22093178866817
303.7,6,5371.251590185406,192.12268090242554,108.06442611420069,83.30779408686712,60.74280946405872,589.9351551115342,201.29689776931514
303.8,6,5326.0377559852395,176.55133331234242,98.46998244012381,81.68182368976935,62.22896045632887,590.842846575928,183.1430684814393
303.9,6,5422.558972563973,180.47388879472612,102.48192589200093,80.14595550964334,63.20615279109018,590.4636379152973,190.7272416940532
304.0,6,5572.182207697206,189.26278683353766,110.43815886636776,81.06380456233478,62.98151694596076,589.7101470315748,205.7970593685036
304.1,6,5463.375481817091,194.84861990833028,111.47744371956806,78.43778459837786,62.28745889958901,589.6115773405719,207.76845318856203
304.2,6,5411.388891759164,178.99806817893932,101.43450348576148,78.2407988737327,62.79887132716389,590.5626879567479,188.74624086504127
304.3,6,5469.461910283271,184.31604917479834,105.56899153648236,80.21059322775692,63.185341249109364,590.1715112817485,196.5697743650287
304.4,6,5554.684957745027,189.3908467790305,110.16586178022445,80.70150857208672,62.847617138175494,589.7359671691042,205.28065661791516
304.5,6,5518.5801256136465,188.18110828795977,108.7506828292753,81.58323763979682,63.72740550984194,589.8701222213722,202.59755557255744
304.6,6,5617.717449619326,196.21454239367637,115.43026743416699,79.63396560591775,63.194217084148896,589.2363697972772,215.27260405445531
304.7,6,5637.93391946972,215.01139077560768,126.94338292572196,80.59482840557924,63.39555353341268,588.1407448630531,237.18510273893799
304.8,6,5688.479852488656,194.59150789989275,115.91742514659553,80.59970223837215,64.60634964250424,589.1900944123623,216.19811175275345
304.9,6,5754.153533890643,187.17891539608365,112.7890633463083,80.29684584138393,63.72846575097576,589.4871304863755,210.2573902724896
305.0,6,5727.5523555949985,183.89131979288686,110.2957848697461,80.4130301486392,64.64976430523718,589.7236477060922,205.52704587815583
305.1,6,5557.381631564553,191.30416859742581,111.33283620260167,79.5195616755844,62.24441895013985,589.6252944714242,207.49411057151406
305.2,6,5572.663489920013,187.58568709984092,109.46899600109201,80.9257839369276,61.33112709220608,589.8020358795638,203.95928240872308
305.3,6,5662.861856467106,197.99916182344384,117.4161773133491,80.86883895371749,62.7901472238202,589.0476806446986,219.04638710602626
305.4,6,5637.976339048463,198.42171465554986,117.14966881209644,80.15111985574772,62.71139734787847,589.0730098267986,218.53980346402864
305.5,6,5582.714129123902,192.51901691719155,112.55055555600687,81.52212429430341,64.4026514825128,589.5097641546461,209.80471690707986
305.6,6,5658.174595122335,210.1319220021221,124.50792496070252,82.00035565233549,61.81911375889368,588.3728579841372,232.54284031725433
305.7,6,5663.624629824918,191.53761167178956,113.59969033193764,81.6232684444312,62.87587668408795,589.4101912044054,211.796175911893
305.8,6,5652.759892047061,196.27076863510538,116.18358682092249,79.6026358543493,63.36520844133466,589.1648084370069,216.7038312598629
305.9,6,5693.80881264257,201.97460053616913,120.42821690210766,81.01598078194777,63.06508040947541,588.7612595300461,224.7748093990765
306.0,6,5842.354749813209,204.1112712624132,124.87730844587858,79.84520838602623,62.79807194521203,588.3376656388316,233.24668722336924
306.1,6,5755.32181270026,207.14923523804924,124.84799287293109,81.09699007038789,63.33246808233777,588.3404587840856,233.19082431828747
306.2,6,5976.6379697992015,201.51803414178406,126.12450808975326,79.93395153788796,64.05696917511696,588.2188091937971,235.62381612405602
306.3,6,5762.897318323251,206.1605335618814,124.41565463682181,82.59713127309064,64.51726237332883,588.3816482024382,232.36703595123572
306.4,6,5723.519025907975,194.40740067537197,116.5210910121656,82.04573666421535,63.01764251053647,589.1327415774264,217.34516845147255
306.5,6,5755.37052926017,205.72239326377013,123.98909058865277,82.53018912166004,62.17198062963302,588.4222817415796,231.5543651684095
306.6,6,5782.807525563712,205.83547489829243,124.64865056924938,82.44918645697805,64.52502390863548,588.359451112055,232.81097775889975
306.7,6,5802.847594691967,210.2732795590977,127.77734816285,80.90256878473136,61.91519185821324,588.0612202023361,238.7755959532774
306.8,6,5961.473701152137,188.1591541246481,117.46476181782316,80.75637132771762,64.78541144144971,589.043062895154,219.13874209692153
306.9,6,5686.234051548617,193.6177885015537,115.29184920627794,83.39662792105844,64.34064683949606,589.2495168719286,215.00966256142988
307.0,6,5850.204190002026,205.83497095496935,126.10107967077306,81.14750945158738,64.48726054099815,588.2210423422596,235.57915315480727
307.1,6,5790.12504970426,181.59373338734574,110.10763097990247,79.75888307744692,63.68427413121063,589.7414885133633,205.1702297327347
307.2,6,5622.7040156244675,203.65337046631078,119.91277196830109,82.63169561004243,60.88708589942254,588.8102944072248,223.79411185550453
307.3,6,5846.557182822117,207.66011557056066,127.13991333314715,81.63324667126851,61.96081883550369,588.1220062338189,237.55987532362383
307.4,6,5894.998002013552,196.21552026337068,121.1283040126032,83.3054496513416,63.30686263710048,588.6946460893,226.10707821399956
307.5,6,5694.263116383626,197.224391523306,117.60526738755057,81.82709751950975,62.32403318668328,589.0297080259452,219.4058394810952
307.6,6,5775.893170740641,192.67967023818468,116.54232136402112,81.54836161334798,62.683777126987486,589.1307243259173,217.38551348165288
307.7,6,5613.843913967131,196.48848703431887,115.51172248389013,83.44014611102143,63.61091312584552,589.2286328518059,215.4273429638829
307.8,6,5659.178005382534,196.61025253778516,116.51668862002178,79.79868352306268,62.82684982369239,589.133159879245,217.3368024151
307.9,6,5879.378418014724,195.17595818394338,120.16731347550753,80.97805067007506,61.77619403256346,588.7860806176236,224.27838764752778
308.0,6,5736.633334254421,194.6688991640121,116.94516827354433,80.65088856116073,63.878935419155205,589.0924442175053,218.15111564989365
308.1,6,5676.847312169379,197.7920947980674,117.58306087446283,79.11645961386436,63.50591330377723,589.031818766801,219.3636246639801
308.2,6,5805.373170962108,197.54407430056722,120.09440263555948,82.8327869918787,62.73942041024071,588.7930166202009,224.13966759598225
308.3,6,5735.52258567808,212.4621229918819,127.60953585520006,81.15007804639369,63.69676064839219,588.0772240926434,238.4555181471319
308.4,6,5742.223388841463,196.38255478879597,118.08958797858924,82.93900786385484,63.077292245340885,588.9836692619109,220.3266147617819
308.5,6,5859.2447620702005,201.33135801751962,123.53262822459199,82.35263359676638,64.31003005582323,588.4657569880569,230.68486023886067
308.6,6,5680.993829319128,194.64694593954837,115.79785891830696,82.64703824658243,63.125973785522774,589.2014527612438,215.97094477512428
308.7,6,5708.024901813564,194.3037114136315,116.14367752974546,81.40429568486967,64.29446438649971,589.1686000529922,216.62799894015507
308.8,6,5811.707967617684,186.22955859134518,113.33942765094461,81.06555181733893,61.09232900567136,589.4348958233575,211.30208353285184
308.9,6,5892.592221554755,186.87396430707798,115.31446935656668,82.12180042621924,63.42032062405941,589.2473684327026,215.05263134594884
309.0,6,5921.97520877465,189.1226195040069,117.28397522182506,83.14808679184455,62.55803489980863,589.0602455151216,218.79508969756898
309.1,6,5745.475260268226,198.54087514534007,119.45504845142345,82.01518057206228,62.091316656405155,588.8538312007863,222.9233759842748
309.2,6,5902.497240630746,204.4575273334381,126.37684672424291,81.26342245850977,64.1030156313531,588.1947556999497,236.10488600100553
309.3,6,5744.256045286101,184.07352014702718,110.7270489939203,80.6965811616948,63.827426991766515,589.682750969272,206.34498061456043
309.4,6,5998.082989486757,192.37966721143195,120.83708984120285,82.40960182193908,60.925365156695115,588.7223570478645,225.55285904270931
309.5,6,5723.29522551491,186.2858085513323,111.6489229458432,81.52847179781288,63.64051825750419,589.5953103801655,208.0937923966883
309.6,6,5964.211397473587,193.62338598372733,120.93150476166187,82.1355509226424,63.512030683301276,588.7133731337749,225.73253732450212
309.7,6,5783.258222779038,202.6120796207828,122.70620825399953,81.96292892623593,62.18735116623261,588.5444517667679,229.11096466464187
309.8,6,6045.140062104071,191.55161482232023,121.26090443978411,81.74350413118108,62.06733960127847,588.682027398432,226.35945203136203
309.9,6,5918.974482055352,193.93565071223986,120.20782446614045,82.65627440793112,61.30397089141971,588.782226738216,224.35546523568064
310.0,6,5775.874913336435,204.03437631139616,123.40982658167599,82.99553191989513,62.54859936695744,588.4774519745176,230.4509605096473
310.1,6,5833.0799802759775,196.62427450568393,120.10571762901135,84.7144037891819,62.699912377247266,588.7919402366672,224.1611952666574
310.2,6,5967.916807464997,187.6618511069863,117.28092276873474,83.29109465784073,63.66534980794568,589.0605356226704,218.78928754659114
310.3,6,6005.449213421847,193.65141631010184,121.78527866877056,84.31893605569392,63.12837195688818,588.6321208251875,227.35758349625144
310.4,6,5911.2189795599115,186.2963235757745,115.3214117795787,81.44869745047399,61.789408521237746,589.2467090451155,215.06581909768897
310.5,6,5935.426608647853,194.57699215955367,120.94057885336377,80.5338988960694,63.07820354596329,588.712509687085,225.7498062582988
310.6,6,6017.243872769988,194.7803948045519,122.73586087496696,82.46124249433288,62.57498502164548,588.54162850531,229.1674298937994
310.7,6,5972.516013244794,181.13788346641718,113.29095289066741,83.53122654998988,61.88359521234778,589.4394969050434,211.21006189913146
310.8,6,5852.693394267861,191.46527158568776,117.34765175700872,83.36552932412143,61.21799609553258,589.0541935806122,218.916128387757
310.9,6,5914.717550691296,188.94431472233828,117.02979841330726,83.99983843202722,63.42108071324435,589.0844016822286,218.3119663554271
311.0,6,6031.4572616139585,193.10568526906744,121.9680085590722,79.52387285743076,63.2311419232865,588.6147277395644,227.7054452087134
311.1,6,6142.562403063061,194.6361343878295,125.19923228501268,84.09234540228097,63.32967581903045,588.3069914223747,233.86017155250443
311.2,6,6199.381732458738,191.68138518567963,124.43912147153846,83.01187090965807,62.03252029372288,588.3794126379897,232.4117472402054
311.3,6,6139.491176028717,185.7388082798089,119.41631137626138,80.77653690989996,62.91939977681817,588.8575154121761,222.84969175647916
311.4,6,6113.099486127596,193.91639910864455,124.13796441730231,83.51711704551583,61.36020957090153,588.4081010032902,231.83797993419603
311.5,6,6178.109849164301,180.7941851276576,116.9684411628028,82.87128122468556,61.735944722883964,589.0902325805429,218.1953483891425
311.6,6,6065.586057354395,177.18571139928272,112.5460049336285,83.14388510575313,62.74291499542698,589.5101959777503,209.79608044499514
311.7,6,6137.1073407778085,163.58789256681803,105.13407425811782,83.90333482514956,62.95789399452036,590.2126849627532,195.74630074493598
311.8,6,6096.881981228841,184.99181856839408,118.1106142430826,83.23821229330426,61.052785640335635,588.9816703717031,220.36659256593907
311.9,6,6080.816737880672,179.26282658785777,114.15127665516988,80.9714519318843,61.60982732600252,589.3578266301665,212.84346739666944
312.0,6,6256.15801239936,187.33227816095516,122.7294934765749,82.58365105773628,62.28745520084929,588.5422347552449,229.15530489510274
312.1,6,6267.855180144432,170.28779604412316,111.77150431893477,80.83002743756032,63.59655185178806,589.5836814357892,208.32637128421425
312.2,6,6342.040666097763,179.09911017118458,118.94633597312978,83.565471744331,61.809826157897376,588.9022101584608,221.95579683078563
312.3,6,6355.781420834187,186.46932611021438,124.10948469698347,84.47903271828557,62.74811235173171,588.4108138474037,231.7837230519251
312.4,6,6354.825580512296,175.52227556875246,116.80582299916396,81.3260704789255,62.837251921919886,589.1056859306101,217.88628138779814
312.5,6,6413.193093873609,185.15573009475685,124.34836837470999,82.02387261880645,62.3262054413337,588.3880581219057,232.23883756188684
312.6,6,6385.444928066794,177.95817503449499,118.99746918593662,81.78407262029656,62.827672814824915,588.8973477158561,222.05304568287943
312.7,6,6458.5321645496115,181.2011409176479,122.55283793835144,82.31098507322218,61.198210786938425,588.5590538967801,228.81892206439716
312.8,6,6380.7295361730285,185.17789135574517,123.73372533138038,83.36280230420444,61.87053632517805,588.4466045269228,231.06790946154547
312.9,6,6515.8135981319665,187.27031072289654,127.78097592923429,82.34790086317236,63.94360227360328,588.0608742204249,238.78251559150158
313.0,6,6575.715073305156,180.84550885531831,124.53153254486368,83.67377421090787,63.99665104381885,588.370608942608,232.58782114783912
313.1,6,6480.636879098655,174.10611266243055,118.15723645114463,84.17981159719979,63.317177349388544,588.9772381192608,220.45523761478194
313.2,6,6581.709799552599,176.21321957437755,121.45232517364543,84.23354736723857,63.55674792623671,588.6638102016416,226.72379596716723
313.3,6,6550.529923878493,183.50304521009025,125.87756365165383,81.57916072540263,60.61227464532762,588.242346557216,235.15306885567952
313.4,6,6593.165941500387,171.53036572460363,118.43052052066113,84.59309491871979,61.471052006642076,588.9512563440776,220.9748731184493
313.5,6,6570.1203504177765,177.07771528526226,121.83325655274935,84.69772844482718,62.08994336020134,588.6275541672594,227.44891665481305
313.6,6,6831.40057873369,175.27861355282258,125.39126953925003,84.80957758229954,64.79772059260344,588.2886917753378,234.22616449324437
313.7,6,6846.8792763239535,176.9227751491949,126.85425275369404,82.76436141869598,62.049767206223564,588.1492427760907,237.01514447818795
313.8,6,6831.470755224669,170.2590059882622,121.80158086061405,82.05836253860005,63.088268881634896,588.6305691489018,227.38861702196346
313.9,6,7002.800013923854,164.0494873114887,120.30265703254331,81.78577439822587,62.701993035214564,588.7732049538371,224.5359009232584
314.0,6,6832.704004314619,180.3590965874793,129.0503766881947,81.65047361295159,62.659746081410674,587.9397853062114,241.20429387577246
314.1,6,7174.116662940037,183.17553434406256,137.6146024382788,82.99183831101325,62.259840992682165,587.121504084572,257.5699183085601
314.2,6,6900.037956754611,163.6062311562911,118.21700109854183,83.99988652403603,61.06283738410421,588.9715563497573,220.568873004853
314.3,6,6981.548356486203,178.47109599078183,130.4812952175894,84.5544425153071,59.54095674973652,587.803228030833,243.9354393833412
314.4,6,6955.225599093973,183.22053615348105,133.44858984352706,82.40746510250654,63.50296772035236,587.5198426173528,249.6031476529447
314.5,6,7064.11230980597,179.57191223915618,132.838701194846,82.94672175327652,61.58338845574149,587.5781115871293,248.43776825741202
314.6,6,7143.828243546043,172.25888940363137,128.86686556477233,82.87058908641255,60.31129280839347,587.957293692913,240.85412614173947
314.7,6,7089.261642878772,168.35902848114333,124.98734248701686,82.23519650199049,62.59464789896629,588.3271815136659,233.45636972668103
314.8,6,7304.405001883665,175.33123849710194,134.11358250276737,83.88180285308697,62.5535206566114,587.4562955311769,250.87408937646273
314.9,6,7193.721179068976,176.31281208480556,132.82079984401713,83.43514374277542,62.880433831265215,587.579821709946,248.40356580107937
315.0,6,7231.894260217363,175.0759788053906,132.58892473246263,83.17018781014353,63.20583582983987,587.6019719081722,247.96056183655537
315.1,6,7154.808550704503,172.9845066872376,129.60860692742483,83.42969237386266,61.148483161793976,587.8865192589271,242.26961482145725
315.2,6,7315.613244630135,166.52013122583986,127.56927869863279,83.7374449149232,61.169610506105016,588.0810631968068,238.37873606386438
315.3,6,7297.501447589861,176.9238643908299,135.20390166369685,83.72405722478513,61.702787413499045,587.3520735862235,252.95852827553063
315.4,6,7286.473710146422,177.14045681878088,135.16485429632692,81.98942620314806,62.81980765584146,587.355806717122,252.88386565756014
315.5,6,7304.116903974352,175.14268188552276,133.96406865277285,84.0687419322644,59.871986146283085,587.4705843859686,250.58831228062786
315.6,6,7664.887115370511,174.4192831858375,140.00027168402846,83.29657298335803,62.07907260459729,586.8931462757491,262.1370744850162
315.7,6,7418.748484042,185.31532990060373,143.96953853705097,82.46503295214598,62.85901528692667,586.5128021479451,269.7439570410984
315.8,6,7337.555964174747,169.12092898481163,129.95033404049624,83.26353992598291,62.79356579782183,587.8539069667402,242.92186066519776
315.9,6,7441.271261022401,182.4052303611601,142.1389299611592,83.39118279508547,62.58687817047682,586.6882778968348,266.23444206330305
316.0,6,7533.739059169265,168.25307101578161,132.7401156290071,84.27074987743832,62.91671836214049,587.5875293773206,248.24941245358673
316.1,6,7620.971729038432,181.12223390416293,144.547549835018,81.71147707381976,59.081733110583855,586.4573736738887,270.8525265222272
316.2,6,7651.471424580407,181.97357740139543,145.80818755044913,84.55055473095742,63.41738192064709,586.3364474243572,273.27105151285537
316.3,6,7692.061732228981,171.2809456959757,137.9686551831113,82.98153882992901,62.10911777920939,587.0876254042807,258.24749191438514
316.4,6,7594.793422197428,184.96298881577715,147.10567194436652,82.33897776391663,63.08796863596964,586.2119333156595,275.7613336868087
316.5,6,7715.887911566079,176.63483579171415,142.72198816342737,82.29433198314713,60.553095155026774,586.632399631467,267.3520073706595
316.6,6,7626.9963287253,167.23714007177878,133.5718334781783,81.72833887534142,59.94812558997613,587.5080664441082,249.83867111783525
316.7,6,7677.183688926309,170.7962524112277,137.31212465747055,80.83188017933811,63.46236628393135,587.1504444817613,256.99111036477575
316.8,6,7673.815074906516,181.39252049422245,145.76703590455818,83.72431611007448,60.72331913763057,586.3403956884991,273.19208623001714
316.9,6,7672.137110152366,179.98268539334197,144.60246651945957,85.27841955361497,61.31266351728676,586.4521068728554,270.9578625428901
317.0,6,7909.22983956122,166.1828709297416,137.64139691455125,80.94959958506605,62.1244604756197,587.1189403083954,257.62119383209324
317.1,6,7895.674730639764,172.6917908900411,142.78729300207098,81.73907031057732,62.34321077899664,586.6261403650155,267.47719269969025
317.2,6,7944.170121091754,175.1778358620462,145.7324649067769,83.7697943413402,62.621886493387784,586.3437125351609,273.1257492967825
317.3,6,7875.229703921595,170.29528178027954,140.44117799715482,82.80090710914247,61.73983318682906,586.8509225336361,262.9815493272781
317.4,6,7964.353030530058,190.45680271022783,158.84575374393046,83.84421889637333,60.43494832178951,585.0828148674541,298.34370265091934
317.5,6,7741.225369832729,175.6994740202985,142.43239945186292,82.70756450366675,62.16853738889085,586.6601541654532,266.79691669093586
317.6,6,8007.441369336318,173.75026392900787,145.69607707324067,82.11905983486864,62.15694770999413,586.3472036530684,273.0559269386322
317.7,6,7958.063152599971,182.64507786543567,152.21027550548976,82.53045789557697,59.59168636240621,585.7215393510768,285.5692129784643
317.8,6,8015.470838465383,171.88538469521683,144.27683507840243,79.92809018095318,62.79758143240644,586.4833352384019,270.33329523196244
317.9,6,8005.50922375118,181.6327436242844,152.26907986345867,81.39902042780324,58.86384510380355,585.7158851734871,285.68229653025696
318.0,6,7887.985851574678,163.05111814306326,134.68478033732828,83.8932178305382,62.35721233488838,587.4017003152605,251.96599369478918
318.1,6,7850.615076247835,171.69928413593638,141.1564691229064,84.16912186306253,60.66041765260287,586.782408889025,264.3518222194996
318.2,6,7935.267979488879,182.37258349865567,151.54784535322827,84.40928111729818,61.9716260647688,585.7852258432233,284.29548313553255
318.3,6,8065.365526849305,186.17878965406442,157.2471834401233,83.23344706050877,61.74776090765779,585.2368224229251,295.2635515414988
318.4,6,8084.834478167219,169.936203301781,143.87510778828337,79.97912729831594,61.17175855919119,586.5218565787732,269.56286842453665
318.5,6,7895.683685250139,169.28539779396874,139.97093309894436,81.90589429746143,61.631149585779205,586.8959556880645,262.08088623870935
318.6,6,7937.575722523325,179.65360461021427,149.3318463457407,84.23846924129961,61.06466672208665,585.9981704442998,280.0365911140034
318.7,6,7965.990551803358,171.48946428675455,143.0559245918128,84.57701801047024,61.835992402399555,586.6003914217272,267.9921715654575
318.8,6,8003.445543271479,174.14119857522445,145.9510223769907,84.2444930495512,63.27811649177052,586.3227428204216,273.54514359156724
318.9,6,7909.4597844267655,182.32736329840262,151.01750528902474,82.30527017069616,59.722289050106134,585.8362028754045,283.2759424919095
319.0,6,7903.999718184408,172.5552527472127,142.8248308000203,80.99983624832353,57.845948396054155,586.6225424215177,267.5491515696456
319.1,6,7960.038382724816,162.77699104016594,135.686548731743,82.49742263728517,60.58887374015806,587.3059260172499,253.88147965500139
319.2,6,8044.107883836423,167.59734870728568,141.1801531111238,82.54190368420642,60.49086523029239,586.7801400553358,264.3971988932833
319.3,6,7920.347833885274,176.94295906938842,146.75947804495672,84.3802716411207,60.56755917011243,586.2451613828822,275.09677234235596
319.4,6,8016.891233961834,163.99539192727457,137.67854084104502,82.75190836134372,59.98882096302274,587.1153862277913,257.69227544417276
319.5,6,8122.651028736818,175.12245694602902,148.95951679053002,82.47505003559876,61.75772628902794,586.0339335906765,279.3213281864712
319.6,6,7891.434639779084,167.61765692071964,138.51740515310573,82.51921207392822,59.473897784563384,587.0351085895525,259.2978282089507
319.7,6,7987.339057279554,188.99756728159429,158.08364913172161,82.88634785604019,61.27584368148103,585.1562470165134,296.8750596697339
319.8,6,8094.998310855375,192.82494345436757,163.45890794949233,83.13326150349319,61.433285050863674,584.6379126565125,307.24174686974834
319.9,6,7947.469699005157,170.4071850412536,141.82258635286388,81.48662413477936,61.08094903638689,586.7185906082689,265.6281878346226
320.0,6,7921.1470998116365,179.7515418333105,149.1040090261266,81.06098254537152,61.221206267321755,586.0200552960081,279.5988940798384
320.1,6,8073.519616831943,171.36449660740425,144.8813127332541,83.94838036070536,61.6528296110937,586.4253625490586,271.4927490188279
320.2,6,7920.162395748502,176.0480097334462,146.01377327125886,80.30757174747971,60.72654984795286,586.3167218394271,273.6655632114571
320.3,6,8039.3874573156445,190.95558562053864,160.76220129878132,84.21476041598005,60.29583636195854,584.8980730306024,302.0385393879519
320.4,6,7959.389628609399,175.17412968369047,146.0085712616953,79.92882519080564,61.0979813852481,586.3172209797679,273.65558040464407
320.5,6,7869.2390799218565,176.53928966331637,145.47981256207655,81.4919034803299,61.18118808514171,586.3679516031436,272.64096793712724
320.6,6,7929.571848997479,172.03479134934898,142.854735562553,83.33083096825062,61.439650075994116,586.6196760610726,267.60647877854694
320.7,6,7895.684289105415,186.73650091432424,154.40011138709758,82.13581313826674,58.8066631918261,585.5109059148413,289.78188170317594
320.8,6,7942.543327121738,155.9401196179733,129.7018210096434,80.5259738811543,60.304554407638875,587.8776238580406,242.44752283918956
320.9,6,7772.892358569132,175.7417515950585,143.04945980283398,82.58735276359397,59.391694093384025,586.6010111134865,267.979777730269
321.0,6,7807.464787585935,178.5664203667654,145.99515543099952,82.12549018203532,60.98695353786398,586.3185082441089,273.6298351178209
321.1,6,7775.443078725057,174.2937312267531,141.91736260323898,81.7548294298252,61.121577498570986,586.709509284411,265.8098143117809
321.2,6,7825.123382285854,184.98652266175262,151.58628187170913,81.2339428411815,60.08929196029558,585.7815309176615,284.36938164676917
321.3,6,7637.0194277551145,187.36253936210548,149.8425921038617,81.90924786244173,59.60323308940114,585.9491048136781,281.0179037264379
321.4,6,7806.481738845035,169.05636790148915,138.20237302719042,81.22016135228638,60.898224573703175,587.0652591667687,258.6948166646266
321.5,6,7728.939214052299,193.57244732928308,156.672239209008,84.80716900990384,60.13674565253381,585.2921926872452,294.15614625509534
321.6,6,7533.647802389777,168.91718342396595,133.26244046271523,81.56454563169882,61.665151955176405,587.5376286447811,249.24742710437954
321.7,6,7747.044764496856,187.84639096432224,152.39388436813266,81.37047179859029,61.980309496196824,585.7038845555003,285.9223088899955
321.8,6,7817.42757566785,179.80425694032283,147.1947953276529,81.13501190367344,61.17671590070587,586.2033785319384,275.9324293612326
321.9,6,7672.755724424113,175.14203889558013,140.7247193015191,83.88289635955813,60.377291367227336,586.823765692194,263.52468615611997
322.0,6,7685.041161591911,175.69736113600345,141.3969542386589,79.74884387391229,61.93882209572638,586.7593705187217,264.8125896255681
322.1,6,7529.027317181126,178.20533822208182,140.5038420920902,82.11180434187797,60.32256832965533,586.8449209525223,263.1015809495534
322.2,6,7334.097160405215,179.7573946153562,138.0581475928051,81.35769517085538,59.57124600263191,587.0790614010377,258.4187719792442
322.3,6,7287.396100497894,171.69701702608543,131.02788892755953,79.90072101492139,59.34368577928074,587.7510476845231,244.97904630953826
322.4,6,7457.1329760226745,176.32078834245493,137.69051503766866,80.58947180472829,59.284108889496046,587.1142404790163,257.71519041967395
322.5,6,7346.681125229149,172.3641428005592,132.60708610727968,81.91587869861974,59.949826299496,587.600237078713,247.99525842574099
322.6,6,7285.800754598491,169.03379084526605,128.9672500863926,80.46104483897952,60.38787326147431,587.9477163616523,241.04567276695548
322.7,6,7336.279609156467,171.57764323710907,131.81510849469652,81.7721925832161,58.47822815232098,587.6758794566736,246.48241086653002
322.8,6,7370.10599536473,168.9877113200592,130.42398811157366,83.49771940406706,59.41306950226019,587.8086982824814,243.82603435037254
322.9,6,7142.8691183961555,173.81381384553848,130.01264670649715,81.58910066107411,60.04347191555252,587.8479598384527,243.0408032309458
323.0,6,7207.405100083015,179.4778948818521,135.46232262656594,79.60143805756489,60.44289121687013,587.327365978771,253.45268042458088
323.1,6,7362.605871875248,176.9691925139347,136.44506736974725,80.29040381240199,59.742008254594104,587.233386423632,255.3322715273589
323.2,6,7086.128011363081,189.59594732743173,140.6911117658576,80.92461613345621,59.98113064844726,586.8269846680122,263.46030663975625
323.3,6,7240.052417706131,159.93104640014036,121.25596359758637,80.80460629582616,58.466820497882615,588.6824975950483,226.35004809903535
323.4,6,7080.592244124659,178.29538156093724,132.2020825867672,81.36953656288256,58.76230886992087,587.6389217550702,247.22156489859685
323.5,6,7147.819386709151,174.63755031614937,130.71933169305936,81.52153348574286,59.58202221212876,587.7805051384544,244.3898972309114
323.6,6,7169.691448332209,179.86151352170847,135.04152309364133,83.18237244753418,60.122262768205594,587.367597501451,252.6480499709794
323.7,6,7105.530130470402,178.7026702812516,132.970758286553,81.06007167015942,59.8118851289931,587.5654958089717,248.69008382056563
323.8,6,7091.365127296742,172.0442460143472,127.76109272687017,79.64036223806079,58.700673627972805,588.0627704863679,238.74459027264265
323.9,6,6865.739871073113,173.89552489375626,125.02716068903209,82.36569173112636,59.28190160132971,588.3233875118647,233.53224976270553
324.0,6,7051.380173338852,166.9421041357066,123.27318904135421,82.45455575359959,60.99932032399097,588.4904640622817,230.1907187543668
324.1,6,6835.347205623253,175.8856787400463,125.89824516590278,81.17533757452055,60.00081480332332,588.2403753846318,235.19249230736364
324.2,6,6912.142759608598,157.85270752769586,114.25977187444104,80.5578945641714,59.263157711679035,589.3475255749553,213.0494885008943
324.3,6,6883.547968757049,175.8330409042585,126.74809717325064,81.55747257231953,58.36905115710505,588.1593636108926,236.8127277821486
324.4,6,6877.055840388438,169.59887791648407,122.13893907832136,80.51366196980129,58.650780322832574,588.5984568243755,228.0308635124902
324.5,6,6835.391170379669,165.6928608054516,118.60303087272919,78.25634446054215,59.34007505131464,588.934854166208,221.3029166758406
324.6,6,6696.114861096377,166.79110057996235,116.95650640764168,81.35530311446193,59.57883812770328,589.0913667497707,218.1726650045846
324.7,6,6621.4490907729005,166.59632162736722,115.51731088120737,81.70548074985288,59.837937260081915,589.2281020345829,215.43795930834335
324.8,6,6806.508918319188,176.0590194010699,125.49063430722273,82.31943972332084,59.62992197765702,588.2792226347572,234.4155473048579
324.9,6,6715.80411696976,188.8549148365354,132.8173864128597,79.66829694720879,58.84134573950447,587.5801477951613,248.39704409677324
325.0,6,6782.443171648262,173.97754388899216,123.56855753753416,80.77139837903353,58.670209369792715,588.4623351784753,230.75329643049486
325.1,6,6644.716141174721,160.67465558844543,111.80273519683513,80.75187823749927,61.19812509700323,589.5807185770532,208.38562845893648
325.2,6,6491.820328273237,168.20949383891954,114.35248677568477,80.51122744215316,58.56458392579384,589.3387224880319,213.22555023936275
325.3,6,6694.089649610613,167.65912689825768,117.52962283472753,80.50058107028872,57.79935897206752,589.0368980176654,219.26203964669185
325.4,6,6544.787657141751,155.590357382451,106.63673930828672,80.36104339405168,57.422456284178004,590.0704026603622,198.5919467927556
325.5,6,6590.814273118717,152.33756805715916,105.14163099787157,80.52405178059712,58.67819892284232,590.2119696149855,195.76060770029017
325.6,6,6475.866757137952,159.7930828103789,108.36386782269533,81.11199313671905,59.94169189762235,589.9067804112614,201.86439177477268
325.7,6,6673.3491501235685,164.9393000867796,115.2647766460458,81.64050052636281,58.396190128556924,589.2520881756145,214.95823648770852
325.8,6,6414.357182114742,147.02862512771236,98.76058504613536,79.221297552993,60.420194817455176,590.8153954456922,183.69209108615678
325.9,6,6446.800651276476,152.26782098512058,102.79713052210286,79.8746423355562,58.90605713500989,590.4338238140817,191.32352371836532
326.0,6,6471.033404259401,160.30264733272304,108.6282928163405,79.52655347151381,59.99367431619097,589.8817215393524,202.3655692129512
326.1,6,6339.788143981594,155.54357635009387,103.26554551805988,79.30693262453383,58.09729505544056,590.38951242698,192.20975146040132
326.2,6,6458.41996114651,164.10060917481786,110.9852061290785,77.99834023389329,58.08382495895004,589.6582671893718,206.83465621256346
326.3,6,6564.386094207793,143.22039258003176,98.45269178104225,79.91827088111589,58.88824162685983,590.8444798179984,183.11040364003247
326.4,6,6349.655267462388,168.4568295546875,112.01273157067746,80.41580720687774,59.25103672755615,589.5607955323086,208.78408935382822
326.5,6,6419.542954311769,140.09624853461935,94.1801186246792,79.60572004544785,58.560946006146615,591.2477780300396,175.0444393992086
326.6,6,6107.322270224418,135.50777116366206,86.6649832482699,79.73211076093256,59.003928070703445,591.9557975680764,160.8840486384736
326.7,6,6352.090365116753,148.12886006190843,98.53373977538446,80.19581391471742,59.27164924742721,590.8368241026225,183.26351794755055
326.8,6,6314.07046860396,139.40940886663878,92.17860432837576,81.33767686788926,57.23450269414213,591.4365137048186,171.2697259036281
326.9,6,6254.817335792653,145.86919042325144,95.54474854215759,79.09107911106271,58.286063498153375,591.1190281339227,177.61943732154577
327.0,6,6424.813610234145,144.39520304606222,97.14980129428618,78.13915043467408,58.08046155652818,590.9675219504477,180.6495609910462
327.1,6,6281.310159308211,142.29311866090237,93.5971779534264,79.38667578488808,58.101318685849705,591.3027598816168,173.94480236766412
327.2,6,6286.385338674652,136.5008445306431,89.8596980510455,81.7054325007663,58.950771987481495,591.6550255922898,166.8994881542028
327.3,6,6259.056710974132,144.14295297143576,94.4780496716511,78.00187486008208,58.01171791727677,591.2196737339177,175.60652532164454
327.4,6,6105.1243095307955,137.5926272568244,87.96669848459396,80.12476193777269,56.48420549222929,591.8332827462093,163.334345075815
327.5,6,6172.686332561095,146.2228079459674,94.51874491844809,80.68359110065474,58.22570591931808,591.2158346778524,175.68330644295315
327.6,6,6365.186110958711,135.9018208200602,90.58681700703615,76.40480837255114,57.3709286170103,591.5865263729631,168.26947254073616
327.7,6,6067.7291307254145,129.06385483448534,82.00860709373322,79.68493431622309,58.904948289755374,592.3936260886469,152.1274782270632
327.8,6,6190.281382437821,122.63965684808086,79.50051375374649,79.86584711504098,59.18776947388578,592.6291849827018,147.41630034596483
327.9,6,6220.6078084118735,131.8720027657193,85.9041294580563,78.7699139653269,56.18087721945267,592.0273837963146,159.4523240737101
328.0,6,6420.295098398584,122.80199315540548,82.56367656705382,78.26383218078114,57.55528792223757,592.3414685852104,153.17062829579413
328.1,6,6324.283794366219,120.91610133471332,80.08000728651913,78.27949187886684,58.6568901154564,592.5747760823579,148.504478352844
328.2,6,6195.470695707183,133.48039065356693,86.60049893101444,78.54262437787789,56.86882509506342,591.961865365952,160.76269268096098
328.3,6,6369.95944388877,116.75522071836438,77.88280677830188,78.52290846357258,59.03473311525129,592.7810186851107,144.37962629778667
328.4,6,6173.775778188524,138.48393447856827,89.53211921902381,78.2449112822724,59.27595246071585,591.6858803407589,166.282393184822
328.5,6,6338.519808419962,129.10580568503883,85.69633369206043,78.36880202198222,58.03937844909766,592.0469315652879,159.0613686942413
328.6,6,6112.498924381129,127.06024599725673,81.33118602348362,80.159365331428,57.40243787801698,592.4572678447113,150.85464310577436
328.7,6,6342.864087147039,119.49389201011115,79.37061222018649,77.22126332747337,55.84093723043508,592.6413801063329,147.17239787334165
328.8,6,6201.977707491213,131.44934623346342,85.37235258154635,76.5277960598956,58.94088823736967,592.0774065151536,158.4518696969269
328.9,6,6142.8190177635715,125.43189971021481,80.68714298213095,80.02282788114553,60.10496341856979,592.517760991512,149.64478016976045
329.0,6,6220.141927687257,119.99569737706324,78.16180613024592,78.29222100512956,59.873849225838015,592.7548381625296,144.90323674940782
329.1,6,6267.604742995089,125.53657720942402,82.39493241112137,78.00466281561351,57.85920684486481,592.3573257359508,152.8534852809844
329.2,6,6194.9502639201655,111.69167932955123,72.45815355551308,78.28492866818237,56.937700260540545,593.2895885838349,134.2082283233026
329.3,6,6295.443522905146,111.35186138987991,73.40952794510352,78.6173230265731,58.84441201194835,593.2004595043563,135.99080991287224
329.4,6,6188.436223453029,114.28108632377858,74.06003237290673,77.68509112510453,57.85654929501075,593.1395016916657,137.20996616668572
329.5,6,6303.85824777237,123.8882491041531,81.78340194208972,78.86879713439149,58.43840122128205,592.4147850001747,151.7042999965065
329.6,6,6288.098711837394,120.73452288577161,79.50225349414895,77.05466318007532,58.24009630684668,592.6290216528571,147.41956694285818
329.7,6,6241.489844457131,127.41323775189765,83.27822079421668,77.79486238197163,58.0076493670489,592.2743122183941,154.5137556321174
329.8,6,6206.523694863084,112.94146246446479,73.40581127007485,75.44707659307507,58.92068968824753,593.2008077520923,135.98384495815367
329.9,6,6263.978621718711,122.71371158308837,80.49556939244117,79.45904348241777,58.93560508235878,592.5357525447084,149.28494910583254
330.0,6,6302.895398238289,117.20290613323304,77.35833221977241,77.78869476412845,57.325244042589866,592.8302275820015,143.39544835997003
330.1,6,6447.405080097604,110.70764693709454,74.7465573904862,78.75176598950335,56.90304996842598,593.0751546911235,138.496906177528
330.2,6,6341.527810305806,119.3157622653456,79.23559791423321,78.46717740170271,55.30551569855861,592.6540546771873,146.91890645625222
330.3,6,6345.54857157864,115.46753409927597,76.72867205516283,78.50272274105494,57.43718002319678,592.8892946115784,142.21410776843186
330.4,6,6546.545047136932,110.83883450256769,75.98585053311328,77.78129109706481,56.66896915156982,592.9589617461997,140.8207650760039
330.5,6,6302.1819972597805,114.85243537912359,75.79835269602904,78.20419309007228,58.16068954550836,592.9765440208005,140.4691195839905
330.6,6,6298.922099900448,112.97089837755219,74.51804246141653,76.53250610721909,57.385071678880536,593.0965746346408,138.06850730718566
330.7,6,6319.12603815027,112.12503220965363,74.19731958470146,76.22839474688617,57.473205875407054,593.1266350890734,137.4672982185325
330.8,6,6155.368670961499,109.64067043299752,70.67313720994682,77.46028366313212,58.49254868477037,593.4567439893997,130.86512021200633
330.9,6,6207.601887868263,102.72755589488168,66.77892598670965,76.71372677693252,58.05803968262295,593.8210820252497,123.57835949500668
331.0,6,6199.779486369636,111.72498403501523,72.53626043891474,79.18791469156105,57.52455387750827,593.282272196386,134.3545560722805
331.1,6,6306.988118459906,104.92876513855352,69.30190816540916,77.87548756270418,59.308387212418936,593.5850862153159,128.29827569368263
331.2,6,6225.98961294527,102.7589577674287,66.99720738254511,76.51355616403384,58.34108883057105,593.8006718154347,123.98656369130435
331.3,6,6252.177754080058,107.57784749731653,70.43407008374491,76.99557361162178,57.168320302899026,593.4791238729679,130.41752254064363
331.4,6,6338.271547243971,113.77104139477379,75.51464635277294,77.42919275557367,57.19443405485618,593.0031460701241,139.9370785975168
331.5,6,6312.254463493657,109.31150355956683,72.25684322150086,77.13622412742014,58.335840128294954,593.3084447796184,133.8311044076329
331.6,6,6209.527793018805,103.683423711259,67.42120693864406,77.4922515059406,57.73234819575394,593.7610220575464,124.77955884907146
331.7,6,6155.192668457992,102.80166644841694,66.26289779170361,77.19696175175686,56.39065576751518,593.869327150719,122.61345698562081
331.8,6,6319.930456104113,110.66250334578342,73.23883167527732,75.39430532890728,58.389114155574056,593.2164531016127,135.67093796774543
331.9,6,6278.0949977241025,88.85701530112257,58.418206857344245,74.43062781709969,58.73449412107096,594.6017793809665,107.96441238067132
332.0,6,6043.709494773879,110.65027937396195,70.03009468427986,76.51211069204082,58.64178804061706,593.5169375006574,129.66124998685132
332.1,6,6157.49037432601,91.39793439512204,58.934382886901226,77.58187503913531,58.98656392171223,594.553640436044,108.9271912791196
332.2,6,6193.083859681819,94.06881686726801,61.007223539774664,76.42340280797043,59.496709111840914,594.3602465526924,112.79506894615338
332.3,6,6240.629941920359,99.851278144037,65.2545316342976,78.29120964819336,59.141448182103076,593.9635796726182,120.72840654763809
332.4,6,6241.522230035857,118.1308326700849,77.21157381178101,76.70028652501706,57.736412952421084,592.8439957289845,143.12008542030867
332.5,6,6169.575671440927,114.18558633399584,73.77261866011463,78.33454005158977,57.171870904482915,593.1664363706723,136.6712725865557
332.6,6,6184.847413412408,106.9081044873088,69.24178211348165,78.03768502404083,55.535531971644424,593.5907125187737,128.18574962452544
332.7,6,6121.0716860214725,103.9933531161981,66.65944068169799,77.86658870801321,57.361125345744775,593.8322537931081,123.35492413783868
332.8,6,6035.762785133262,88.01276988284526,55.62966825025016,75.11062705422923,57.854807964999814,594.8617045691333,102.76590861733439
332.9,6,6058.815054381092,101.7138968678998,64.53519210177973,76.52536484028742,57.3649313908981,594.0307982577302,119.38403484539549
333.0,6,6068.340103437013,96.35707549383137,61.23252118445626,77.92224321310404,55.41915780721559,594.3392188599674,113.21562280065109
333.1,6,6045.175889342887,94.08754203060047,59.56205627059002,76.7320171232193,57.00705305381521,594.4950925661954,110.09814867609293
333.2,6,5850.3002080526185,100.50840726877833,61.57567216496067,77.02089865230586,57.92559882719254,594.3071886815162,113.85622636967696
333.3,6,5971.645337226329,95.76590533978633,59.88713587083836,74.6408456326348,56.24124236854187,594.4647653439624,110.70469312075261
333.4,6,5993.734133799001,104.80634986081704,65.7830020226422,78.55968768012062,57.42003896089995,593.9141870332483,121.71625933503378
333.5,6,5939.660498523264,84.84617309456723,52.774302093116646,75.258510969195,57.673466120412634,595.127621668672,97.44756662656073
333.6,6,5919.943810834899,98.61888480216938,61.137304877690624,73.76606706647637,58.347600627851946,594.3481058615848,113.0378827683046
333.7,6,5965.757399619593,91.65571767035415,57.26031975369249,75.6894451805176,58.930336048875255,594.7097361556994,105.80527688601137
333.8,6,5791.909203554178,94.6774665080486,57.424469407414364,73.12544144591419,56.828307369912466,594.6944339026766,106.11132194646984
333.9,6,5713.766552099982,99.4330080193618,59.49516703225892,74.71211037307671,57.37859996970888,594.5013323882378,109.97335223524487
334.0,6,5808.38780310205,89.25560160323616,54.28998283467628,79.03653098434633,57.39892853299222,594.986497843855,100.2700431229016
334.1,6,5886.107244837854,98.02316389029447,60.42066554010493,75.46254710569411,57.822559813895744,594.414984693514,111.700306129718
334.2,6,5944.913243805526,95.20480301870528,59.269736704837015,74.15775894059888,57.70022362634646,594.5223608831319,109.5527823373618
334.3,6,5829.013592158492,91.90572318110932,56.100436804165106,75.8542019670177,58.57777281590243,594.8178393811229,103.64321237754211
334.4,6,5584.389586786073,93.09567308189244,54.44196885894425,74.69945961003701,54.811729471435186,594.9723428217098,100.55314356580311
334.5,6,5670.023324838051,95.18899326859848,56.51974543544562,76.76747054091098,57.55161952530453,594.7787636203954,104.42472759209295
334.6,6,5683.776816915497,90.79862098313897,54.04367665517417,74.61606608913745,57.611896034762985,595.0094358096851,99.81128380629912
334.7,6,5642.6568606565315,96.14729810601153,56.81321199244003,75.96212662781693,56.88045770448703,594.7514121178563,104.9717576428759
334.8,6,5642.517239891978,94.0961756229155,55.599832763141805,74.21476078524447,54.843195403230254,594.8644843549207,102.71031290158476
334.9,6,5468.788903215103,91.73187791248517,52.53395069537405,78.66431500567296,57.03804447121567,595.1499943970216,97.00011205956798
335.0,6,5525.851760700579,107.12889563732088,61.991832725923416,76.10434846403278,56.38063337845382,594.268339011742,114.63321976516113
335.1,6,5522.557044222333,98.91753512988525,57.206070157812576,75.28018596426917,58.761622093563695,594.7147932018145,105.7041359637094
335.2,6,5523.203608266166,93.36442634621734,54.000913246468926,75.05831505237681,57.45175040477624,595.0134180924481,99.73163815103703
335.3,6,5329.579537267609,97.1186597945052,54.20311509780216,74.70090104261737,56.274087157974634,594.9945878533335,100.10824293332917
335.4,6,5333.936666679093,88.9857356136669,49.70463256122809,74.407769849336,55.010361285649005,595.4132296172593,91.73540765481448
335.5,6,5069.741460232975,93.21345525945688,49.48721767604597,74.33072875350744,57.647380352094935,595.4334478452156,91.33104309568694
335.6,6,5226.74574510742,94.14913833090114,51.53192214419994,77.24703687433761,57.74699100219313,595.2432483671093,95.13503265781196
335.7,6,5194.479043170585,87.80227386797836,47.76132644595224,74.52644636147386,56.82946750429857,595.5938959014181,88.12208197163613
335.8,6,5105.31670878883,99.40264879113106,53.143391162557364,72.59112947361173,57.64364640686384,595.0932622961878,98.1347540762431
335.9,6,5175.186898750957,93.33424999681742,50.581965222550586,73.70443287323074,56.686751566045636,595.3316290911255,93.36741817749044
336.0,6,5110.847042444452,94.58848996937479,50.62438891495159,76.1743432825366,58.09761368271743,595.3276827009418,93.44634598116386
336.1,6,4857.711187016217,93.3195840691436,47.47151619398489,74.71608675726232,58.01878520663911,595.6208296693527,87.58340661294596
336.2,6,5048.486859820182,118.25855144496012,62.520494330120556,74.81610650552449,55.38320308439209,594.2189796798289,115.62040640342389
336.3,6,4895.039208435543,93.17109218373434,47.76018267397928,76.33924207343802,55.62329125395272,595.5940022036854,88.11995592629273
336.4,6,4984.163873794515,83.6130661685467,43.641038901928866,73.96166119160169,59.04644641996315,595.9765881276326,80.46823744734866
336.5,6,4770.656533441201,87.19833267114404,43.56271603228183,75.61229931130791,57.944369966799506,595.9838579619679,80.32284076064002
336.6,6,4849.346841501999,104.03637139790312,52.83200123924201,74.01142027151143,55.747129180429326,595.1222505827926,97.55498834414766
336.7,6,4773.354326407515,108.4188442476951,54.194730954206406,75.46376352548305,55.436794656628365,594.9953686585412,100.09262682917552
336.8,6,4782.543530513666,94.65220529934574,47.40435989703683,74.26353467912588,57.21293946727554,595.6270705480507,87.45858903898579
336.9,6,4718.865621536742,108.7568750534078,53.74312905662925,74.40358166355492,55.86117313354939,595.0374227467837,99.25154506432705
337.0,6,4635.867448797356,105.39275612264896,51.1646950194439,75.63850735721925,56.685430862505875,595.2774170520152,94.45165895969694
337.1,6,4467.111008622579,99.29022881083228,46.44744984069029,75.51324992080568,56.953837535161696,595.7159825177625,85.68034964475032
337.2,6,4425.573499223268,99.22558467253883,45.98559841966607,74.37875088787106,56.90998567157494,595.7588862031878,84.82227593624316
337.3,6,4463.235569928668,102.7636480530395,48.03059211520788,73.97333572665421,58.126598615203264,595.5688692626245,88.62261474751108
337.4,6,4470.702866391639,108.10488095180432,50.61156042376269,76.42066039881118,58.834781822718085,595.3288760545798,93.42247890840326
337.5,6,4366.521570273602,105.22471277306109,48.11516470714976,75.17166306786483,56.52140196193363,595.5610083070419,88.77983385916195
337.6,6,4436.590026112541,98.2023055569781,45.62465575069442,73.9582664314465,55.87028383087139,595.7924116385152,84.15176722969477
337.7,6,4303.675816151485,102.23168963369542,46.07376536909294,73.60749762356049,57.39074120996398,595.7506964155277,84.98607168944659
337.8,6,4191.692615172658,117.84551640858236,51.728645815694804,75.5850338712235,58.63465600572169,595.224942566551,95.50114866897957
337.9,6,4210.319622637363,106.27454140070773,46.85683212782057,74.45799466766512,56.60157020677256,595.6779477475209,86.4410450495825
338.0,6,4211.810922225411,111.15400243774388,49.02556301650088,74.08801227846172,57.85708218599758,595.4763742608638,90.47251478272187
338.1,6,4175.121577618493,109.41336059799787,47.83745887686017,74.3874148625228,56.171853878842384,595.5868200606703,88.26359878659332
338.2,6,4276.936604561876,108.1253147184459,48.427139345595705,74.62038097130561,57.03285501487985,595.5320087026521,89.35982594695929
338.3,6,3989.548534623202,107.56198115359736,44.93773341834239,74.11299287990987,55.85256325341233,595.8562045457606,82.87590908478819
338.4,6,4001.1310728656367,113.68315354703697,47.63295328039441,75.59185802633264,57.02858687823595,595.6058266760206,87.88346647958974
338.5,6,4004.062677933379,113.04270465290476,47.39931058377446,75.62547636416953,56.90487615787641,595.6275397787168,87.44920442566354
338.6,6,3917.3176233546023,110.4801099316494,45.32121060329613,74.71979845641295,57.63335699919681,595.8205935921728,83.58812815654346
338.7,6,3828.47763760086,104.40640872719953,41.85832929732962,75.69888772671631,58.80752488877049,596.142012887145,77.15974225709829
338.8,6,3685.9204895733083,112.60017147977646,43.46239280245882,74.02754653164489,56.645122792044084,595.993169582383,80.13660835233964
338.9,6,3742.241721288617,110.07871019932685,43.13837550699538,74.81430983004996,55.03916925180673,596.0232416340442,79.53516731911577
339.0,6,3647.0845131369747,109.04383474433561,41.646217330021216,75.1602626107716,56.84199941433096,596.1616894545077,76.76621090984554
339.1,6,3544.05368328451,130.61362749189956,48.474953464325246,75.14720695737715,57.34894997873977,595.5275638894682,89.44872221063747
339.2,6,3592.2014168788032,101.7554633284183,38.277805728435155,74.9934529316175,57.257385036308754,596.4739851337297,70.52029732540518
339.3,6,3528.7749068398384,119.91043870267849,44.31079748890269,74.62202416152522,56.90423762982455,595.914414649427,81.71170701145911
339.4,6,3644.946672676145,107.83891446933706,41.161889670104095,76.18394753521521,58.555873095008764,596.2066132118489,75.86773576302221
339.5,6,3608.640943599439,115.47681019451866,43.638224195105295,73.15901221795428,57.21119191768009,595.9768493884197,80.46301223160526
339.6,6,3428.56098998807,133.22278149521674,47.832049986290414,73.59209542741766,56.97732109798519,595.5873227751297,88.25354449740757
339.7,6,3453.4709673430734,109.19303414322417,39.48929325556591,73.49312396308552,56.31187120027876,596.3617023374167,72.76595325166682
339.8,6,3266.321168153649,111.55149998656434,38.15600683071726,73.2814981254809,55.350645764417166,596.4852713174844,70.29457365031135
339.9,6,3361.477973866067,117.1863671402198,41.251142264950346,71.30976341288236,57.43468582029982,596.1983351096121,76.0332978077588
340.0,6,3412.878852773626,112.06948129658045,40.053166150335116,75.3197107479277,92.35928663567296,596.3094270946276,73.81145810744783
340.1,6,3420.8525265264852,124.87943115630107,44.73566338176951,72.4126823935435,91.063269549518,595.8749677101548,82.50064579690275
340.2,6,3243.2461765579633,115.63968537720173,39.2749313103253,73.822244490276,92.08727461286102,596.3815728772471,72.3685424550581
340.3,6,3380.428751254394,124.64845037405274,44.12526113001509,71.88724932646518,91.99715697408527,595.9316392391095,81.36721521781169
340.4,6,3107.062118241408,111.45300721581407,36.26355235522438,74.31384098070762,91.52618283904874,596.6605756135104,66.78848772979222
340.5,6,3104.129119200348,108.79373771580552,35.36488852410163,72.60249213592992,91.36736006583232,596.743785540519,65.12428918962087
340.6,6,3262.738719089369,120.51949406821475,41.17828116239953,72.15828688987206,92.57605123005546,596.2050929322268,75.8981413554659
340.7,6,3327.824560874268,111.81959644446067,38.96789633693282,73.73161830036709,91.95576687243744,596.4100315351591,71.7993692968173
340.8,6,3190.7837071708877,134.099059906985,44.807603540897034,72.63498324109074,91.6015030692673,595.8682878604754,82.63424279049104
340.9,6,3116.0178239878715,113.4291798993979,37.01291955504138,72.76482853946102,91.34205059604426,596.5911716510984,68.17656697803045
341.0,6,2888.3625921607377,117.53456706255395,35.550518695197205,73.63842025002654,92.08527016043044,596.7265994092326,65.46801181534875
341.1,6,2882.9465549089905,128.3475734437188,38.74831945756264,74.37121421594138,93.15157677812022,596.4303821445698,71.39235710860476
341.2,6,3066.6717520194356,121.99419250862879,39.17735099401636,72.40860365661145,92.44587534699883,596.3906177614806,72.18764477038917
341.3,6,3000.789413512978,116.10853780489204,36.48617130521846,72.18121610716022,92.01455806330895,596.6399590630031,67.2008187399399
341.4,6,2911.309392595308,141.64689353493515,43.1841160118308,73.37929797057747,92.57291670659964,596.0189966420673,79.62006715865186
341.5,6,3005.278980277789,120.97635437215298,38.07271997989887,73.97920096382369,93.64185747993176,596.4929886334528,70.14022733094407
341.6,6,2993.8105255299106,127.224776177762,39.88638017662747,75.06889628277328,92.7812312395015,596.3248903646736,73.50219270652701
341.7,6,3057.539249707428,127.73456350576588,40.89866075115885,72.01000063727643,92.56466001737468,596.2310261229375,75.37947754125184
341.8,6,2966.866023969639,134.76035355330404,41.868624642149506,72.89655762728813,92.95692596798489,596.14105780618,77.17884387640083
341.9,6,3057.7713556164367,133.6023015374441,42.780668400786624,74.67210118004239,92.17461422317251,596.0564368902196,78.87126219560741
342.0,6,2930.1264085885487,125.14366828631736,38.39934847867721,75.6124308618907,92.531219783837,596.4627222569218,70.74555486156328
342.1,6,2907.801571033345,129.20316465826244,39.34291513635758,72.03708915824811,91.87301145724288,596.375271178508,72.49457642983884
342.2,6,3010.3465108767236,130.43487073967842,41.11864727539237,72.32682820857168,90.82651776790087,596.210623823973,75.78752352054039
342.3,6,2807.8375617840397,137.79157752451033,40.51569281633992,73.65585168514713,92.7352987834507,596.266540520642,74.66918958715951
342.4,6,3160.7741961694146,124.88178292642084,41.33530815706949,72.49089539538001,92.75482080314973,596.1905285827672,76.18942834465543
342.5,6,2922.7070056287166,147.68312308339452,45.2006589787728,72.25929276314271,92.13638977467258,595.8317888747905,83.36422250418991
342.6,6,2917.918238758964,128.72302609105506,39.33308199361255,73.45044892199952,93.47616829193629,596.3761826609935,72.476346780129
342.7,6,2927.3125054768357,134.44119775457386,41.21260617617278,75.00363254493955,91.7352690876362,596.2019093274405,75.96181345119021
342.8,6,3052.4318009016615,126.83136526321469,40.54163458159926,71.56072673151493,90.70229206439531,596.2641349545228,74.71730090954452
342.9,6,2947.032101859273,126.29629719078076,38.976613495471085,74.91841711964167,91.79364173801042,596.4092235911683,71.81552817663487
343.0,6,2717.844980766509,129.67737501270545,36.907744946566396,72.41953893403151,90.96717455562677,596.6009135623369,67.98172875326259
343.1,6,3003.1531241913217,129.40211011039065,40.69559969940581,73.51359443240122,92.86377975137904,596.249857448901,75.0028510219795
343.2,6,2837.827258282883,133.67541519196047,39.72520212321163,74.99758461167879,91.79156639401131,596.3398329395438,73.20334120912435
343.3,6,2881.644905237341,130.08356939274063,39.25468767661207,73.46941027091633,93.5465036911284,596.383449316519,72.33101366962046
343.4,6,2752.024236667782,142.14761391002438,40.96570623414525,72.71303055680845,93.54405091062381,596.2248082455314,75.50383508936989
343.5,6,2926.4367750475685,132.12125626491544,40.48931768290369,73.923369044258,91.67398097688242,596.268986252738,74.62027494523909
343.6,6,2818.236777433045,131.64948670008908,38.853063346174615,72.84583889238613,91.8098144705553,596.4206745482857,71.58650903428565
343.7,6,2894.0472205733827,135.43981971622665,41.04692217846945,73.67188205715632,93.17158847195364,596.2172760079645,75.65447984071056
343.8,6,2862.6670139057705,145.40495484041563,43.589175825951514,72.79380929537423,93.63647519943626,595.9814020157912,80.3719596841745
343.9,6,3078.3361205722845,140.20351013226568,45.19636871745118,74.06651964838487,90.66375838141715,595.8321872912119,83.35625417576239
344.0,6,3090.2220756418346,138.22541664928107,44.73075373869746,71.35431249209837,92.9780482493501,595.8754235790691,82.49152841861815
344.1,6,2913.382509712737,129.09514769511205,39.385471172219205,71.80596422807218,90.51903779093735,596.3713264173941,72.57347165211854
344.2,6,2922.671319953478,131.3098703257839,40.188886018072395,71.32682159391095,92.18861367577091,596.2968434687695,74.06313062461095
344.3,6,2889.2829534885004,130.5212991823751,39.49117732576126,72.9457122988421,93.85153614467418,596.3615276853443,72.76944629311288
344.4,6,3038.4972208931217,148.75827808173756,47.33349838792231,71.17442049528691,95.78864489510272,595.6336556116944,87.32688776611212
344.5,6,2911.3083708185522,143.44308535501457,43.7317085494657,72.17665443614695,92.561289923852,595.9681720572476,80.63655885505
344.6,6,2912.082512124106,133.7951798664492,40.80118362714205,71.67537552402314,91.57447811826543,596.2400660339235,75.19867932152806
344.7,6,3055.0160649086156,135.95176171448819,43.49376023365452,74.77807867361794,92.32982094762158,595.9902582082641,80.19483583471924
344.8,6,2921.1993418718844,134.17955679176063,41.046503214421406,71.81228016001477,92.93133844049794,596.2173148645792,75.6537027084164
344.9,6,2979.348055596462,133.78811581338113,41.74143709340743,71.45641930966443,92.21721724067729,596.1528565545455,76.94286890909098
345.0,6,2843.577327219561,143.22210721851326,42.64849595948159,73.29800624051893,91.9850561959787,596.0687015646577,78.62596870684683
345.1,6,3071.7979702055222,137.97639078255588,44.383959943719574,75.02445953864644,92.50568046245405,595.9076222104006,81.84755579198622
345.2,6,3200.5721543399695,154.52476223550423,51.79100332030929,72.86181608753095,93.3509850534519,595.2191397536856,95.61720492628979
345.3,6,3096.148933769969,148.65488199288674,48.198068858829615,72.95600403039887,92.80910037904714,595.5533022287284,88.93395542543203
345.4,6,3178.06005787123,148.9928858121856,49.58567733931189,74.55329480279988,92.12022972812068,595.4242918822075,91.51416235584975
345.5,6,2970.441184214242,144.42864231772992,44.926532910450305,74.06072753208687,92.35531236021873,595.857244597364,82.85510805271997
345.6,6,3084.940088380403,136.6517060224808,44.14590355208305,73.52036433939291,92.63527518182354,595.9297229136196,81.40554172760744
345.7,6,2984.555961014814,143.65470495435954,44.8981243969074,72.31461873979748,92.07368013996978,595.859882525634,82.80234948731845
345.8,6,3064.1460054332515,136.86700068312928,43.917420478387974,73.56468519129642,92.39014565280854,595.950933295994,80.98133408012018
345.9,6,3170.6947986046293,150.53839343999135,49.98392256394663,71.38924926256136,93.76531941496425,595.3872553587148,92.25489282570379
346.0,6,3118.445261708689,141.75319903984283,46.29132501219364,72.27897986388751,92.91596119687955,595.7304864293258,85.3902714134847
346.1,6,2985.8594390164476,140.535899427214,43.9425499111607,74.75089135314433,91.41759722381643,595.9486005723045,81.02798855390915
346.2,6,3006.2355214692925,139.34459132654814,43.86738399202786,74.60181771511697,94.22103546799016,595.9555780455273,80.88843908945364
346.3,6,3010.8357870086124,150.37246675657357,47.41153447660965,73.57124243684524,93.63800699414907,595.6264038159536,87.4719236809267
346.4,6,3199.363548883956,127.86994281739499,42.841106712347546,70.73841386953306,91.86354967196117,596.0508284700164,78.98343059967146
346.5,6,3359.0876889756714,150.47015832582517,52.92981026029241,71.61169246344453,92.90689136194595,595.1131455340762,97.73708931847409
346.6,6,3302.474113670364,135.97567030878596,47.0250481030152,72.2546529003106,92.50594873637743,595.6623177684062,86.75364463187748
346.7,6,3002.5942981575954,127.09328176337725,39.96206000510601,72.87298312254734,94.00091711015392,596.3178739416539,73.64252116692228
346.8,6,3327.006603154149,131.30974623954293,45.748751113268824,71.5880703657494,92.97850680170225,595.7808857184889,84.38228563022221
346.9,6,3289.8439358732653,124.64012179497537,42.93997418362159,72.80306765859271,93.3037142441942,596.0416537569362,79.16692486127658
347.0,6,3062.5258750801927,140.37397109534834,45.01890948904235,75.2300162821174,93.21379974500053,595.8486666262975,83.02666747405056
347.1,6,3188.5037944191076,128.11535961983947,42.77763357888741,73.60141924253666,91.94954135156648,596.0567185060805,78.86562987838943
347.2,6,3328.870627974883,136.1319650045003,47.455401115034796,73.39469744038745,94.86192596943366,595.6223272662178,87.55345467564325
347.3,6,3284.060350936595,142.44196274303098,48.986645033479206,71.92326209762963,94.14588303774525,595.4799927187314,90.40014562537067
347.4,6,3113.8403889374836,129.3331913033082,42.17304500955073,71.19030245030183,92.76335885410158,596.1128158738659,77.74368252268346
347.5,6,3302.10058568975,131.67962333493332,45.534177040569645,71.69653515790301,93.72995716460872,595.8008149762743,83.98370047451522
347.6,6,3046.3133254046757,123.93647006101897,39.536872362226326,71.16892018836249,94.5397262612534,596.3572917538927,72.85416492214722
347.7,6,3232.904882266192,129.830361274462,43.9539399653081,73.2885738863051,93.64901975916516,595.9475432463573,81.0491350728546
347.8,6,3366.259933389145,150.0414931513847,52.89171429732241,73.6740654776285,95.17785759591499,595.1166919233738,97.66616153252585
347.9,6,3263.35062857879,136.9294873291387,46.79391037287352,72.07045041403539,96.56693012555397,595.6837939817949,86.32412036410301
348.0,6,3217.0070094226016,129.07816261817916,43.484391775620395,73.42222062641521,93.55108156579408,595.9911277464854,80.17744507029192
348.1,6,3351.0378626758156,126.08401805947472,44.245386517427065,75.02395052943082,93.12294263629845,595.9204873048413,81.5902539031731
348.2,6,3360.6250903174396,129.489755719943,45.57053162132005,75.62735495962929,92.74447416449402,595.797438522025,84.05122955949878
348.3,6,3393.2713614955405,130.1092664118636,46.233357988934976,74.22008857612794,91.54885867454611,595.7358713531444,85.28257293711249
348.4,6,3351.9863032361372,125.66509288021756,44.11085846557416,73.10378144779052,95.03926394335272,595.9329762935106,81.34047412978816
348.5,6,3371.0664887277135,131.69820536466793,46.491739234898695,74.2178229601655,93.46644324353784,595.7118679276286,85.76264144742595
348.6,6,3336.6755517948604,120.69301198400859,42.172050972889636,74.9732895509723,94.7242403699694,596.1129080978216,77.7418380435688
348.7,6,3290.286031520657,120.0285398690754,41.35678733804802,70.96197331060135,94.95441059505939,596.1885363199596,76.22927360080894
348.8,6,3270.872582803065,128.69010835841428,44.07957626387287,75.1691670874132,92.82618504041383,595.9358803190764,81.28239361847022
348.9,6,3236.4351145990786,117.27174197044579,39.74558547475831,72.7577226868684,93.0056577645138,596.3379432713031,73.24113457393878
349.0,6,3139.7044610967064,129.90149464628664,42.71019321598911,72.790317165862,95.71059216545811,596.0629765557212,78.74046888557473
349.1,6,3159.3322370378696,124.03784004608438,41.03723694838613,73.02790588766157,93.92538684310243,596.2181742585651,75.63651482869659
349.2,6,3217.810830622666,110.67581298660637,37.294247437714475,73.8599657042008,93.36482133267486,596.5651117805335,68.69776438933059
349.3,6,3261.370452160851,123.56564518965047,42.20136431148849,72.16490103855052,93.00969935958537,596.1101884757582,77.79623048483813
349.4,6,3368.463452878681,110.32636254876316,38.91703611953105,73.17966435717379,93.94328430264852,596.4147454363795,71.70509127240962
349.5,6,3220.10292007315,126.29509229847474,42.58776464416916,74.17530002685564,95.62260230115191,596.074336833909,78.51326332181884
349.6,6,3311.2367212410877,119.0163308336604,41.26913867997675,73.83126760297273,94.83021074131806,596.1966659294017,76.06668141196565
349.7,6,3309.6330497798494,133.02797240855512,46.1053618018788,74.0504601569088,94.35669377055143,595.7477613821179,85.04477235764284
349.8,6,3175.675890783132,126.88058134025307,42.19489881401703,73.22970414492322,95.79370151058441,596.1107883314331,77.78423337133745
349.9,6,3244.1143111447896,111.26618915609622,37.79966758341253,74.47638288735423,95.63129203562423,596.5182881168117,69.63423766376536
350.0,6,3153.8470597558344,103.85482095311009,34.30014124823773,74.93757232748123,94.6000592192267,596.8423434324902,63.153131350196645
350.1,6,3291.3761135168393,112.02325450274142,38.611290447096884,74.89201703957553,97.0725573021699,596.4430814252287,71.13837149542519
350.2,6,3214.4176539315426,108.06979835054261,36.377702228013696,74.23631097860923,94.07959227871052,596.6500044704313,66.99991059137346
350.3,6,3028.6265232101027,128.7097837151323,40.82121245952637,74.87720766553409,95.455695521475,596.2382086066677,75.23582786664633
350.4,6,3144.2714925556747,115.1704662466244,37.92187315167837,74.82363307342759,93.99539244833464,596.5069655101911,69.86068979617926
350.5,6,3272.2206414501115,121.09237339839709,41.494256692950216,77.01845664829385,95.3220265888897,596.1757852797923,76.48429440415384
350.6,6,3084.7017507234264,111.8823946912598,36.14128178852579,75.29707428050796,94.20164376165987,596.6718983765479,66.56203246904283
350.7,6,3130.2931590905523,111.94317627131163,36.695368685116975,73.75810416466484,94.94231236420045,596.6205841666542,67.58831666691549
350.8,6,3125.0616948478287,112.30043332481077,36.750956403486654,72.80023880951525,96.90204998155912,596.6154356757704,67.69128648459173
350.9,6,2959.798198219206,119.60797089728425,37.07241193989916,73.61099271564628,95.49478942057323,596.5856609632646,68.28678073470883
351.0,6,3091.530821455324,113.3829994134734,36.70710551053082,73.55677320140528,95.0508524014379,596.6194971185305,67.61005762938908
351.1,6,2895.029296436884,103.1464288502668,31.270568535630073,74.59961970531548,93.83042888058839,597.1225957305278,57.54808538944303
351.2,6,2952.1661113722403,121.25885880754207,37.48718981232051,73.17704291565185,94.82452406305056,596.5472378829827,69.05524234034488
351.3,6,3097.711272196519,107.21303791313059,34.779005248800814,75.47983754394603,93.6594964270659,596.7980216336866,64.03956732626852
351.4,6,3013.1216254202855,105.44421471843206,33.271167231892555,72.41405710629644,95.58571530945994,596.9375589048269,61.2488219034617
351.5,6,2933.846934951352,88.20567188998676,27.099581398731964,72.15524002913544,95.59188967016307,597.5080032722796,49.839934554408956
351.6,6,2988.595120586523,111.84221630789148,35.00269354293653,73.98529457661064,94.58167926103332,596.7773156426522,64.45368714695519
351.7,6,2923.7847517995006,107.50817733112511,32.916641216415876,73.16994899779216,96.45617554483638,596.970357678603,60.592846427940685
351.8,6,2913.941201370273,106.91129010667532,32.62368179097998,72.70514409696005,96.346891217299,596.9974579209131,60.05084158173645
351.9,6,2958.3751386028434,102.8143929894775,31.851931855591197,73.48496070584189,95.00501263726673,597.0688368948995,58.6232621020099
352.0,6,2810.125315831522,101.04219956863614,29.734257432726935,73.37049287771832,95.45226391211074,597.2646120741728,54.7077585165448
352.1,6,2866.3605439865178,101.92898183182136,30.595469435378714,74.3316757618824,94.32969474298336,597.1850101381349,56.29979723730116
352.2,6,2816.260950652736,107.21879832341986,31.620770408600116,73.61059191691582,94.67737957965588,597.0902136262562,58.195727474877685
352.3,6,2678.825763719709,107.9249633741131,30.275755899514444,73.74423762960811,93.90296607031962,597.2145637895258,55.70872420948376
352.4,6,2725.719740403209,101.3227425509468,28.921229647623356,74.42179773997042,94.53405255833184,597.3397407813708,53.20518437258443
352.5,6,2946.060500507567,109.08621327411328,33.65426774620599,75.68155597894977,94.93941508891314,596.9021125043557,61.95774991288545
352.6,6,2817.7999947438775,101.40987092960651,29.92395630542142,76.26657785601972,93.4148463080329,597.247080013623,55.05839972753961
352.7,6,2639.972939567837,97.96797154126436,27.08396283404117,74.71660520562884,95.68342888318922,597.5094455205646,49.81108958870891
352.8,6,2604.1743843557542,102.43761768328412,27.93560945315277,74.84791621288119,96.16013284069842,597.4307926285927,51.38414742814575
352.9,6,2725.0177227632344,91.1008847982779,25.99683897254971,74.39579573083168,95.16146136348554,597.6098154534818,47.8036909303637
353.0,6,2869.5613867425795,101.83065428730592,30.600087756502106,75.23184531227659,92.50349299385225,597.1845832086441,56.3083358271183
353.1,6,2689.530944333419,89.00895262727497,25.06910642789349,75.1617039060827,94.97907622891097,597.6954426421338,46.09114715732403
353.2,6,2817.9495734503557,92.23069691906935,27.21681651781461,76.32391419975556,93.8699912730136,597.4971773328265,50.056453343470366
353.3,6,2714.2550068898663,84.93283555889684,24.140979610456583,72.50626600639373,94.68503806259008,597.7810815832262,44.37836833547635
353.4,6,2713.1901190704107,97.4954343703346,27.700851766333432,74.53148275880189,96.77784069303013,597.4524754942779,50.95049011444189
353.5,6,2529.7272647092786,109.66529238401955,29.051697960352396,75.26042588770399,92.92264286771763,597.3276859953027,53.446280093946825
353.6,6,2734.5206453148617,97.27426821817745,27.855297227234637,74.86272034955792,94.57192582209704,597.438210664566,51.23578670867914
353.7,6,2603.144052340301,102.31449589098435,27.89099375663426,73.80845709321977,96.24898777504366,597.4349135787013,51.3017284259729
353.8,6,2707.1691076961656,114.01111459164517,32.32147672790133,73.41776441059956,94.74857586591648,597.0254108410257,59.49178317948508
353.9,6,2538.781890796781,100.12901401984776,26.620361537681895,75.98646253640655,94.70310622795017,597.5522521720427,48.95495655914715
354.0,6,2624.6734092932925,91.72027232939047,25.209789822769412,74.15276271806194,97.54492418749336,597.6824595320232,46.350809359535106
354.1,6,2633.8246708043653,92.48055869595635,25.50738422269637,72.9977135484799,95.92183082268377,597.6549938643384,46.90012271323212
354.2,6,2579.1178786568807,96.69577791273119,26.116039791211886,76.17431959358971,96.50861165599653,597.5988117562378,48.02376487524498
354.3,6,2626.415395829312,92.09956872052108,25.330842232271426,75.74036259127463,96.09978179904952,597.6712876341004,46.5742473179921
354.4,6,2557.803132964807,92.48307148527486,24.771823544583984,75.09399333683338,95.79754595162612,597.7228758329693,45.54248334061526
354.5,6,2517.499729281994,103.1676338717234,27.198285027268863,74.17934291361163,96.93054022089154,597.498888627782,50.02222744435926
354.6,6,2728.679545255826,103.35657053648696,29.533794176896517,75.18473629306042,97.60245557536402,597.2831378605495,54.33724278900968
354.7,6,2673.7811175367315,84.5693894043916,23.679234851088108,76.82392614313966,94.044109260409,597.8236779372153,43.526441255695545
354.8,6,2500.8179254505267,90.31622534927648,23.65246835616522,73.4722258098998,95.72274625054474,597.8261469827394,43.477060345211385
354.9,6,2627.091658873814,92.76282496356018,25.519831909402416,73.57801978116062,95.74521914982842,597.6538449836476,46.92310032704768
355.0,6,2503.5651928832376,100.19362262315677,26.26803596494635,74.74668161250511,95.38940849550247,597.5847800553775,48.30439889245213
355.1,6,2463.665251775168,104.0123847914935,26.834615080843154,75.51350880777245,96.82992441475989,597.5324698246457,49.35060350708682
355.2,6,2677.5911966827352,114.9571875144952,32.233615379709114,74.99568135203089,96.13583643479734,597.0335372174061,59.32925565187929
355.3,6,2421.7537389009212,92.8379237047536,23.54420420713013,76.40862606585516,97.83441019707736,597.8361334798074,43.27733040385169
355.4,6,2677.0682582891386,93.26337557068726,26.1456349339844,76.99012055773869,97.03909264706567,597.5960796986058,48.078406027885876
355.5,6,2571.50526771717,100.39084661637096,27.03399026229914,76.06457003083123,97.33331462781679,597.5140600369232,49.71879926153747
355.6,6,2583.048846386417,91.61416345128487,24.781286987618195,76.4493429165827,94.79912770305825,597.7220025877432,45.559948245136184
355.7,6,2650.8490850523694,95.54309820691391,26.522407404235135,76.15036396556677,95.22177625808482,597.5612959843722,48.77408031255527
355.8,6,2677.0670709257497,93.78590369368531,26.29210981636631,75.88251325127302,95.3336282696183,597.5825575895173,48.34884820965499
355.9,6,2554.441354025405,78.52196146177796,21.00466183670891,74.36632559892035,97.409780122102,598.0702898668026,38.5942026639475
356.0,6,2713.3840704229992,97.93938925256744,27.828979473526076,74.73272673549785,95.14870746442396,597.4406414627333,51.18717074533265
356.1,6,2669.395334786442,96.02409636788757,26.842424735280467,74.3931583744598,95.20704946282112,597.5317487228237,49.365025543526144
356.2,6,2553.895436924516,106.44353466225672,28.467610679978645,75.88421631378617,95.05260289572962,597.3816496810691,52.36700637861645
356.3,6,2672.848573389215,97.84783108770694,27.387612625703863,76.38952970341292,98.9558312953489,597.4814046616474,50.371906767052224
356.4,6,2837.142932478708,89.31057249754828,26.534609883353518,74.42026237483896,96.08928602912263,597.5601693809397,48.79661238120548
356.5,6,2883.2980344244847,96.59116435699926,29.16456849353641,76.29527430879591,96.7899847678465,597.3172567841864,53.654864316272324
356.6,6,2811.4299053154577,84.08367313707866,24.75526349919476,75.2068801694787,95.14792006198215,597.7244039155296,45.51192168940702
356.7,6,2650.612753659634,90.58725055951571,25.144440692758725,75.0232711865293,97.276095105943,597.6884904133408,46.230191733184256
356.8,6,2831.8613768058844,103.87332741602671,30.803825324264263,75.60524746643425,94.57132500084202,597.1657485731497,56.68502853700602
356.9,6,2888.778354367555,98.07284428628391,29.668228145228927,75.06063165549558,95.39399630745703,597.2707142899178,54.58571420164276
357.0,6,2900.704274871175,106.65918380023759,32.39890473953434,77.1829059696764,95.66948201494006,597.0182492691765,59.63501461646956
357.1,6,2931.257159921798,86.84834397158855,26.65901386708001,76.30319073706086,96.64743069503768,597.5486834423778,49.02633115244498
357.2,6,2917.2148258326197,99.35147887766632,30.35088548720918,77.53309788366273,95.66302342694965,597.2076192315301,55.84761536939709
357.3,6,2902.921036019383,98.16896897941541,29.84269705969641,76.07284884727633,98.00749074823663,597.2545901585817,54.90819682836673
357.4,6,2880.1593333863007,108.65363027502129,32.770975803352506,76.16857762266325,97.0139400759853,596.9838327819912,60.3233443601755
357.5,6,2786.843137211069,107.15299019106229,31.27126408437363,78.95396394346353,95.8481720027633,597.1225314187444,57.54937162511169
357.6,6,3029.623020008266,107.43572872018706,34.08520763673942,74.80887799815933,97.56228242879988,596.862234704224,62.755305915520694
357.7,6,3046.236447920869,114.24100922946828,36.44301159207834,78.34871020421072,96.19809912015411,596.6439561590796,67.12087681840671
357.8,6,3113.7054545904307,101.40006246052292,33.06316070003552,78.84367449462172,96.02749088072784,596.9568029506638,60.86394098672372
357.9,6,2966.787568324399,113.86161066673945,35.374669538269735,77.82826478853109,97.54010956801926,596.7428800132475,65.14239973504914
358.0,6,3189.166256453909,97.75928139340743,32.648541039974965,76.56387698266596,94.21765543183392,596.9951584094979,60.09683181004334
358.1,6,3357.995399748833,98.15061864603076,34.51451349786959,78.72399578419207,97.43129997469151,596.8225027848423,63.54994430315401
358.2,6,3206.049050125113,112.40137147201949,37.737262322263675,76.67697979520337,96.00920497552136,596.5240699306336,69.51860138732854
358.3,6,3229.348487623474,98.0258754745319,33.15005559591347,76.26763359554921,96.03332045827655,596.9487638867199,61.024722265602804
358.4,6,3301.967884385859,114.00619440601108,39.42120649187564,76.70023425338948,98.73150100906909,596.3680138667187,72.63972266562746
358.5,6,3503.85291276053,112.15397662991654,41.15183083626771,76.53359518785659,96.26739314523928,596.2075461456235,75.84907708753008
358.6,6,3252.430495727023,120.40518296455107,41.00924978197548,76.13363710728446,97.77956515522698,596.2207698954851,75.58460209029931
358.7,6,3408.570355234902,113.95231175676321,40.674668368119725,78.65343153875924,97.12773987325463,596.2517984952019,74.96403009596065
358.8,6,3353.5430995588868,116.2350305028415,40.81967514352272,76.44519580903234,97.25612808274101,596.2383511741851,75.23297651629719
358.9,6,3418.4089337633013,120.88915213079775,43.27528775950762,77.38973786083001,96.64703130227949,596.010535177873,79.78929644253981
359.0,6,3507.1080424383263,114.17397096390202,41.93193165788341,75.74483141638316,96.61908647015423,596.1351848583773,77.29630283245342
359.1,6,3681.8016540784824,115.36316885008353,44.479119701477245,77.56643125150647,98.47380802780658,595.8987872974383,82.02425405123336
359.2,6,3767.3894308328745,125.12684551594243,49.36505543511292,76.19449953027113,97.90008399152978,595.4448075643775,91.1038487124506
359.3,6,3681.8205872650306,123.10443326986326,47.4640653097061,76.21722602685156,96.49353125577873,595.621522091411,87.56955817178209
359.4,6,3646.843983030303,121.96548667050064,46.57820575773327,77.55490191023813,95.9707057881478,595.7038348168642,85.92330366271767
359.5,6,3963.184462082234,125.74730025913554,52.18811061872419,79.0066869370024,96.45525676898072,595.182183396247,96.35633207505975
359.6,6,3729.8490869420752,139.00091624785927,54.292212615710554,78.31911815664176,98.04415066650105,594.9862901809865,100.27419638026913
359.7,6,3760.597996560697,126.25142140509611,49.718933551523264,78.45389066796866,98.26404587179731,595.4118996658767,91.76200668246565
359.8,6,3690.8797685616287,127.56253476065962,49.303943443204886,77.73938728460841,97.66276771725094,595.4504901307582,90.99019738483662
359.9,6,4036.98323385511,120.42848508819527,50.91137036387902,77.54487276123814,95.51329205546342,595.3009853658275,93.98029268345113
360.0,7,4041.3620386251855,133.5970758965051,56.53967767830281,81.94936876619309,65.40584735322729,594.7769059872057,104.46188025588413
360.1,7,4224.220584445092,140.00293993858605,61.931608833740036,80.37654632579628,65.9774157637905,594.2739613859753,114.52077228049347
360.2,7,3907.758038969841,142.76683624857662,58.422968336222546,82.106033084754,64.86892500756925,594.6013353579937,107.97329284012676
360.3,7,4223.563257285119,139.17638087483965,61.556392481998635,82.64019012211152,66.69646167230509,594.3089883657262,113.82023268547414
360.4,7,4136.972107007278,146.61104556462448,63.515233886454425,80.19971412907506,63.416735034009946,594.1260817817093,117.47836436581338
360.5,7,4252.116438528714,146.5353536772424,65.24934906114883,80.42834518645488,65.4433148939357,593.9640640124335,120.71871975132922
360.6,7,4064.13908115059,150.69833587660386,64.13655611341717,80.65911798994905,63.75884002781104,594.0680421269228,118.63915746154248
360.7,7,4405.158143702402,151.28239861975067,69.7876418761138,79.60583583473407,65.8579073827594,593.5396296628976,129.20740674204694
360.8,7,4385.251963956587,156.85961905397727,72.03346826251399,80.85510593870094,65.43227826672255,593.3293662905801,133.41267418839834
360.9,7,4351.468011320401,146.1515555151548,66.59902254933476,83.03228125125597,66.64057081417353,593.8379026721022,123.24194655795395
361.0,7,4460.830446005777,139.511035795365,65.17077676421192,80.26795166553585,65.3584646532633,593.9714069257051,120.57186148589835
361.1,7,4370.911852880368,154.8981664369737,70.90011558504563,83.16492108284909,64.4740324454559,593.435494195179,131.2901160964202
361.2,7,4432.346037025337,157.15762665162094,72.94537115271157,81.10653281827781,64.40598987334096,593.243947207827,135.12105584345932
361.3,7,4486.7559433560355,164.11454191471873,77.10954306771117,84.21542062669482,64.66564160234407,592.8535673666219,142.9286526675628
361.4,7,4397.758198977226,163.51291020743307,75.30295399916946,80.91223946443354,64.42358863796584,593.0229940721217,139.54011855756562
361.5,7,4698.175691154276,169.569263982804,83.42668874893616,81.60939398541457,66.29964853605637,592.2603565364377,154.79286927124576
361.6,7,4771.572663345769,161.684090511428,80.78997017985586,80.74162405534965,66.24613577938726,592.5081035620356,149.83792875928998
361.7,7,4633.292767500124,160.32733074924693,77.79038543215626,81.06018277329493,63.491617077208495,592.7896907307926,144.20618538414828
361.8,7,4774.0017464392595,150.3970287993149,75.18833159254936,83.5427215731587,65.04395882728666,593.0337403600827,139.32519279834537
361.9,7,4756.118266968632,163.59988376877376,81.48248289271777,82.5577307240624,65.08522959592608,592.4430551413388,151.13889717322422
362.0,7,4852.341441910892,158.9113703378974,80.74858927841612,83.27413978910172,64.25830554558814,592.5119900540177,149.76019891964597
362.1,7,4800.704730616031,165.5788956808538,83.24125035461871,80.51200904579468,65.49443507187608,592.2777872599463,154.44425480107498
362.2,7,4814.8976292080615,165.78246607275227,83.58998966152845,82.92754849434277,66.53333985554409,592.2450058173633,155.09988365273216
362.3,7,5036.57012542547,169.988057516789,89.65652752548868,81.02693530782835,65.9803198371731,591.6741626694576,166.51674661084826
362.4,7,4967.6304244488065,167.2715545715152,87.01617508611561,80.63866722018484,66.45131721828065,591.9227491628305,161.5450167433903
362.5,7,5202.123693164706,175.74626918685462,95.74043729138768,82.58061459213687,64.40123337269044,591.1005606531205,177.98878693758866
362.6,7,5049.974485876468,151.36804488487618,80.0482797659914,82.61884510317003,65.1713741041201,592.5777552549073,148.4448949018531
362.7,7,4992.353654083774,172.96925955350858,90.42799197231851,82.45897047375512,64.38409482042911,591.6014900725131,167.9701985497377
362.8,7,5230.8301544983515,181.2455540391701,99.28110420981847,83.30622907987556,65.40375816449271,590.7662192796574,184.67561440685245
362.9,7,5207.301032504939,187.086403702286,102.01957960384578,83.54348354244084,65.5080724236365,590.5073640946048,189.85271810790437
363.0,7,5248.679149269627,180.2663424299428,99.08166369682812,84.30876017890718,66.1524591995129,590.7850624501375,184.2987509972511
363.1,7,5324.115469875226,188.06146375209192,104.85180133255093,81.16638494852336,66.51981745128467,590.2394046553552,195.2119068928971
363.2,7,5179.491511270378,178.552152773672,96.84580967075851,84.44675272823318,65.90871038560991,590.996222770059,180.0755445988193
363.3,7,5259.020657403332,178.46915198605154,98.28713021938336,84.95246338886116,64.37267273365335,590.8601179771888,182.797640456223
363.4,7,5283.517235512413,183.21129639703298,101.3687273806903,82.30338421686662,63.893479570013035,590.5689069813866,188.6218603722682
363.5,7,5204.962516143812,180.51564343145958,98.39228986391177,80.78964972803868,65.77818091117194,590.8501851937825,182.99629612434956
363.6,7,5329.396265597568,176.07006430288416,98.26348305097014,81.18042406774046,66.770888122035,590.862351507843,182.75296984314195
363.7,7,5507.3165809274715,178.9240173675682,103.18992595427409,82.33498227697189,65.25747746685053,590.3966663869719,192.06667226056197
363.8,7,5427.895735358948,175.70497315380598,99.87209695734835,85.35454784062944,63.76647300534385,590.7103750216022,185.7924995679548
363.9,7,5301.523012700479,188.12290229224993,104.44098021118413,83.0062354534177,67.38991336878983,590.2782882059578,194.43423588084443
364.0,7,5304.705407565399,185.41278241260932,102.99818218945842,82.29306227527682,65.80554518972673,590.4148054427657,191.70389114468662
364.1,7,5632.8369155251885,183.69407593244853,108.35549642947011,82.25892125127326,65.49795656154176,589.9075737111468,201.84852577706238
364.2,7,5487.339964773026,183.10631830285203,105.21891421300298,81.54162966781841,64.1692083082885,590.204653610702,195.90692778596008
364.3,7,5454.72141417433,191.43925774193983,109.35337586045044,84.22564673247811,65.3634489672928,589.812996180158,203.74007639683896
364.4,7,5509.574961838598,194.17125953579185,112.02931024992468,83.11269340226173,66.04385796053953,589.5592226002502,208.8155479949944
364.5,7,5413.71971868568,181.5720723452935,102.93745718501602,85.78974791041266,65.86942227347201,590.4205498222622,191.5890035547568
364.6,7,5706.807676931931,181.22252527660072,108.30139049722051,84.07033145131106,64.69562784610882,589.912700909264,201.74598181471993
364.7,7,5550.923733127889,197.64146715306313,114.8872800049423,84.35867740361398,65.32724778002552,589.2879397549102,214.2412049017969
364.8,7,5733.929595485365,182.0303302707914,109.30114995056634,83.11824257361737,64.77678815223739,589.8179468397504,203.6410632049899
364.9,7,5623.82229689796,196.15769829997726,115.5222300960976,82.1452823622675,67.06512100090708,589.2276347792421,215.44730441515867
365.0,7,5768.751314363626,204.28524249863793,123.40916952530822,82.45170282360499,66.30367983749233,588.4775145478558,230.44970904288448
365.1,7,5670.520320067702,204.91558961627697,121.68205316614346,81.90211074608497,64.8919984477604,588.6419458480682,227.16108303863507
365.2,7,5739.556365317321,199.3325444364671,119.80781662712121,84.68260871064734,64.2550713061966,588.82027791098,223.59444178039894
365.3,7,5738.373986109182,199.68797988687072,119.99672424666528,83.17288075278833,65.70824309676236,588.8023084967299,223.953830065401
365.4,7,5740.050649280145,211.02091535643547,126.84397550714837,84.82213462240544,64.94417631983858,588.150222620616,236.99554758768045
365.5,7,5723.908943517549,179.42042470860986,107.54574061478692,83.8862924578442,65.02493066642083,589.9842984935804,200.31403012839291
365.6,7,5678.014497537789,192.98688717307118,114.75005864470573,83.41557571929219,64.31394405799007,589.3009708293741,213.98058341251726
365.7,7,5890.669654218148,202.62518585000504,124.99329377596513,82.40689348729839,64.44334692002614,588.3266144595677,233.46771080864528
365.8,7,5630.426413740265,194.7457770554989,114.82539653874052,84.21552711797737,65.6226992278523,589.2938165223916,214.12366955216726
365.9,7,5724.218039849895,206.17891003518966,123.59162014617954,83.63404624197723,65.19809945764904,588.4601387372609,230.79722525478132
366.0,7,5731.816077177689,197.59140858385305,118.6011558329023,85.02154697500887,67.96611597847142,588.9350324488433,221.2993510231331
366.1,7,5774.626070349217,199.12840660961004,120.41641788562094,83.12263156377736,66.06815306179924,588.7623820773542,224.7523584529165
366.2,7,5701.016206213954,196.59583613910982,117.3694876755106,84.76232490250831,64.32617636279298,589.0521182257555,218.95763548489072
366.3,7,5776.599939682395,195.146567944709,118.0488680526188,86.03355336773194,63.94588065908905,588.9875403173073,220.24919365385358
366.4,7,5735.035228837733,195.23338813753398,117.25160578975496,84.43280599898321,65.88300669173849,589.063321916645,218.73356166709868
366.5,7,5604.692416251357,201.1939836191749,118.08517874462129,85.08895169853943,65.09095928850057,588.9840884299344,220.3182314013111
366.6,7,5759.3482548059765,194.08041608643757,117.05330289721118,84.87338824415656,66.82196476404677,589.0821679744577,218.35664051084677
366.7,7,5656.944762122851,206.35550702026194,122.24373744390063,86.50499822004078,65.77468914340868,588.5884805903659,228.23038819268163
366.8,7,5599.419477762885,204.41078754246766,119.86032007493353,84.71297552598313,63.512312288640246,588.8152837502734,223.69432499453296
366.9,7,5779.542461186978,207.66398539755005,125.6849455367383,85.14650994870087,64.4770871761598,588.2607045049979,234.78590990004363
367.0,7,5814.943731967,192.17051367744725,117.0202133707668,84.30212179757514,64.82257969356215,589.085312575131,218.29374849738088
367.1,7,5820.425056930853,188.2569489190104,114.74514932249461,83.45511360559401,65.94092021360578,589.301437026844,213.97125946311917
367.2,7,5825.839518335547,200.18002696037,122.12592848109347,82.97292470682603,64.44682350971159,588.5996953383535,228.00609323292974
367.3,7,5589.744841533757,220.53308889095774,129.09052357696984,85.98102474811606,65.6527572605378,587.9359548392272,241.28090321545642
367.4,7,5645.277155585971,209.11360844288575,123.62211877004606,83.28828545695578,64.16382459519501,588.4572340776978,230.85531844604475
367.5,7,5963.17941123978,196.35459736454237,122.61611960851306,85.43057130567286,65.50586560421266,588.5530290448548,228.93941910290437
367.6,7,5677.257055983059,203.1702166098834,120.78895398053189,85.07158335462454,65.86908298977359,588.7269372379099,225.46125524180184
367.7,7,5835.782466815848,205.23242522454447,125.42199082646457,85.71014355436668,66.95961526237757,588.2857641693772,234.2847166124568
367.8,7,5713.505544994291,190.47951436638743,113.96711284380189,84.0271887100072,65.74239953232619,589.3753111840539,212.4937763189223
367.9,7,5787.384518371504,209.54322818844426,126.99440465458638,83.73160953821882,64.67847971263703,588.1358801998447,237.28239600310758
368.0,7,5720.783753109136,198.660677520757,119.01345467334863,85.16977033310668,66.98628179297481,588.8958275811059,222.08344837788218
368.1,7,5835.530004477359,199.05436238003114,121.64117993286638,84.39974534030328,65.30783249241571,588.6458360777224,227.08327844555356
368.2,7,5796.5679774836435,199.69229712619705,121.2162555122474,83.30774127433125,66.26198312132172,588.686276398179,226.2744720364219
368.3,7,5742.564238167825,207.35498066800977,124.69497474782173,87.14521079398163,64.87259869311737,588.3550376898394,232.89924620321244
368.4,7,5687.185094960472,193.8555756832052,115.45274887293657,83.90287641472389,65.5730234421357,589.2342344357232,215.31531128553638
368.5,7,5814.447338392873,186.97351647068544,113.84583727791379,83.69337055290285,64.67740092883004,589.3868245368113,212.26350926377336
368.6,7,5676.150212508845,200.9458137551828,119.44320853742582,84.62790436481396,65.79702585531447,588.8549572780386,222.90085443922862
368.7,7,5834.645296019818,184.1252752413098,112.50102679759507,86.45420534486794,66.27436481508266,589.5144640622141,209.71071875571852
368.8,7,6046.586434722047,196.05242718952476,124.13981868956047,82.38256753837264,64.97118251152202,588.4079243731576,231.84151253684945
368.9,7,5928.764446303568,206.18164807076735,128.00968255783616,86.41794771344611,64.91009368146089,588.0390615148589,239.21876970282256
369.0,7,5872.59302938806,201.62526478613907,123.9948004471686,83.95131677012718,65.81271491495342,588.4217378710023,231.5652425799533
369.1,7,5800.523430417171,204.5514897620965,124.25058730416936,85.39306926677267,64.62535167476886,588.3973728271758,232.05254345648314
369.2,7,5629.264929208045,201.2667713028658,118.64580463747403,84.29453769159996,63.926571364612506,588.9307871189807,221.3842576203865
369.3,7,5693.132355555272,213.45251325677967,127.2568506710998,87.52570309617522,65.79153597829144,588.1108560046666,237.78287990666627
369.4,7,5946.458422860368,192.10552742727594,119.62635377572201,85.31415030752132,65.32414466916765,588.8375381056215,223.24923788756905
369.5,7,5755.97664531793,198.640965255843,119.73371510426631,84.34364297931764,65.29616323074714,588.827326347111,223.4534730577809
369.6,7,5771.576961122788,192.40648234417364,116.29011736350532,84.86033004130486,65.93895305147659,589.154687169161,216.90625661678155
369.7,7,5829.887607736834,201.77930205423684,123.18715226923692,85.35702795481635,66.07117302532069,588.4986571026665,230.0268579466706
369.8,7,5752.987254308161,194.24876750122257,117.025445130154,85.49003323011718,65.24164165665442,589.0848153870317,218.30369225936693
369.9,7,5746.2559830319615,206.30018367374606,124.14041747684209,85.8302251152453,64.27187671072816,588.4078673351905,231.84265329618938
370.0,7,5867.601446715981,190.13206584883613,116.82736782247638,85.32844148970342,64.74754446102325,589.1036386071747,217.9272278565054
370.1,7,5797.9973376386715,203.26885367214746,123.41770536311951,83.70347415567049,65.96236384601922,588.4767016547971,230.46596690405863
370.2,7,5823.307827889747,197.13447081151168,120.21563020307235,84.97321219513732,65.50475569103214,588.7814841592822,224.37031681435542
370.3,7,5831.234846264403,192.3117818256429,117.43432131221817,86.134507310134,64.80923222663014,589.0459561437679,219.08087712464408
370.4,7,5967.56118108801,195.88626302061,122.41354623789826,84.62715852850127,64.56493015070694,588.5723149852384,228.553700295231
370.5,7,5909.132131359264,193.462468783106,119.7151308749345,86.26237015657989,65.95715203127438,588.8290940267657,223.4181194646851
370.6,7,5928.235997718885,193.66469648780523,120.2277062949287,85.51662056074645,65.10737803548734,588.7803353272297,224.39329345540614
370.7,7,6016.70502292311,189.25990385824562,119.2465857547341,85.24030566889117,66.07113820478436,588.8736571473694,222.52685705261229
370.8,7,5962.082593122877,185.32810611110241,115.70920073187683,86.95710793337761,66.18683913674352,589.2098746725959,215.80250654808196
370.9,7,5965.515975028682,187.42182968857202,117.08379869281576,83.4604228119742,64.98343762793367,589.0792698338078,218.41460332384372
371.0,7,6053.813650793717,177.5109286432251,112.53374249739198,84.75734221029543,66.23439225864313,589.5113595963173,209.77280807365446
371.1,7,6090.570368633755,194.71034335842393,124.18684843492309,87.06768758003444,65.41131654521148,588.4034444823604,231.93111035279117
371.2,7,6031.891419710026,179.69309015157904,113.5046125083966,87.80537475372674,65.52852296479868,589.4192164131625,211.61567173675053
371.3,7,6073.093619739379,186.33763236681727,118.50568008966926,88.37254390565602,63.059570819604446,588.9441103330746,221.11779333850677
371.4,7,6011.5367920044755,191.9194042529638,120.818381692792,85.70930906584722,64.26465241964532,588.7241371612649,225.5172567747013
371.5,7,6025.207640895335,192.78140158152874,121.63701937937573,86.21737898802466,64.3058331708584,588.6462320676428,227.07535864714487
371.6,7,6201.996400810893,174.00680179500853,113.01246628849995,86.66732334014226,64.89052807327508,589.4659286173455,210.68142765308835
371.7,7,6193.933777944078,185.3119628321681,120.19838485114295,87.23449417136106,65.30989197185195,588.7831247494339,224.3375050113218
371.8,7,6218.427751405667,188.7010181266959,122.88063705316608,86.09759217279712,65.33685386131597,588.52784379576,229.44312408480187
371.9,7,6226.128449026829,185.3777644291481,120.86605150375286,86.8502207581832,65.4531189870964,588.719601272817,225.6079745436591
372.0,7,6228.860167496341,193.95652153214252,126.51487367461584,86.30701114200919,64.46790344566635,588.1815978069758,236.36804386048425
372.1,7,6316.390545647045,178.33373950303152,117.95900735511957,86.39787037287144,65.8293960826526,588.9960827755435,220.07834448912945
372.2,7,6365.549012366571,169.2860721161497,112.84588131874445,84.68455440338023,66.9322173543152,589.4817383715567,210.3652325688654
372.3,7,6390.467457392516,188.84971888654263,126.37977803652555,85.40641196513326,64.7542121814875,588.1944762687849,236.11047462430065
372.4,7,6322.200472721661,178.9715257558659,118.48976043470346,85.1884897962949,64.42819111385217,588.945623954558,221.08752090884082
372.5,7,6492.078819975581,169.98114867136482,115.56149766659713,84.40295458715111,64.3905654431463,589.2239048923445,215.52190215310816
372.6,7,6411.203586972974,180.74774646600594,121.35036231234604,83.86098953659005,65.14512060319596,588.6735139827446,226.52972034510867
372.7,7,6479.383220297234,190.04470491762982,128.9490237445993,85.3473184012376,64.51736448188916,587.9494552959629,241.01089408074017
372.8,7,6476.511604057546,172.1690169861383,116.76824846569777,85.55123572264229,63.2959951106568,589.1092564623527,217.8148707529465
372.9,7,6504.1571724072455,196.95270323872023,134.1471935575246,86.00562830092716,63.552490543682715,587.4530832662208,250.93833467558397
373.0,7,6442.318954129205,174.33289081431744,117.61160382482714,86.5576234126772,66.01207628128869,589.0291057413922,219.4178851721574
373.1,7,6610.8849444082725,180.413260705462,124.8983418086161,86.1271025654356,66.256050644235,588.3356615938781,233.28676812243998
373.2,7,6847.088717664505,170.88556468610182,122.5292995663083,85.60314284060675,66.55624532424103,588.5612948802213,228.77410239557207
373.3,7,6574.166630188224,179.33563010935364,123.4627393244029,84.82282646091396,65.16448994014677,588.472412899663,230.55174200673946
373.4,7,6649.928575634788,177.74290605667116,123.7764079812629,86.98246310235398,63.92884238398183,588.4425392735405,231.14921452918907
373.5,7,6634.599139039492,167.89772414542608,116.65090575904529,85.81625504222842,64.46302878072228,589.1204067057163,217.59186588567331
373.6,7,6664.790070194484,197.76059102400927,138.02407449906465,85.42581391080665,63.390691031209535,587.0823220661777,258.35355867644694
373.7,7,6892.361885146823,174.1789474492968,125.71652035770774,85.72999406346129,63.33295919118803,588.2576952683911,234.84609463217794
373.8,7,6716.482292388962,173.86274579186565,122.2860807557972,85.08128028974674,65.09862729257445,588.5844496397151,228.3110072056968
373.9,7,6770.4037535193875,183.79634893244904,130.31069666253,85.33005511990865,65.36263255636673,587.8195122154661,243.6097556906759
374.0,7,6699.870527234142,189.41368245920108,132.89430663285,85.29765950089315,66.7619961764057,587.5727995137458,248.54400972508301
374.1,7,6814.126119673013,184.31167245567212,131.51994706563485,85.63300492141484,64.70027804003338,587.7040654598193,245.91869080361448
374.2,7,6759.355261383548,167.7431949975921,118.73501231371209,86.76937024442923,63.405035403524735,588.9223048234962,221.5539035300742
374.3,7,7017.326434494515,177.38597593076096,130.35256438635074,86.47510686837101,64.62020027946701,587.8155158909317,243.68968218136615
374.4,7,7258.985736992837,162.46864837286986,123.50203920111265,87.8462185308783,64.43866603920323,588.4686701710751,230.62659657849736
374.5,7,6993.906896203442,181.7124704810764,133.0862529028252,87.44722258430728,64.20865456520058,587.5544618360543,248.91076327891483
374.6,7,6906.102821762778,163.72926368465062,118.40988703325293,88.34332027837578,65.0221555708394,588.9532181009932,220.9356379801352
374.7,7,7185.58366833964,169.34109380413398,127.42452673044666,86.66852297743365,63.44221434885733,588.0948669751823,238.10266049635402
374.8,7,7066.558745309127,174.74198141343282,129.31051683984418,86.65062968422247,64.76545268036833,587.9149640905475,241.7007181890483
374.9,7,7294.439955431384,177.6933626008645,135.73497821158867,85.41482691366299,65.26410478550332,587.3012950966257,253.97409806748556
375.0,7,7179.405388996849,172.5787838635321,129.74914327992985,86.9912178769946,66.00985789827345,587.8731077982284,242.53784403543136
375.1,7,7181.140841220443,184.87903483519074,139.0303857306556,85.21238553077585,64.87784538010953,586.9860063086646,260.2798738267063
375.2,7,7258.949864752009,179.16137037004512,136.19049252164993,84.23435678811633,65.58771266329263,587.257734283002,254.84531433995812
375.3,7,7382.222825855688,178.4781196301174,137.97511019272358,87.82912087252596,64.07759464159042,587.0870076987303,258.25984602539506
375.4,7,7322.651524511676,165.23866904399355,126.7093529819596,84.49659623693509,64.19387719770707,588.1630573795917,236.73885240816503
375.5,7,7330.693125983044,185.63250229010887,142.50420398100195,86.51976982128758,65.82247218131111,586.6532725826839,266.93454834632007
375.6,7,7392.1805920106335,168.0208716603891,130.0661902600044,84.93373599474133,63.07928184354222,587.8428495371564,243.1430092568712
375.7,7,7322.952580281424,185.72338051729065,142.42342317033777,87.33857353347248,64.02375316020041,586.6610144202434,266.77971159513277
375.8,7,7513.687581366896,187.6469458753044,147.64653231564193,87.49800427917235,65.53115565752965,586.1600132259401,276.79973548119733
375.9,7,7337.863273281729,177.02378040550994,136.0284797003402,86.61282319192323,64.16720487088698,587.2732283189168,254.5354336216633
376.0,7,7496.446465754781,180.61533398409043,141.78774006874295,87.46824712821281,64.0681158100237,586.721929456726,265.56141086547996
376.1,7,7641.179955778786,151.77914155206983,121.45101199310956,85.97566831899933,64.06358370053304,588.6639351787924,226.72129642415143
376.2,7,7627.55534189511,171.974987642399,137.3660063772706,88.64158312356365,64.42106500592206,587.1452894129,257.09421174199974
376.3,7,7683.863804243918,181.04746359922567,145.6802645035262,86.8491374825487,65.36479666755527,586.3487207277931,273.0255854441384
376.4,7,7649.8758124196875,179.80781931554992,144.04280729458117,84.86569979326651,65.17754888261484,586.5057766237171,269.8844675256578
376.5,7,7794.671956627057,164.81352121779238,134.53004840776697,86.02196975346867,64.23918687343911,587.416490651588,251.6701869682413
376.6,7,7798.0684015089355,171.32199288068765,139.90356328371988,85.74697775389444,65.29434100205557,586.9024068012798,261.9518639744035
376.7,7,7778.433167716169,155.66079003554415,126.79437079817563,85.620469169721,64.51778156225545,588.154951943864,236.90096112272045
376.8,7,7849.114276328827,176.35413423268517,144.95557241307662,83.9228691801644,65.00896114007092,586.4182398332404,271.6352033351927
376.9,7,7856.324289007542,160.33793367161763,131.9119991167228,86.36559332644076,63.09514294782686,587.6666264282661,246.66747143467774
377.0,7,7766.380904351754,181.50249863890963,147.6148035510539,84.22783442894037,65.83555856859027,586.1630593004343,276.7388139913146
377.1,7,7702.586222436093,181.94566610039644,146.75972919962226,82.84909507306688,64.29053717285356,586.2451372781823,275.097254436356
377.2,7,7891.32131289888,170.43260728176514,140.84162683728863,85.45507814501784,61.29516085120568,586.8125678467982,263.7486430640354
377.3,7,7923.373439578272,177.4974454169874,147.27561679709765,84.9485990154775,65.67597419290762,586.1956204120122,276.0875917597548
377.4,7,7994.1511382960325,172.43251357818124,144.351111346921,84.8090713904805,63.994312476059214,586.4762123731457,270.475752537086
377.5,7,7819.597342144468,175.7571865815653,143.92164037934336,82.10591399100672,63.56641079523523,586.5173948673528,269.65210265294445
377.6,7,7839.337104490678,166.1521333026272,136.39984599132598,84.79480138284462,63.32870858840679,587.237711604012,255.24576791976074
377.7,7,7984.927294048731,178.6665689183084,149.3973456488985,85.59309819017749,64.3462231221268,585.9918786166417,280.16242766716687
377.8,7,7949.1345625101685,162.95358282751775,135.64768312925946,85.02561275954501,62.9905076718158,587.3096423674176,253.80715265164667
377.9,7,7790.259657337305,161.77123921365745,131.9720198527923,86.23601405408539,63.2740142536931,587.660894314779,246.78211370442
378.0,7,8017.3913668123305,173.8717466954752,145.9791125352183,87.42647535964645,63.269918594482846,586.3200475707597,273.5990485848072
378.1,7,7816.948677986033,173.39615950237638,141.940180373719,86.35848297835413,63.50228057695845,586.7073228755328,265.85354248934436
378.2,7,7913.1137528482905,176.9352026838772,146.61900729366312,86.95355500410979,63.250908333753394,586.2586428184488,274.8271436310233
378.3,7,8140.108115550089,170.6408531782824,145.4594044034713,87.03535587234926,64.59038083401346,586.369909440179,272.60181119642084
378.4,7,8192.639300417231,188.5491149533221,161.7621649293839,84.46377702697941,63.97994341289463,584.8016308940732,303.96738211853403
378.5,7,7910.15084659658,176.63838417315537,146.3182394217752,86.19483976370944,64.07309968474317,586.2875063559478,274.24987288104376
378.6,7,7999.487966378599,177.31165204723465,148.53475480092203,86.84307125347982,64.26171759101796,586.0747275384756,278.5054492304869
378.7,7,8038.747081660215,177.23133869302785,149.19611030393665,85.1062003503918,63.528947305663735,586.011208734486,279.7758253102802
378.8,7,8206.606082117076,183.04161308214873,157.30482363268973,84.66056377790615,62.572535400531315,585.2312707652857,295.3745846942877
378.9,7,7992.032063314449,180.22465002663375,150.8342702223229,86.22526087947965,65.3687005201179,585.8538135744163,282.92372851167215
379.0,7,7993.79065377956,179.45809331646876,150.22576964197555,83.78977264206779,64.46162937862175,585.9122887055722,281.75422588855554
379.1,7,8185.241663937506,181.68686003497487,155.7340735237259,84.24057504555579,65.11737502103955,585.3825200908802,292.3495981823953
379.2,7,8000.308799886812,163.9326372971965,137.34118623428,84.72402764522998,64.50942955116787,587.1476640617827,257.0467187643442
379.3,7,8101.113458513669,164.36533641524602,139.4387771939794,86.04221091276781,62.98475594164493,586.9469092456052,261.06181508789746
379.4,7,7887.563985723471,176.50694274947466,145.79186984022388,85.74125382706386,61.06728197862149,586.3380130214754,273.2397395704925
379.5,7,8005.821400514575,175.81886268833696,147.40084789697613,86.6938776764044,62.15619569429861,586.1835989593969,276.32802081206023
379.6,7,7857.44201519236,181.42100144276506,149.27853443542077,84.32477383091997,63.99174928715331,586.0032914554106,279.9341708917882
379.7,7,7906.685195137763,177.65811254881962,147.0984543947226,84.23594969480395,63.223320656422864,586.2126261033034,275.74747793393385
379.8,7,8077.370549888517,181.74199983218736,153.72833632053127,86.01022776271891,62.87496957409088,585.5755383681462,288.4892326370766
379.9,7,7982.464183936481,169.09539787071907,141.3505115360169,84.39766877067251,60.76892962769494,586.7638198537987,264.7236029240253
380.0,7,7945.330675090654,177.87901908018424,148.00122858230318,84.60592232032889,63.22093572725155,586.1259589125211,277.4808217495786
380.1,7,7891.85630019464,168.69992556567772,139.4192293113533,83.07559232791762,62.121783805113935,586.9487807694788,261.024384610422
380.2,7,7928.289266292877,180.92122448842758,150.2095771464615,85.62583650249884,62.44860198493004,585.9138445938115,281.72310812376963
380.3,7,7963.066180795682,165.18330502830474,137.74476246746383,87.09901203111373,63.99243707258133,587.1090497665158,257.8190046696841
380.4,7,8012.014956066182,180.879120207562,151.76052009333597,83.98649292794963,62.08246899253922,585.7647806938104,284.7043861237921
380.5,7,7652.420386959095,168.25855623269638,134.8356074675338,86.41939717379127,62.14713254215653,587.387282493757,252.2543501248606
380.6,7,7804.983937035747,175.94780166739028,143.80847358474364,85.09332790636255,63.23554938218548,586.528245583785,269.435088324301
380.7,7,7880.355728297996,184.97766911081496,152.64892249717502,83.01690530528079,63.891418043329885,585.6793597131043,286.4128057379128
380.8,7,7836.167463110085,180.3746464558304,148.01571226422686,84.03207381891475,62.58538003291664,586.1245682511563,277.50863497687305
380.9,7,7863.305927706348,167.32171127970975,137.77997074000518,83.92787817927825,64.42427778583095,587.1056807821161,257.8863843576778
381.0,7,7828.966538423703,174.18086611285545,142.80174044440827,84.66525162970599,61.6473195333268,586.6247556039648,267.5048879207054
381.1,7,7752.324621303123,168.4116228573719,136.7201823400675,85.51750452209161,61.44081272662482,587.2070717604757,255.85856479048516
381.2,7,7708.178255211293,167.0783946103981,134.86543607883965,87.20135699481071,61.324418643167405,587.3844310404781,252.3113791904359
381.3,7,7711.088809702438,179.77199060725,145.1664813900973,83.23340010797627,61.18031730694914,586.3980092525799,272.03981494840264
381.4,7,7818.999442495599,182.86273289656648,149.72868354937123,84.33673441032522,63.1378100039372,585.960048355586,280.7990328882818
381.5,7,7615.097227070067,182.00228219789727,145.13792320453632,83.810552783792,61.79219865013759,586.4007486633294,271.9850267334118
381.6,7,7652.7890456862315,183.09838289859883,146.73471353428275,83.33099086009179,61.32849292920388,586.2475381597402,275.04923680519596
381.7,7,7649.677306406059,178.74260023639062,143.18575200508027,84.9335173671047,63.08715313718294,586.5879463423607,268.24107315278525
381.8,7,7753.422071330139,176.8417315193232,143.58424958485014,84.786751267683,63.4999540992617,586.5497435303614,269.00512939277064
381.9,7,7549.052212784471,171.15646128594062,135.3051558544174,82.57399253165286,63.69549235809463,587.3423929343351,253.15214131329867
382.0,7,7640.564241026437,175.4823719414808,140.4066073327902,84.73750476092154,63.48853167421351,586.854233445231,262.9153310953802
382.1,7,7637.955079239057,169.19048905942083,135.32613043255097,83.2340102441053,61.66374457303294,587.3403875682668,253.19224863466275
382.2,7,7485.883472606262,172.38231089242126,135.1339211766486,84.65903640006903,62.826530857497225,587.3587640494167,252.82471901166673
382.3,7,7442.569240346516,178.7605855787524,139.32314529145816,86.13219693233911,63.01589779310924,586.9579797232392,260.8404055352162
382.4,7,7401.640083010658,177.13372543341723,137.29598515244498,85.12804495145515,62.01272720685807,587.1519885915184,256.96022816963364
382.5,7,7378.615914210452,199.2119488263158,153.92845355128904,84.74855441922125,62.62094815073578,585.5562863290127,288.8742734197456
382.6,7,7453.838287794389,168.1185683522481,131.2273223950506,83.86379779368276,61.17316821535036,587.7320064933888,245.3598701322244
382.7,7,7364.186491972765,176.4231341084919,136.05325265990388,84.54095705036578,61.7657849157127,587.270859220263,254.5828155947413
382.8,7,7333.977915389045,167.0714089705012,128.31290898864358,85.09864059634042,62.73378273541594,588.0101389976734,239.7972200465324
382.9,7,7173.984851852475,174.04039710300245,130.74922966801543,84.9413794597834,63.83816355595233,587.7776509596729,244.44698080654348
383.0,7,7158.136916659005,174.0209182687669,130.44579233409024,84.22659051521804,63.45070456103109,587.8066169719734,243.8676605605326
383.1,7,7422.795605332631,182.03838021832092,141.5008609886768,84.56741091534495,62.92878948440824,586.7494157242602,265.01168551479736
383.2,7,7171.386963581686,172.62786811628172,129.64109260550336,82.68722883590003,62.3163225533937,587.8834191884862,242.33161623027627
383.3,7,7083.821765345516,174.06498029578665,129.12420144895918,83.34608430888646,62.130112391897846,587.932741550263,241.34516899473851
383.4,7,7262.596087202797,171.99776906013238,130.8107160980515,85.03619165179865,60.72649565371074,587.7717811332282,244.5643773354368
383.5,7,7122.7407916483435,164.78524643807845,122.91194290130888,85.15704149689823,61.30737751552333,588.5248629561829,229.5027408763417
383.6,7,7120.370052250067,169.58710452255295,126.45150660856002,84.21805721039878,61.30885679842191,588.1876385647165,236.24722870566984
383.7,7,7021.993890455079,171.01385684549203,125.75358270617606,85.83929414950308,62.65534115235188,588.2541630031935,234.9167399361295
383.8,7,6974.721021481627,173.71596944913816,126.88059408710708,84.63261887406551,62.994445786020684,588.1467313478025,237.06537304394942
383.9,7,6959.030551359626,176.59959691033276,128.69659867106188,83.7013713533924,62.755037014404365,587.9735375251984,240.52924949603266
384.0,7,6814.222375020059,170.50841305815877,121.67202400568884,82.4752229578137,63.17014841918397,588.6429004076341,227.14199184731797
384.1,7,6907.99994761867,169.82468503669568,122.85186713307422,85.6228857617481,62.02881412225324,588.5305831454798,229.3883370904041
384.2,7,6915.60943419835,158.9591477831454,115.11836209264742,84.77794878700766,60.94276057244156,589.2659939737728,214.6801205245447
384.3,7,7034.808588207469,174.17339745450772,128.31065631671635,85.96839059677727,61.84495502247544,588.0103538740265,239.79292251947072
384.4,7,6839.139108471323,164.88980681608658,118.0929209063321,86.36717469282144,61.13931434954017,588.9833524135595,220.33295172880912
384.5,7,6581.633467143973,174.33215773787765,120.15443792034152,82.17886680693582,62.49134468083667,588.7873054803044,224.25389039391234
384.6,7,6767.348192941687,177.63391261106878,125.8847211151949,82.13793348194234,61.44380362600588,588.2416643748484,235.16671250303375
384.7,7,7009.9393875862825,166.39529008263486,122.1473107902594,80.19893908240051,61.673842197745905,588.5976598956383,228.04680208723425
384.8,7,6805.9405860463985,159.81471411234511,113.902572748095,84.69216961130135,62.43555862293929,589.3814383853478,212.3712322930453
384.9,7,6621.115382443647,166.1035689021917,115.16983322158745,84.33298630373699,60.97048781218159,589.2611055527982,214.77788894403602
385.0,7,6729.407490628172,167.87936210606998,118.30490620558007,83.61733480015101,62.645290855007545,588.9631990898924,220.73601820215117
385.1,7,6578.474494558042,162.42329608094667,111.8927976550092,81.9831588908236,60.303539862753944,589.5721742241295,208.55651551740948
385.2,7,6496.699228180596,159.8527522032673,108.75306286296919,83.30192794355885,61.92760221566055,589.8698966528797,202.6020669424065
385.3,7,6569.212240407986,166.8905482107372,114.8083968590441,83.5844004183545,61.50016367004282,589.2954308772023,214.09138245595386
385.4,7,6588.667876787248,165.5495303624409,114.22316428739873,84.25575097585433,62.38851555865442,589.3510013154107,212.9799736917846
385.5,7,6380.469171932547,158.7391356554138,106.06332648260705,83.59753679605608,60.15701384810804,590.1247054264043,197.50589147191477
385.6,7,6428.205270242335,148.65758615597161,100.07035285080242,84.01973744991403,59.9709169541643,590.691638965144,186.16722069711955
385.7,7,6518.1223661536915,162.47999416552574,110.90497342280005,83.02719845296478,62.22218220375925,589.6658767297322,206.6824654053562
385.8,7,6458.854388693195,152.9399926468327,103.4439692879807,84.54667473053567,61.05175813396273,590.372632015721,192.54735968557952
385.9,7,6516.363548675441,158.81449358629357,108.37373912723638,83.83948005423414,61.32253657638024,589.9058449722133,201.88310055573425
386.0,7,6345.432286408843,157.35218599154345,104.55928689474615,81.609363530538,60.72436708853509,590.2670912048977,194.6581759020455
386.1,7,6511.386271167418,142.02887906790116,96.84534195690998,84.65280389436138,62.26782656779536,590.9962669262356,180.07466147528817
386.2,7,6314.56349170997,154.7542656215059,102.33273489089962,84.40826375951869,61.625257897279866,590.477748302244,190.44503395512152
386.3,7,6567.314357532456,156.70169243618736,107.76807122599655,83.44777361855587,61.5378600115869,589.9632345749458,200.73530850108455
386.4,7,6233.2521357123505,156.4517419277147,102.12303553187654,83.17748400940836,60.09886159303639,590.4975803712404,190.0483925751928
386.5,7,6278.211730817331,151.68375589728058,99.72490927691807,84.78217363038048,61.74140880191697,590.72428412568,185.5143174863997
386.6,7,6408.168858186105,135.87161488781274,91.17826045495026,80.78288479708257,60.21924970126518,591.5307967771299,169.38406445740156
386.7,7,6513.890798055088,157.48081695369603,107.4228698667749,84.18315903009805,60.52461026629571,589.9959387867606,200.0812242647885
386.8,7,6373.738574197985,150.2277800371589,100.2704846335505,82.07288519540369,59.78966070913035,590.6727244039976,186.54551192004988
386.9,7,6386.046110438967,137.71724476597225,92.09774431053508,83.90900948218282,60.97045947275811,591.4441359481127,171.11728103774453
387.0,7,6323.741821278375,139.396949917637,92.31154505035052,82.6895359884776,62.16361734565525,591.4239816575596,171.52036684880954
387.1,7,6214.795455921531,145.28210761071603,94.55131842647738,81.00369273319053,61.298135832633754,591.2127617635083,175.7447647298352
387.2,7,6256.682556865802,147.15621110910834,96.41649423451106,81.84933521267953,60.60207335246665,591.0367509897594,179.26498020481176
387.3,7,6179.758610680873,137.698619908944,89.1106716019326,83.6210304179953,61.12565367096022,591.7255718181748,165.4885636365043
387.4,7,6165.744370409675,145.5926649118481,94.0055789465122,82.0923496454925,61.09289710057535,591.2642413679409,174.71517264118006
387.5,7,6318.391191703782,125.9477860469828,83.33465976761659,81.54831272785088,61.0282932550789,592.2690071496477,154.6198570070453
387.6,7,6167.180321478934,129.86721351010183,83.87157277948515,81.48964296647024,61.11266907852844,592.2185343630739,155.629312738522
387.7,7,6298.532072817731,121.3658387256569,80.05056926576238,82.96336419457347,59.868621954627805,592.5775402748984,148.44919450203292
387.8,7,6139.408179190308,128.1717947108967,82.40386689667862,84.24251638672122,60.98861084206227,592.356486170013,152.87027659974
387.9,7,6286.737600670493,143.63330907766655,94.56036021094165,79.52165616221919,59.10045771017565,591.2119087753549,175.76182449290172
388.0,7,6208.226176954404,146.09104079704164,94.97728084711235,85.40037979090073,61.40514360068187,591.1725744044646,176.54851191070748
388.1,7,6384.894912340876,132.00796759035987,88.26377870960273,82.23278217666697,59.700767900126806,591.805314943273,163.89370113454106
388.2,7,6279.155190857239,125.31918503865813,82.40382987404685,82.63317553528722,61.9552980604239,592.3564896490029,152.87020701994265
388.3,7,6363.430017497236,127.64743184055152,85.06129139007155,81.36190960502103,58.306835974409275,592.1066631743877,157.86673651224646
388.4,7,6172.338343075737,131.91196006606904,85.26337429515199,81.82962558375233,62.40106086838034,592.0876567309069,158.24686538186256
388.5,7,6247.988944388427,117.04692503279648,76.58238353272712,82.0131879397585,59.06217340621298,592.903015909654,141.93968180691968
388.6,7,6148.388982722769,123.35965018256302,79.42607157532352,80.4714999520076,59.47641484839828,592.6361736580493,147.27652683901397
388.7,7,6201.61209506635,136.781505115117,88.83019067499781,80.71176013626248,60.9505618938514,591.7519842136169,164.96031572766242
388.8,7,6215.660502650217,118.7787696737643,77.31339168317251,83.04814721689101,61.245577927033146,592.83444374933,143.3111250133993
388.9,7,6171.570389687714,120.20905995056577,77.68935317063423,79.71186953803328,60.31904101337739,592.7991704588551,144.01659082289711
389.0,7,6125.297799339165,124.89072946811893,80.10987024211038,82.05188924031451,61.47080407976074,592.5719719622952,148.56056075409697
389.1,7,6106.972900174666,126.11980014939586,80.65622371141075,81.02592127534953,59.75762610959925,592.5206648367187,149.58670326562697
389.2,7,6019.675293827905,119.09614919423059,75.075702223148,80.2655406372909,60.1306841314764,593.0442994093394,139.11401181321253
389.3,7,6142.465025802762,123.33790199348758,79.3355555109853,83.73250920800143,60.20470984313785,592.6446711343851,147.10657731229617
389.4,7,6303.432562584941,126.3779656570622,83.42132604033179,80.16854952413286,59.945022212984526,592.2608606316019,154.78278736796256
389.5,7,6093.0655098076295,135.17172099723064,86.2482533382597,79.90555738153336,58.5260909232474,591.9950084871559,160.0998302568803
389.6,7,6116.115945549854,119.87362048237107,76.77643637074026,80.98501102442135,60.41267753704124,592.8848143641526,142.30371271694708
389.7,7,6417.412898921511,119.78130168562345,80.49661706528472,80.23478343446813,60.299638749166355,592.5356541559624,149.28691688075105
389.8,7,6187.987889802264,130.0735578515014,84.28826076986739,81.11236888781023,61.47035864847533,592.1793573830575,156.41285233884787
389.9,7,6280.081616991671,114.8468756916323,75.52888805381542,81.23883807656291,59.08399259762427,593.0018107383369,139.96378523326143
390.0,7,6311.641421567634,108.72952877066474,71.86516738599535,81.28158967876192,59.708524403231735,593.3451285249866,133.09742950026816
390.1,7,6314.474142917323,119.06070612989377,78.72891406841225,80.79897206272648,61.52965366533595,592.7016151146873,145.96769770625315
390.2,7,6107.663018327214,124.15183374597056,79.40664077583261,80.05269385687254,60.597920399393146,592.6379978054279,147.2400438914417
390.3,7,6230.878856755683,118.4569470533904,77.29269692497364,81.61502985582455,60.832721069452944,592.8363852403008,143.2722951939843
390.4,7,6099.404798020958,114.56355925875476,73.17497333586228,80.65659041154905,60.71572793342068,593.2224361631595,135.55127673681113
390.5,7,6485.566138563316,104.41968815717108,70.91839567940882,80.1435794443193,60.699364273945825,593.433782739445,131.32434521110213
390.6,7,6101.367816244354,113.46902636223533,72.49918979764104,82.46203984127045,62.04198860857365,593.2857446810135,134.28510637972977
390.7,7,6152.69978529708,121.8329331734905,78.49808151479908,80.48823466189211,60.29217518368467,592.7232799045678,145.53440190864308
390.8,7,6152.36335762244,103.89000291159857,66.93362609621182,81.89199470513432,59.16923931217575,593.8066170740065,123.86765851987093
390.9,7,6107.589798039371,110.14896545051424,70.44965999597346,82.00166456993871,60.799582488817094,593.4776645004877,130.44670999024675
391.0,7,6376.36198813228,108.4892329986426,72.44163119444637,82.02256508617269,59.57469226321782,593.291136234479,134.1772753104192
391.1,7,6475.5973412269805,105.6638337601392,71.65307254138419,81.25470361726897,60.012024560065385,593.3649910814711,132.70017837057708
391.2,7,6197.340030021585,111.63672087257021,72.4504378818292,80.37257363592757,60.47312091599374,593.290311312511,134.19377374978012
391.3,7,6113.60632970978,112.36588309482683,71.93836404391102,80.24457210904724,59.262826841424314,593.3382733891879,133.23453221624163
391.4,7,6022.455435950896,111.66264391912259,70.42228616959348,79.976640715008,59.55539257298854,593.4802269609578,130.39546078084413
391.5,7,6207.064815057164,101.17454066042409,65.76368488392747,77.61755287078309,60.523309005861336,593.9159926248713,121.68014750257612
391.6,7,6194.836573107386,95.87953330942634,62.19914045383576,81.02872443331691,59.48085752616539,594.2489843826633,115.02031234673495
391.7,7,6156.96907065721,108.63780790920703,70.04491034613764,80.40793497806418,60.98520079383951,593.5155507846391,129.6889843072188
391.8,7,6233.110005724801,102.67037722008348,67.0160100077795,81.05372254652173,59.008243717933354,593.798913626181,124.02172747637906
391.9,7,6242.1167841051365,118.50235234506076,77.46178117990151,79.87131143633803,58.98773754446251,592.8205221239257,143.58955752148518
392.0,7,6226.99680201604,118.26029232167022,77.11630437886397,80.75823174025544,61.86645503836653,592.8529330888522,142.94133822295635
392.1,7,6157.2081356852905,118.45087338040668,76.37491146345339,78.25627531758354,58.413588478604815,592.922474885791,141.55050228418077
392.2,7,6072.705816980672,97.39589591828587,61.93719279703368,78.45512691833285,59.90079445328563,594.2734400835802,114.53119832839434
392.3,7,6229.895263085499,107.43672257007424,70.09097717585753,76.83587879244142,61.76297299434308,593.5112389805881,129.77522038823736
392.4,7,6156.251395161625,109.03663129032937,70.29385960460274,79.59533152917778,59.86715972276209,593.4922486569707,130.15502686058653
392.5,7,6226.9985661885485,107.75213044870678,70.2640614205787,78.77887406915308,61.22706944883789,593.4950379215696,130.09924156860734
392.6,7,6204.306075133179,99.48190458737184,64.63472774880267,78.57134264671916,60.51760853305158,594.0214980787687,119.57003842462655
392.7,7,5979.911293236072,110.45171078888723,69.16650109136587,80.00662732336222,59.843055616069925,593.5977567986133,128.04486402773364
392.8,7,5963.527585801942,101.05203356349824,63.106908907980696,79.04423238224048,59.705026644624986,594.1642184607747,116.71563078450504
392.9,7,6011.858803249661,101.513332602283,63.908772419745155,77.78508683055519,57.702061071328,594.0893214449075,118.2135711018509
393.0,7,5966.190726918589,89.43679196131116,55.878142862835354,82.50863515542777,59.48826714600264,594.8385530594226,103.22893881154982
393.1,7,6120.219336812383,104.31758215297046,66.85795940516154,79.36079070892396,60.02589290839348,593.8136922387539,123.7261552249231
393.2,7,6062.8040531936,97.60190364394883,61.96699533970024,78.05587110278427,60.01192968802843,594.2706577902054,114.58684419589076
393.3,7,6113.828733454229,102.31712744061689,65.50737932047267,78.50250784565387,62.23301616065967,593.9399487036937,121.20102592612625
393.4,7,6026.060844409569,100.3670489376674,63.33638695333069,79.04936820057989,60.035305781812255,594.1427863110499,117.14427377900165
393.5,7,5986.212358032276,99.6644125045023,62.477097914786604,78.99786509756485,60.371984440327225,594.2230317671689,115.53936465662218
393.6,7,6057.366400541195,97.77380983848072,62.02046247751514,80.72197436423166,60.894596154236105,594.2656661614726,114.68667677054896
393.7,7,5964.022316667987,103.31559637757563,64.52585454204689,79.01548011674903,60.25823196760902,594.0316707037026,119.36658592594767
393.8,7,5900.879727850381,96.15266955226298,59.416453710356905,81.28867187398137,59.62008436578644,594.5086750610992,109.82649877801578
393.9,7,6009.073600648761,87.1142411468362,54.81826666794665,78.49535301401158,59.61365523737878,594.937293887933,101.25412224133925
394.0,7,5852.4061171310495,101.05944588612415,61.93554823661493,79.47804003293287,59.33320487819842,594.2735936150016,114.52812769996854
394.1,7,5784.604018847981,91.21050024072575,55.2518838983419,80.14497227189138,60.11739598364396,594.8969009728448,102.06198054310448
394.2,7,5705.002495470418,87.42133755639514,52.227820599182444,80.30528630782865,59.49249981972523,595.1784875757673,96.43024848465302
394.3,7,5821.498828053806,89.37412789834934,54.484785990190474,80.39809116405294,60.277703646134256,594.9683549808342,100.63290038331616
394.4,7,5841.394445448648,98.37300713946732,60.17569276864712,78.45041001501922,58.63393889132632,594.4378427690128,111.24314461974336
394.5,7,5687.292409442668,95.59522488524301,56.93382669604866,78.72346038897237,59.78044690549018,594.7401699191228,105.19660161754473
394.6,7,5783.648534971836,81.24469536337153,49.206845667085155,75.70821274452427,61.17655234714612,595.4595186504391,90.80962699121869
394.7,7,5438.6342765114905,93.41204517736357,53.20119091403409,78.40203412933407,59.39106343967218,595.0878812186058,98.24237562788312
394.8,7,5586.015236755652,104.22803054940137,60.96986951156342,79.90073664300739,61.45020677269262,594.3637327689917,112.72534462016779
394.9,7,5552.099536478954,92.85178597542026,53.98537507541876,79.62168500775135,59.76271202931824,595.0148650496305,99.70269900738913
395.0,7,5450.617702004561,94.84166412600685,54.134422231370436,78.3962154547879,59.5346859489978,595.0009850764545,99.98029847090947
395.1,7,5709.093174001879,103.31179573324397,61.76545701903228,80.49376025276408,59.700285185943834,594.2894724083463,114.21055183307317
395.2,7,5438.4765675968865,101.61183678200977,57.869560169254164,77.94905861192059,59.26503579078459,594.6529379403066,106.94124119386856
395.3,7,5367.388339793403,103.24989439229421,58.03383257430652,77.50585323369273,57.589015914362484,594.637621291872,107.24757416255898
395.4,7,5369.192969843351,76.76560130070554,43.16227097342505,77.75907194283339,60.4431811486673,596.0210239996677,79.57952000664704
395.5,7,5136.336834679989,108.40551777600174,58.308719291440845,76.92984679512153,61.749475833823674,594.6119892583396,107.76021483320847
395.6,7,5213.597179119542,100.84448353196437,55.057721808494044,78.97991629182751,60.031271078482156,594.9149885137796,101.70022972440847
395.7,7,5337.706255100147,113.76016613551658,63.58775695415397,78.53576128466968,60.086565316808574,594.1193077652692,117.61384469461404
395.8,7,5142.427428346124,91.21488823975015,49.12047070243795,78.8784074972255,59.35737823915023,595.4675498905549,90.64900218890102
395.9,7,5080.710604012829,84.52938467556483,44.97392422844281,77.60634875596915,60.692811193339594,595.8528439311907,82.9431213761859
396.0,7,5240.566793957621,97.12728583858285,53.30256782735845,77.99138616333053,59.4911267890895,595.0784429300338,98.43114139932254
396.1,7,5199.660673476514,95.37301677470695,51.93129359774529,75.40477315708122,59.79332046906547,595.206084320605,95.8783135879014
396.2,7,5077.127697591824,102.12056519576218,54.29500962779483,78.42847508726139,57.95691198833079,594.9860296908288,100.27940618342427
396.3,7,4939.993854126827,105.33389664705693,54.49079912933697,78.0540744778067,58.989141227649384,594.9677949333429,100.6441013331414
396.4,7,4915.273671485365,97.482745831591,50.17692871085353,76.57362790481629,59.88251784510086,595.3693042531806,92.61391493638598
396.5,7,4816.038155625803,96.7129001471668,48.77563630776335,77.7278090062469,60.419385351356404,595.4996108002342,90.00778399531441
396.6,7,4751.992774033839,102.38029177564796,50.94725065502639,77.50346088877234,60.444449927587385,595.2976473212411,94.04705357517855
396.7,7,4701.0352762624325,97.26937474606572,47.88486333903573,79.88988588338924,57.92799377973352,595.5824141467151,88.35171706569668
396.8,7,4695.033682798789,97.04491093267819,47.71337045540316,76.4595446182961,58.02738762641734,595.598352902573,88.03294194853947
396.9,7,4608.720886044814,107.06417193668655,51.67175204299673,78.09115208802179,60.08762562647788,595.2302368404874,95.39526319025185
397.0,7,4511.556059162795,109.02007112207616,51.50642856640331,76.34542494499168,58.755329862425896,595.2456205473595,95.08758905280843
397.1,7,4633.900132083403,108.20435343477655,52.507340533756825,76.94617201870236,60.39570933080423,595.1524712574062,96.95057485187476
397.2,7,4588.194835936943,99.8711006698539,47.98553110685597,77.90944721478725,57.87025585135763,595.5730575623668,88.53884875266544
397.3,7,4680.280141193119,86.51903355385765,42.40451754233131,77.28564854161222,59.40165038968732,596.0913397141464,78.17320571707228
397.4,7,4407.997310371254,100.92524759197889,46.58753824955818,77.49449426997693,59.46578876634946,595.7029677753052,85.94064449389634
397.5,7,4452.4346812717295,97.13779072515659,45.29125935232804,77.86373262394562,59.98078691176903,595.8233751182547,83.5324976349068
397.6,7,4406.902587738598,102.03188853649485,47.08667173511461,76.8352091163977,58.469782998528274,595.6565917315803,86.86816536839387
397.7,7,4306.08723516967,98.75350271385634,44.531154065266,78.45217470128672,57.53513099365499,595.8939561618608,82.12087676278202
397.8,7,4354.080514957931,103.83149323726967,47.34282546310306,76.98858117100781,59.67444865282465,595.6327888676689,87.34422264662271
397.9,7,4310.3855432220325,97.24111541501344,43.8929395833725,77.20244801053825,60.031215635657674,595.9532057993149,80.93588401370312
398.0,7,4221.4582918191045,96.10370239253693,42.48457126726317,77.71784940211845,60.514178256616404,596.0839119192449,78.32176161510347
398.1,7,4119.971757350617,114.19300606524949,49.26770842885971,77.5218448932455,59.150437817992355,595.4538594321614,90.9228113567724
398.2,7,4064.5252267098485,99.42420721688842,42.31853045508173,77.98809823119264,60.28726528779517,596.0993178292574,78.01364341485282
398.3,7,3923.1583015378064,106.80341023028635,43.87827749670366,77.56137713860844,60.00027931060091,595.9545668376301,80.90866324739864
398.4,7,3931.549356748044,114.08302309598196,46.969222502659456,77.71027057998846,60.84015989547104,595.6675049593122,86.64990081375663
398.5,7,3904.490188214873,114.41233788933698,46.78060281186761,76.72382317571697,59.46594322054779,595.6850304092839,86.29939181432178
398.6,7,3812.7654870478837,114.19679301997601,45.595566883808516,75.79900739566817,57.795334797240656,595.7951133340748,84.0977333185026
398.7,7,3917.82913830511,111.3828120075455,45.697483838915275,75.33605825481813,59.461803606461714,595.7856474537263,84.28705092547489
398.8,7,3946.7795688797773,114.9692830006951,47.517470332239114,75.01249823270825,59.62246896141614,595.6165590452354,87.66881909529388
398.9,7,3704.5050733273843,120.15938268284651,46.614013793618604,79.10118468531957,60.057092641550916,595.7005080328745,85.9898393425101
399.0,7,3776.0131787409064,114.17678428171875,45.14814659836372,74.29958693505232,58.011420937169916,595.8366654160459,83.26669167908108
399.1,7,3609.8407597359464,99.00177923943781,37.42481498868188,78.35682922012974,59.237587540443464,596.5530163126626,68.9396737467473
399.2,7,3638.8233005982884,108.82909003932242,41.470052277854926,75.90921114077452,60.42358851961664,596.1780304124851,76.439391750298
399.3,7,3562.6673102907625,118.07543919133073,44.05177947801151,78.28832629517096,59.45757498738867,595.9384607585725,81.23078482854794
399.4,7,3646.6670374909268,109.48793954314804,41.81104404490733,74.19234576295096,59.262423772080325,596.1463994169817,77.07201166036612
399.5,7,3487.0523425300744,125.8991847453254,45.973757664496695,76.52453447801294,61.48130377559578,595.7599860682536,84.80027863492751
399.6,7,3610.537261800385,114.8004100644204,43.405412586759184,78.52318965612024,58.512113176273104,595.9984581387338,80.03083722532438
399.7,7,3454.8492137486614,116.52635850650866,42.15818353342604,77.60638801123638,60.82273203709404,596.1141946772768,77.71610645446344
399.8,7,3381.141868642831,124.49181796266733,44.07911035620974,76.31846014636851,60.61860618763256,595.9359235705407,81.28152858918611
399.9,7,3289.376269210632,116.02901401911596,39.96766482605331,74.3647171031461,59.380287422364916,596.3173543012743,73.65291397451301
400.0,7,3399.030000684961,119.2339392500973,42.44079477285668,75.08288675449668,59.58097818272327,596.0879737498528,78.24052500294215
400.1,7,3427.5291752246326,124.98490108771276,44.86083253404936,78.3109074602703,59.58614135149401,595.8633452990346,82.73309401930874
400.2,7,3336.9511686896412,109.07549711880898,38.11585537495716,76.20057715827622,59.81359472875637,596.4889917554194,70.22016489161047
400.3,7,3493.19154781365,118.07329575629453,43.19193932923602,76.50729381557892,59.046467050174584,596.018270585401,79.63458829198089
400.4,7,3386.8826587698773,126.5614042060684,44.8879790607151,76.9092242294871,59.222535137029254,595.8608245850345,82.78350829931014
400.5,7,3193.438622470892,121.90075926928326,40.76557778607455,74.9815606833531,59.30544624808374,596.2433680079222,75.13263984155628
400.6,7,3165.1082356420993,132.39372560542844,43.881815535687316,77.01018941461115,59.34767185835172,595.9542384124662,80.9152317506755
400.7,7,3213.6892325118683,111.7676878034154,37.61393434794664,75.99486756618623,59.370822343435705,596.5354958694699,69.2900826106029
400.8,7,3064.2958461529965,111.64116514200391,35.82479144309867,76.82830808036054,57.451671871658974,596.7012046921343,65.97590615731292
400.9,7,3230.6477398291886,129.52560994922192,43.82015107450341,75.76015835012024,59.80137170971061,595.9599624805876,80.80075038824816
401.0,7,3131.257097655488,130.85902438077827,42.90925988267869,74.5445334397136,59.18778744603903,596.0445040160255,79.10991967948917
401.1,7,3099.442621764682,124.0994841975737,40.27932604423137,75.89837983340567,57.86028212263575,596.2884577862424,74.23084427515278
401.2,7,3119.6384444525556,128.9015009593829,42.1105444091614,77.1596173825871,59.38918425787441,596.1186144498054,77.62771100389386
401.3,7,3198.4742060423005,131.95370243738512,44.19702643627257,76.84351918284246,59.37072260727621,595.924976901327,81.50046197345887
401.4,7,3032.604493357572,121.67010197346922,38.639212286248934,76.38823461136042,61.039670809113694,596.4404937890545,71.1901242189117
401.5,7,2988.3145498661524,123.03985236892491,38.50354607324846,77.4098560911264,59.23824250683474,596.453066345123,70.93867309753932
401.6,7,3126.2014098323134,129.9266640846283,42.53474764333371,76.06927723748746,60.45860738419485,596.0792562029008,78.41487594198384
401.7,7,3059.73703171526,135.52753386576413,43.42504293093062,76.36312773204713,61.187271039187536,595.9966361804956,80.06727639008886
401.8,7,2923.395722246979,121.6264910050321,37.234403637165215,75.70239789318012,59.19032775470341,596.5706554032438,68.58689193512305
401.9,7,2941.5666032472773,128.98020088920157,39.731078411718364,77.40909952205622,59.785130749833094,596.3392881709103,73.21423658179356
402.0,7,2947.9281627955975,129.22161912850333,39.891529900625464,76.59455167579036,61.57584373797717,596.3244129290866,73.51174141826732
402.1,7,2953.1306252775157,134.40966891566495,41.566340101992765,75.56044862521057,60.09094303627148,596.169098927,76.61802145999786
402.2,7,2780.3598673440256,131.96243918440928,38.42199963311958,74.42656681650631,60.25082093130533,596.4606232184291,70.78753563141845
402.3,7,2754.2534076468282,128.72767595050038,37.12824677400559,77.52448510149328,59.48520900709504,596.5804889755709,68.39022048858283
402.4,7,2809.099636018896,141.79999679573288,41.71305350287693,75.29130910459014,60.595191549146435,596.1554895377737,76.89020924452507
402.5,7,2795.407393116799,129.78154681475831,37.99152033946302,76.25684809154211,59.88446011925724,596.5005123562219,69.98975287556391
402.6,7,2820.5761784119973,131.99263526212098,38.98667084138256,78.98020381413032,58.10824428545466,596.4082914300736,71.83417139852736
402.7,7,2937.725898947989,123.36196008043267,37.95081887215035,77.10614005053179,59.601639874515016,596.5042835640994,69.9143287180118
402.8,7,2858.0555658943053,129.95591020314612,38.89513841683461,78.06548499222659,58.79049768604021,596.4167749682725,71.66450063454931
402.9,7,2890.4013852263433,138.99594280663842,42.071587371012235,75.47466641525688,60.10299854813816,596.1222286831471,77.55542633705772
403.0,7,2754.0164748178668,138.04258757073285,39.81147270815805,77.39443367251522,59.091274761119884,596.3318350171082,73.3632996578342
403.1,7,2825.9674283609193,140.3923915645008,41.546968637756265,76.13064691843365,60.50387186158084,596.1708958108443,76.58208378311315
403.2,7,2926.0019111959195,140.43209036266398,43.02982540281919,76.52778405127886,60.08840768465073,596.0333154882503,79.33369023499267
403.3,7,2927.985656844401,151.5503228481529,46.46804794634602,78.50403201580127,58.81380549505375,595.7140689118436,85.71862176312834
403.4,7,2804.7188503465813,132.04373516883652,38.782495630099255,75.73564482566783,59.587713992450674,596.427214753804,71.45570492391926
403.5,7,2891.805510031856,126.26617732810057,38.23708103086605,76.08466364143615,60.71951777175163,596.4777588316206,70.4448233675896
403.6,7,3089.007881070284,130.55232418175183,42.231085261425996,74.9697807533755,61.265914369624575,596.1074310109789,77.85137978042144
403.7,7,2882.859301684717,133.2650389142264,40.231691788279036,77.11242306473248,59.23472758799606,596.2928745079107,74.14250984178693
403.8,7,2823.803659531513,131.63479413322318,38.925465354061586,75.36667421548366,59.05919492304723,596.4139641908918,71.72071618216478
403.9,7,2878.952477417973,139.35500285050688,42.013191977477206,77.26038867098067,62.127363933341336,596.1276462243611,77.4470755127777
404.0,7,2910.6641723430525,147.6918276973925,45.01706566311842,74.04749463306482,60.18660943282553,595.8488378440497,83.02324311900634
404.1,7,2894.6027623767345,149.9040745956822,45.43923675744193,76.68055586318492,60.308097319102586,595.8096324322469,83.80735135506256
404.2,7,2913.6147408091692,142.83898905775607,43.582035635200526,75.24510373647682,59.49773873056802,595.9820647563067,80.35870487386546
404.3,7,2787.6325895827044,154.45907427083057,45.089724184221595,76.89004878107396,60.47309956531835,595.8420906957639,83.15818608472227
404.4,7,2841.9767280671917,137.1157081200662,40.80715768330263,75.99359535043357,61.993970438223535,596.2395120150913,75.20975969817414
404.5,7,2928.368910978431,128.30151019907606,39.344694170303036,75.36444562838518,60.5544790268579,596.3751062707803,72.49787458439414
404.6,7,2936.4090960633157,147.19876990413573,45.263627849986015,75.54051430925452,61.38655724577482,595.8259411896969,83.48117620606217
404.7,7,2908.261761748744,127.03220247902432,38.68796970249255,74.98200123810098,60.37229697857297,596.4359751767386,71.28049646522982
404.8,7,2955.5214652497048,134.67156686652334,41.6810498101634,77.0064418890108,59.33946556183369,596.1584583090832,76.83083381833512
404.9,7,2988.731195133422,143.62992995500565,44.95318041148267,74.74190933386194,59.70422181092316,595.8547701699874,82.90459660025022
405.0,7,3078.296129832935,139.28332963965855,44.899153643466,75.67950563352065,59.29207769665367,595.8597869533359,82.80426093328288
405.1,7,2995.4747725723464,138.65247498794554,43.49325494939224,76.41456164881541,60.65031705251309,595.9903051065462,80.19389786907482
405.2,7,3054.104599621026,131.69105779568193,42.11810385624478,77.937290013164,61.67929658087664,596.1179131181311,77.64173763737631
405.3,7,2976.180494717766,139.8267464952344,43.5790879288702,75.99130887710116,60.63952026025431,595.9823383570257,80.35323285948607
405.4,7,3093.5382306960923,146.85216085008307,47.57342803020967,75.71337314565957,60.194050709583436,595.611358683924,87.7728263215215
405.5,7,3086.5152654242625,139.86891890884516,45.20830927227028,76.33521416436636,59.73573510761716,595.8310784266287,83.37843146742784
405.6,7,3144.7418968898064,133.7987383585437,44.06214578206798,73.52170929904932,60.90457959433914,595.9374984333808,81.25003133238465
405.7,7,3141.9348977621326,130.73739953847115,43.01556605496252,74.57505277304885,59.33497448476037,596.0346387833988,79.30722433202277
405.8,7,3141.713616437188,133.64166746414082,43.96803917813122,75.56709590509834,59.46318957093325,595.9462344270175,81.07531145964799
405.9,7,3087.9850544336523,141.8727973517933,45.877837590428506,75.16662719610541,61.5218466820011,595.7688957494239,84.6220850115219
406.0,7,3132.0415300331,141.32845919501136,46.353843930856506,74.10639057606653,60.36854709576445,595.7246785412144,85.50642917571167
406.1,7,3221.0936843664585,133.0958272128232,44.89483854770134,77.06247055339912,60.37362998988377,595.8601876380923,82.79624723815459
406.2,7,3069.2162024021136,122.97976673566717,39.526627878050824,76.3511345688964,60.52702075261244,596.3582414231934,72.83517153613275
406.3,7,3082.347621524034,141.13069111075274,45.554543852914534,76.21457909438179,61.447158241109925,595.7989234006857,84.02153198628753
406.4,7,3169.9115356449793,131.62224336142572,43.692314281220796,75.2208489537998,60.91218530873274,595.9718287120274,80.56342575945109
406.5,7,3202.4692786635064,142.42558088525107,47.76409897800691,76.15682985462071,60.029188926393935,595.5936382218879,88.12723556224114
406.6,7,3094.7504630602634,131.9859794660707,42.77421560973652,76.68735916597676,60.090955348486716,596.0570356757147,78.85928648570598
406.7,7,3175.6104485522073,130.02102141839816,43.23837996340576,75.76114669546986,60.62890059022725,596.0139605443896,79.72078911220592
406.8,7,3183.074505485785,137.6474177118614,45.882121488324046,76.622050433445,61.152378770443555,595.7684978388137,84.63004322372626
406.9,7,2990.434285274544,152.69966724422503,47.81905307767536,75.14337154870125,60.84097763458223,595.5885307335632,88.2293853287365
407.0,7,3188.4679409258424,141.04158381406486,47.093161711068404,76.22624437191863,60.778503978669704,595.655988679832,86.88022640335817
407.1,7,3202.3627538860005,136.33694536670606,45.72068234672411,77.49141412981758,60.975959440352014,595.7834927718818,84.33014456236378
407.2,7,3209.5681693145943,137.46325209573416,46.202112838995156,77.61052912992544,60.92030539638232,595.7387738722871,85.22452255425719
407.3,7,3366.281023482631,122.24463250147087,43.09320408338449,77.7374351663914,60.203170077997804,596.0274337521439,79.45132495712073
407.4,7,3122.703580555999,126.18092720800328,41.26226781855791,76.49976629287634,62.11779336749023,596.1973032077635,76.05393584473063
407.5,7,3165.7409366246734,115.97984713077409,38.449130425203045,76.20830761438395,60.55578378842154,596.4581090410543,70.83781917891429
407.6,7,3001.2172811919945,145.16915359246744,45.62473984928491,75.6456404666204,61.19482889709007,595.7924038276291,84.15192344741854
407.7,7,3208.3859056765837,143.24056324121062,48.12616302246226,74.02954986379439,59.0329435003692,595.559986006963,88.80027986074083
407.8,7,3220.5679026541698,134.77305745797548,45.45316810561411,74.59952287665908,60.90592912118859,595.8083385927621,83.83322814475719
407.9,7,3213.1553463477603,132.42976090195506,44.56007732581919,76.0271323910603,60.04949012022313,595.8912707448075,82.17458510385086
408.0,7,3369.6354239199436,120.07014553295134,42.3688396438354,76.11477127957012,60.19818153200618,596.094650032403,78.10699935193838
408.1,7,3348.308633189454,128.83073459099188,45.172443539510326,77.95582558451987,63.6276583263061,595.8344091002925,83.31181799415049
408.2,7,3275.4200566896084,142.33493263836527,48.821050739852545,77.85587710406335,61.4834093171456,595.4953886012834,90.09222797433267
408.3,7,3233.6093505868935,130.11882313387812,44.061197534837625,75.47181278544498,62.488455475690266,595.9375864612392,81.24827077521559
408.4,7,3366.411791003882,124.6460555667546,43.941451331462034,77.29558091064736,62.146422475223865,595.9487025520257,81.02594895948641
408.5,7,3266.4588866192785,115.68129637424474,39.57026522042641,75.7596152300253,62.30317993559918,596.3541961964994,72.91607607001197
408.6,7,3189.313585141041,137.02928450854708,45.76560741743422,77.1702571821633,61.14981296090623,595.7793200780867,84.41359843826604
408.7,7,3102.0171854935597,126.24666698677169,41.01028040100196,77.33786834967812,62.984360436082085,596.2206743123356,75.58651375328736
408.8,7,3220.444350905413,113.80160318552304,38.37892422974535,77.88119561663478,62.25384256892135,596.4646149196637,70.70770160672396
408.9,7,3330.6659315447296,118.98237447089578,41.499448420701746,75.82005484584084,61.47780691106129,596.1753037076776,76.49392584644715
409.0,7,3471.150624443974,115.85560775474195,42.113286732896476,77.6494371364041,61.729194900465274,596.1183600294722,77.63279941055544
409.1,7,3255.9398132637516,123.2155996528791,42.01174117196969,74.20644261141915,61.35871957643353,596.127780819309,77.44438361382095
409.2,7,3171.893432470082,124.9225503049166,41.49426225599442,78.03132355551652,61.57734805465995,596.1757847637782,76.48430472443579
409.3,7,3125.8608022116196,119.27663186077417,39.043938452914006,76.46838607560682,61.51127191940285,596.4029835484678,71.9403290306434
409.4,7,3284.0219712173075,127.5617150962943,43.86872596436972,76.5169676012201,61.96627371428613,595.9554534748737,80.89093050252586
409.5,7,3056.4351317448186,121.9931739141922,39.04625008191991,74.10004357222962,63.35468168158411,596.4027692918044,71.94461416391391
409.6,7,3268.1892582411742,128.19351783531948,43.87345960131793,76.10258303914708,60.43955864259619,595.9550140673003,80.8997186539932
409.7,7,3284.7806650137745,117.57002434644235,40.44190473089351,78.2200580192113,62.81728618774944,596.2733827438408,74.53234512318431
409.8,7,3239.1098846206896,140.69867057372284,47.7248193651971,76.10642432973731,61.3369460832821,595.5972888538331,88.05422292333901
409.9,7,3166.750882230459,114.7396156354013,38.050109323381506,77.5000862575693,63.00518001891853,596.4950836903733,70.09832619253416
410.0,7,3230.6515858066437,111.67669005770891,37.781680839182464,76.71133913433474,61.43249164549001,596.5199545905377,69.60090818924414
410.1,7,3182.012348836572,110.12485944961074,36.69575654547563,77.97149283249992,62.20919132117402,596.6205482436416,67.5890351271687
410.2,7,3080.090771819523,115.14202348447508,37.138639564421865,76.95297985744241,61.668171185508676,596.5795262801332,68.40947439733554
410.3,7,3317.511650531124,103.89286447093215,36.093316947787166,75.63236269774795,60.127074900937544,596.6763400022903,66.47319995419366
410.4,7,3095.5171095380606,117.30460876838013,38.02567238523512,76.84610118830865,63.62736592967076,596.4973479501471,70.05304099705768
410.5,7,3189.3464546195846,101.22131538216127,33.80666214051406,78.72810744471433,60.976424538948315,596.8880110263474,62.23977947305343
410.6,7,2872.1503421492703,115.00930754751452,34.591450696383845,77.43256789009295,62.03391380638096,596.815381745721,63.69236508558174
410.7,7,3209.024965095709,103.74208648060167,34.86235268390287,76.72486155987478,60.92852226210835,596.7903066413542,64.19386717291559
410.8,7,3212.735761004795,109.85976863071248,36.96088022975729,79.60114653729146,60.67491242018911,596.5959918895709,68.08016220858235
410.9,7,3061.1115834168736,116.09397846106363,37.21495285539849,78.31541986443068,61.83799777950282,596.5724572015791,68.55085596841718
411.0,7,3096.096814580127,127.32988991088568,41.283215263412345,77.9349957266034,61.48050002667777,596.1953603097849,76.0927938043028
411.1,7,3080.5025781328923,103.00176210913536,33.22728442750035,77.36672358233768,60.936316651460345,596.941618894112,61.16762211776063
411.2,7,2950.535962364504,108.8490376949524,33.632110733153965,77.89367901158035,62.10086274382015,596.9041626987548,61.91674602490366
411.3,7,3047.4942093013083,104.19643568260598,33.25250520067446,77.96450342594096,60.6855922055426,596.939285502421,61.21428995158226
411.4,7,2902.4098832030986,102.54376332764303,31.167115763739723,74.46215429870823,62.32421275963743,597.1321610191035,57.35677961793044
411.5,7,2904.940418940966,103.00739569594319,31.33532868388687,77.58819364811048,62.10268521147575,597.116607822152,57.66784355696018
411.6,7,3053.2409221733988,113.1698844992207,36.18433247060668,76.95446675491827,59.78090867244562,596.6679117536178,66.64176492764341
411.7,7,3022.0859959527575,103.38469780387928,32.71837298496717,76.58128832906289,61.76953365490282,596.9886987725765,60.22602454846947
411.8,7,2845.6405709458486,121.956999398358,36.34254966227086,76.98049998568813,62.792405158155766,596.6532599044938,66.9348019101244
411.9,7,2826.2876259318314,108.54602047851637,32.12616466305619,75.38242622766106,61.29182015386425,597.0434751301812,59.13049739637813
412.0,7,2817.893573960661,97.99864982134709,28.91833582876817,75.1187437525684,62.898544984892084,597.3400081539125,53.19983692174901
412.1,7,2932.129344273044,101.94910854461884,31.303664108582428,78.81531746533953,62.85083117083805,597.119535634351,57.60928731297895
412.2,7,2750.92787496338,98.36374329524898,28.336282247964736,77.90974624654365,61.43183868000027,597.393781735508,52.124365289839716
412.3,7,2863.345785015149,109.05161953350665,32.699004826599364,74.49558430685346,62.4686914809772,596.9904903917866,60.19019216426841
412.4,7,2884.1134842571505,91.46850607361222,27.62565277865125,76.73597515215388,63.33738063140049,597.4594207453918,50.81158509216493
412.5,7,2788.6975702586583,93.05699115084528,27.175593803591454,78.5211281741431,61.66738172270843,597.5009840408889,49.98031918222409
412.6,7,2877.2073310604483,97.82186736548486,29.47377237701059,77.16566604896842,62.36940299710667,597.2886845429996,54.2263091400082
412.7,7,2736.8043620994385,106.27818402009822,30.459059996466138,79.033290075206,63.756854026174246,597.1976199011685,56.04760197662927
412.8,7,2730.1917679669314,109.68013058269197,31.358099200800392,78.83696662948853,61.780372505412934,597.1145023664101,57.70995267179728
412.9,7,2642.8349013162137,110.28038506314482,30.520871141190042,75.98756670041382,63.12853738419699,597.1919061114827,56.16187777034497
413.0,7,2817.8805141147336,103.91023676338389,30.66263873684429,77.4823580495871,61.62154394399848,597.178800774624,56.423984507517844
413.1,7,2634.4535246768396,99.22400061145342,27.37385060800453,77.1557333636113,62.571107090131065,597.4826755868071,50.34648826385933
413.2,7,2727.012938559905,104.98716632515365,29.98140840925957,76.06581102682695,63.210104199954976,597.24177005869,55.16459882620097
413.3,7,2674.04655728513,91.05217108389124,25.49692979371608,76.02758237155392,60.39013030519013,597.6559587704471,46.880824591058854
413.4,7,2568.406934579443,85.80865248492152,23.07934789914514,76.84565419576647,62.29158131128297,597.8790089307829,42.41982138434196
413.5,7,2598.755914429997,101.45431951166131,27.609888384382682,77.08428755333566,63.28644787777353,597.4608766975806,50.78246604838796
413.6,7,2776.8288304575044,91.05405592570555,26.477502856927664,78.23413683130049,63.1141324561828,597.5654417951088,48.69116409782464
413.7,7,2654.1200624315697,97.35225110979408,27.05796814242316,79.18852089959242,62.397039778551644,597.5118459048531,49.76308190293935
413.8,7,2529.3060421732794,98.38230642156815,26.058355172725907,78.59337837266298,61.84591997988397,597.6041368046768,47.91726390646318
413.9,7,2645.1342263835877,99.03745999725516,27.433159373250533,78.9193223135089,63.610001287316344,597.4771983714387,50.45603257122593
414.0,7,2593.9728882783693,103.64129741118198,28.153143342352095,77.74113235277319,62.69011128136402,597.410699189149,51.786016217020006
414.1,7,2928.5187983934875,102.69806523314932,31.494802983725627,78.82719437422207,63.588790630902245,597.1018618581437,57.962762837125865
414.2,7,2620.837808659104,98.05617092534396,26.911858672745986,77.96838218366952,63.45453238048207,597.5253374866625,49.49325026675069
414.3,7,2551.824242014822,93.43572427406171,24.968493138485616,77.65981625083602,62.65769379560682,597.7047274945608,45.90545010878486
414.4,7,2718.01350729787,97.14401510470313,27.650072740255872,80.50956339245802,64.20841030302199,597.4571653768855,50.85669246228804
414.5,7,2404.261969928095,92.09738359018252,23.187701304791304,75.48023367706787,62.57223770088327,597.86901563902,42.61968721960102
414.6,7,2585.1190387466036,94.79847411703827,25.663182422865237,76.07290086833619,64.38756294504863,597.6406138814236,47.18772237152734
414.7,7,2763.6013022270963,114.42485074379515,33.114969641052525,78.82446072747693,64.54891871556717,596.9520098830255,60.95980233948808
414.8,7,2562.061144215927,97.3187398807628,26.110463720521864,78.09188613489542,64.30817828122201,597.5993265050092,48.01346989981653
414.9,7,2408.425850600758,99.16257079121675,25.00976870567541,76.73041170104783,63.10785674486054,597.7009185143767,45.981629712466656
415.0,7,2536.50747746084,91.06163545678747,24.188013973337984,77.23446685860348,65.86576487518269,597.7767422805603,44.46515438879601
415.1,7,2714.389506814198,103.15136958696299,29.320797894696746,77.43619427569016,63.50070824437568,597.302820620059,53.94358759881811
415.2,7,2615.105911400306,101.36531893322199,27.759222093423514,79.66203547404851,63.620005231124736,597.4470843979561,51.05831204087622
415.3,7,2503.9518729337356,101.46910466131783,26.60654137049694,80.09213869293207,63.38687598739647,597.5535281634217,48.92943673156651
415.4,7,2523.91887981736,97.67771529835571,25.816627179946614,80.65099490267741,62.30905976071322,597.626450439308,47.47099121384167
415.5,7,2542.3423616523787,103.51018717727436,27.55787626520707,76.82323403465107,64.76368542741274,597.4656803304192,50.6863933916145
415.6,7,2637.4595726641974,105.291476860412,29.080886856809776,77.13627586506153,62.92588849338055,597.3249889831019,53.50022033796222
415.7,7,2739.051351817329,98.5115236727926,28.25633486919618,77.10109273373773,64.44747320813919,597.4011669917691,51.97666016461767
415.8,7,2721.8333700022167,95.88888394216788,27.331182123088457,80.41773194909865,64.71687283280662,597.4866159956337,50.26768008732688
415.9,7,2676.2651131245184,103.13553584591054,28.90454119170755,79.41926538400142,64.18998270040085,597.3412826972738,53.17434605452604
416.0,7,2518.693885386282,90.74787949558842,23.93538907819079,79.06255584438466,62.92391447465747,597.8000482403713,43.999035192572364
416.1,7,2532.471544844669,92.2749011186998,24.471285323880362,79.28981497944305,63.303905556519695,597.750606856314,44.98786287372013
416.2,7,2723.8795842622876,97.17181491026412,27.717677467606173,78.99428813517298,60.99688213244885,597.4509214788097,50.981570423804214
416.3,7,2561.1668950256653,85.61989875588543,22.963665259039182,77.76542560901987,63.58633642010356,597.8896778181518,42.20644363696465
416.4,7,2684.4925589990926,103.88697176069145,29.204643522287466,79.77518458431848,64.53422812648873,597.3135537728093,53.72892454381372
416.5,7,2752.91582097883,91.65745925559516,26.423440453009672,78.98479404548908,63.522591672205515,597.5704330280009,48.59133943998131
416.6,7,2635.210372283178,95.42081588852277,26.332193320146132,77.81675394721579,63.198457087720016,597.578857097074,48.42285805852043
416.7,7,2666.3904632715376,97.5707182361548,27.244062457343986,79.9954529332032,63.51908978191352,597.4946612821055,50.10677435788921
416.8,7,2776.312219938632,99.69979338994958,28.986193091308518,78.84472160277998,65.06035759640352,597.3337384622708,53.32523075458312
416.9,7,2855.7933458157167,97.39865443099825,29.127844833870107,79.6781836377193,63.818633363764015,597.3206500819813,53.58699836037431
417.0,7,2932.6062996452033,99.73002879313869,30.627272708885307,79.30494003456762,65.75877209082067,597.182070149249,56.35859701502113
417.1,7,2914.356578799648,100.19919630100199,30.579863586313884,80.57445056538934,63.357825651644696,597.1864527784496,56.270944431006455
417.2,7,2889.702209828363,97.91949195554271,29.631310511231767,79.81903658435236,64.17333752616811,597.2741260450805,54.51747909839014
417.3,7,2838.911706620365,96.08519526465855,28.56518102951646,78.54460425997569,63.550090721513946,597.37263586083,52.54728278340053
417.4,7,2836.218080891953,109.53300766721806,32.53218643051794,80.0418047651699,66.08520328531687,597.0059212020738,59.88157595852613
417.5,7,2918.6136880774425,87.712810898029,26.808237466944668,80.13153124385506,64.21748074015696,597.534905379854,49.30189240292066
417.6,7,3036.3009327436516,101.4999575565026,32.27299655450701,80.37015013302239,66.19274148893257,597.0298948440561,59.402103118877676
417.7,7,3060.5406799035086,100.16884265969006,32.10402096882227,81.05038181778538,63.671256136524846,597.0455231170988,59.08953765802494
417.8,7,2861.2450608781865,106.9082126326143,32.03278823975564,79.11906630723412,65.64550669382301,597.0521110682826,58.95777863434773
417.9,7,3019.2149015018117,94.33599524400135,29.826347944912065,80.71080659363392,64.26229729279746,597.2561011541336,54.87797691732908
418.0,7,3242.317888371563,101.57022706086035,34.48662015849123,77.89066086050222,65.00713560226771,596.8250844529863,63.49831094027422
418.1,7,3170.3390453012526,105.00024475646234,34.859779747818195,79.86773151975841,62.97677193005375,596.7905448062381,64.18910387523852
418.2,7,3063.9804409564276,114.62266074412433,36.77774456635411,79.73350156530219,64.57071371894432,596.6129545452229,67.74090909554161
418.3,7,3459.0097051999196,110.88435541096148,40.16526851864653,81.85199056261843,63.17880732393822,596.2990332659897,74.01933468020616
418.4,7,3269.863195987815,101.71241753099635,34.828292082171075,79.9785537516477,64.5304604748514,596.7934594594408,64.13081081118548
418.5,7,3347.292621547822,108.03244724282264,37.868361329590094,80.94741420860477,62.780215863970945,596.5119235478844,69.76152904231071
418.6,7,3387.6318849128,119.1045733325918,42.25258338635177,78.15545050974089,64.22956750289316,596.1054364314616,77.89127137076662
418.7,7,3354.3441272772634,105.96299544998595,37.22120768932495,79.89931258020218,65.4441071812163,596.5718777942183,68.56244411563466
418.8,7,3360.39105490413,115.29217800016622,40.57124000524809,79.3577019912582,64.92069093638564,596.261389635441,74.77220729117903
418.9,7,3671.9335058248403,117.26045401263949,45.089456185749036,83.39592759549028,63.16362351051568,595.8421155826725,83.15768834654932
419.0,7,3607.123679300797,116.11203639487512,43.8598248762276,79.6772015751161,62.52341558966004,595.9562797311373,80.87440537725456
419.1,7,3631.8899802305186,139.17687548210748,52.93322864325548,80.61739332060118,64.94276421810545,595.112827311483,97.74345377034024
419.2,7,3651.0427969806747,118.91671922090566,45.46617934253887,80.73350174606863,66.05082271709998,595.8071302012216,83.85739597556721
419.3,7,3543.9319314411337,126.45780404935232,46.930980280817835,78.72643506523787,63.52926617750961,595.6710582891826,86.57883421634892
419.4,7,3803.98584993286,119.45257625009562,47.58422840093879,80.05480490970169,66.6139860070136,595.6103549539366,87.79290092126871
419.5,7,3646.276667240458,130.02102490101504,49.64686404928087,81.22404003396439,64.53323721419238,595.4186018634618,91.6279627307631
419.6,7,3797.379008492691,133.9345128709545,53.26047873100966,80.89348846164356,62.603961862775904,595.0823615022164,98.35276995567142
419.7,7,3659.1138674057383,125.23680199505267,47.98842666430715,78.08245303819983,63.0244737404174,595.5727884298602,88.5442314027955
419.8,7,3665.6177669850936,130.48375934710398,50.0878344580205,80.21489816717771,65.37777326460642,595.3775908623152,92.44818275369653
419.9,7,3934.5921990289053,126.11363627159663,51.962542478588084,82.17262707315503,64.75963102750688,595.2031762167021,95.93647566595905
420.0,8,3872.514276966396,125.88271977925567,51.04906159350404,84.70586751277553,68.63428923849183,595.2881753573133,94.23649285373358
420.1,8,3805.5581392407885,142.66232338740474,56.85337774025508,85.51399894277148,65.97571279348941,594.74766841529,105.04663169420041
420.2,8,4091.1206602105353,133.035442817625,56.9951978952137,82.92193529450883,67.31386326005499,594.734449496565,105.31101006870017
420.3,8,4286.444703824429,121.52357136386942,54.54894653211414,85.69416923772552,67.22341967809179,594.9623791869026,100.75241626194725
420.4,8,4262.317457327602,152.27770364851366,67.96897643826838,84.15609101069897,67.0946911668616,593.7097901927007,125.80419614598782
420.5,8,4151.091718832462,135.80207360264245,59.03333906157852,86.17234678234145,66.87590014484174,594.5444108138389,109.11178372322183
420.6,8,4221.518213691725,141.1830729625218,62.41369808121738,84.31791791854711,66.91636201073555,594.2289515489654,115.42096902069147
420.7,8,4350.022464943671,155.87862556986792,71.00790272470002,81.90922039438098,67.47401129857602,593.4254025868555,131.49194826288976
420.8,8,4417.13503446438,144.87757702191303,67.01476024345061,85.43749470223015,67.62199843881973,593.79903048903,124.01939021940166
420.9,8,4322.52857133665,146.19605146570552,66.17624699559158,83.93832515302299,67.59178784751406,593.8774276339877,122.45144732024528
421.0,8,4402.791623671805,140.20323078004182,64.64199792752433,84.07116678269608,68.56474357146219,594.0208187732869,119.58362453426162
421.1,8,4472.192313122013,138.80829933378277,65.00765828341763,82.83097003518063,66.1767599512276,593.986650451629,120.26699096742163
421.2,8,4540.011095582087,150.5290504741886,71.56585338410949,86.57330556662876,65.58537655125724,593.373158713643,132.5368257271407
421.3,8,4518.140919659378,155.66424257957502,73.65076347021069,84.0532564536081,68.4327838977447,593.1778551568723,136.4428968625532
421.4,8,4562.359247556272,156.68255557172054,74.85809032550144,86.62045807270707,66.4907876382827,593.0646995357569,138.70600928486283
421.5,8,4747.3927055316235,152.58212922846752,75.85556494208957,84.26468053128974,67.0730637465939,592.9711791565319,140.57641686936222
421.6,8,4773.275736730499,157.48691724457086,78.72082244009114,83.72054949100139,66.85839786274276,592.7023745816034,145.95250836793184
421.7,8,4745.274466204118,145.86518663838075,72.48390909894121,86.4688587104337,66.85467220005907,593.2871760441058,134.2564791178836
421.8,8,4904.23782157668,163.3130797934635,83.87279371930688,84.84890487412837,66.04733464597909,592.2184195780571,155.6316084388584
421.9,8,4744.6322646469,162.5730489405655,80.77551330174029,84.91200029306943,66.95321049139122,592.5094613571001,149.81077285799756
422.0,8,4975.337893132985,176.59452009527664,92.00859976247115,83.50160732574905,68.18893193966832,591.452538898932,170.94922202136104
422.1,8,4911.863535666956,164.15068311182986,84.4340467919861,84.54156818134722,67.55225364019226,592.1656493494418,156.68701301116357
422.2,8,5209.570500646772,158.80218830356213,86.63373141843678,85.65618933891047,68.076996146223,591.9587382955319,160.82523408936254
422.3,8,4823.337228208879,166.33086045621633,84.0135002881288,83.6336512953823,67.09242885577498,592.2051909370235,155.89618125952938
422.4,8,4908.210331074985,165.65827093817393,85.14612878190576,84.59654420281808,68.50709482012057,592.0986841389729,158.0263172205423
422.5,8,5049.809136512678,172.24408293311933,91.0852161640261,84.78955950062365,67.11133934488257,591.5395647132399,169.20870573520233
422.6,8,5083.312274254029,170.61836950707792,90.82411925965751,85.42432806873313,65.52630903082755,591.5641675119593,168.7166497608132
422.7,8,5265.594271413697,162.81967762003518,89.78068217611653,87.17042710496206,67.96636629262156,591.6624684199678,166.7506316006427
422.8,8,5050.775176323482,161.377922567744,85.35535555030263,85.08521522514279,68.43171286294083,592.0790052356278,158.41989528744307
422.9,8,5233.342276186986,175.83642156152362,96.36439400649886,84.66660316638534,67.11938250211003,591.0416689695239,179.16662060952035
423.0,8,5290.060212663257,184.82441484873203,102.38788528186095,88.84072973030435,68.8918274615204,590.4725322943293,190.54935411341376
423.1,8,5277.949949443736,176.82271778237617,97.73091096529073,85.07497412226225,66.85563340973287,590.9126496513718,181.74700697256299
423.2,8,5150.212506702918,183.06268228080222,98.73101200180704,85.41554344028987,68.39046003453147,590.8181891161208,183.63621767758332
423.3,8,5404.846808256083,185.5387780339873,105.0138785914337,85.26427395819722,69.47761853865137,590.2240628734984,195.51874253003234
423.4,8,5416.590837978718,181.37292981500138,102.87909073675948,85.41073731527752,67.7823832687088,590.4260709832563,191.47858033487296
423.5,8,5384.543966530881,174.8365629966672,98.58476506435323,85.88514558334565,67.5316777944436,590.8320041996647,183.35991600670695
423.6,8,5373.850360147452,182.91372317432464,102.9343856224334,86.94557853653532,67.66469533769973,590.4208403786477,191.58319242704806
423.7,8,5401.840793383388,190.98020928969487,108.03357881196982,86.37398920202043,69.41056473087056,589.9380780033306,201.23843993338824
423.8,8,5397.868715235792,187.19927734353848,105.81691684184656,87.23009260830023,68.19664914126804,590.1480375429212,197.03924914157483
423.9,8,5490.273426599754,189.66198002799382,109.04427563425284,87.23857386270281,69.9493600893005,589.8422955398888,203.15408920222353
424.0,8,5455.46796270334,182.0952160332632,104.030135448722,86.28394574211805,68.0953920275093,590.3171687858444,193.65662428311225
424.1,8,5394.073317285603,184.79960243153684,104.38701904317433,86.53297832537855,67.17301838558888,590.2833951557035,194.33209688593024
424.2,8,5396.304064488642,186.2420134244105,105.24529477336658,87.4593804693477,67.25367252408168,590.2021562565807,195.95687486838642
424.3,8,5444.781939619015,187.54449730078488,106.93341469017813,84.84270358325865,67.9088400098903,590.0423032152135,199.15393569573098
424.4,8,5556.706742546012,196.88383048360785,114.566104272663,89.22102933861059,65.81565118237428,589.3184389317378,213.63122136524566
424.5,8,5551.503150884482,173.0554542224626,100.60614316358705,85.6548503420646,67.39141171619784,590.6409983743977,187.18003251204664
424.6,8,5592.071298090758,190.4500860971029,111.52763459018995,85.89532226971656,67.42271714021149,589.6068162000854,207.86367599829305
424.7,8,5635.841009885443,190.40342283385206,112.3730328428011,84.90847265473674,68.12410281840188,589.5266093748721,209.4678125025564
424.8,8,5544.430962388112,182.05575495010254,105.70365634653592,84.99018740096331,69.8346130746756,590.1587613603049,196.82477279390127
424.9,8,5758.153100018273,197.02766097933213,118.80617872719023,87.62335965074337,67.95577590641986,588.9155377995835,221.68924400833134
425.0,8,5607.5132482101135,187.89537676374536,110.33543728011158,89.2242319331707,65.98614677172985,589.7198877126967,205.60224574606536
425.1,8,5604.958779104366,191.08171744705294,112.15539701174572,85.86451894578185,67.00242566648308,589.5472596119762,209.05480776047511
425.2,8,5704.325954891342,207.10890965632078,123.71767053858242,87.00691488061867,68.18582882692255,588.4481336299186,231.0373274016274
425.3,8,5495.591677505157,201.79612882638926,116.13306971881042,86.898978892338,68.0234227742098,589.1696078486847,216.60784302630645
425.4,8,5605.73722526253,199.2789717790761,116.98301967169569,87.87942744979507,69.56144923186844,589.0888471672683,218.22305665463318
425.5,8,5784.057084060915,198.42663289137707,120.18801189846813,89.38565253249601,68.90331462849481,588.7841115478858,224.317769042284
425.6,8,5535.080232307869,195.08447674851823,113.07725351403536,88.59212584779463,68.87927366532823,589.459779749511,210.80440500977943
425.7,8,5814.872907227376,210.68138376405952,128.29065047212563,86.52402575208376,67.73762255239538,588.0122621710267,239.75475657946618
425.8,8,5860.143401128494,202.72195953047427,124.40494886382639,87.48808900127372,69.05915011184265,588.3826680805216,232.3466383895675
425.9,8,5688.710556734039,192.25361247718365,114.5293943983596,87.65007527300406,67.06905477929377,589.321924734297,213.56150531405888
426.0,8,5758.124131938468,188.06617105850083,113.40189806398861,86.91481750406123,68.93789590174447,589.428966207601,211.42067584798042
426.1,8,5842.70747184243,202.17406560117175,123.69957442652628,85.666001014632,67.69148072597406,588.449857144105,231.0028571178998
426.2,8,5697.471134709797,198.12747487968227,118.21033717104967,86.06446411203623,66.52987813824446,588.9721898886867,220.55620222626658
426.3,8,5829.137715101371,188.80157748774224,115.24936796642874,88.44231844937995,68.57475360272105,589.2535516544294,214.92896691141027
426.4,8,5687.316138894601,202.06326103954862,120.3436960300542,88.60730849637801,69.38237892169478,588.7693006698214,224.61398660357304
426.5,8,5709.605687541305,197.4126294191368,118.0346909984837,86.89752111744215,67.58122451191163,588.9888880522324,220.2222389553515
426.6,8,5682.503823500703,203.21702532588992,120.92843834870644,87.50038642161556,69.55325156478558,588.7136649182207,225.7267016355854
426.7,8,5794.049952684222,202.7752543378893,123.03418814997183,88.66400502421533,66.33688439062719,588.5132228719848,229.7355425603041
426.8,8,5874.193185189258,195.58035791944104,120.31009775003764,85.22198037351056,66.79803936155822,588.7724970780273,224.55005843945514
426.9,8,5749.048767170355,204.3979836617306,123.05555340748299,86.77093640961162,67.8497854328252,588.511188442895,229.77623114209905
427.0,8,5647.826144283463,196.58764859095393,116.26959655222286,89.76709868957346,67.62709786364158,589.1566368406556,216.86726318688898
427.1,8,5667.531594813671,197.12311163424872,116.99306365139827,87.7435491078573,67.33174988917833,589.0878926719063,218.2421465618745
427.2,8,5809.445246198878,196.48342740344268,119.53338165424523,86.06767622799931,68.13325365837856,588.8463809315243,223.07238136951355
427.3,8,5948.53185779557,208.158305590685,129.66780340128292,87.6014546216405,67.47134920874886,587.8808701833311,242.38259633337861
427.4,8,5811.977638672048,198.28614027984324,120.68267050300655,88.72403941328875,67.64099975260469,588.73704999237,225.25900015260163
427.5,8,5738.939702430613,209.84282378803914,126.11141584336318,84.47969438113844,68.27810525558458,588.2200571217898,235.598857564205
427.6,8,5849.529365041155,212.68302576017203,130.2813870622914,87.78390637879335,67.331520122854,587.822309819,243.55380362000005
427.7,8,5755.000198477122,194.96828291445755,117.50001655321762,87.16190367498082,67.89208678370063,589.0397120370117,219.20575925976777
427.8,8,5742.827523402947,179.6112648486389,108.01596809242781,85.67444538538273,67.35128506236144,589.9397466685418,201.20506662916227
427.9,8,5688.761993100035,207.26741390810093,123.47453826465345,87.77879814175505,66.78959422012778,588.4712892312393,230.5742153752135
428.0,8,5914.745542528532,197.4388431269826,122.29178420103355,87.55194784927444,68.75697888069035,588.5839066852922,228.32186629415673
428.1,8,5540.9588426264045,193.62582340036224,112.35096833819186,87.72164704551514,69.69880496946551,589.528703018419,209.42593963161812
428.2,8,5859.371060365088,195.40477776708929,119.89878936658451,87.36706253396507,69.05298834829419,588.811624472436,223.76751055127784
428.3,8,5741.095997573261,196.4395029432923,118.10064060884392,86.59337508082825,68.31721054614883,588.9826185304246,220.34762939150824
428.4,8,5747.969076842236,208.22220242547124,125.33433954383837,86.10680281356105,67.34071673950733,588.29411687938,234.11766241240002
428.5,8,5949.778729462277,200.04168517939922,124.63784665477007,87.05690187895532,67.69175013922525,588.3604804187291,232.79039162541608
428.6,8,5723.516044658886,207.67031711563945,124.47036086551898,88.94956982352049,69.03178716043259,588.3764365949709,232.47126810058262
428.7,8,5729.428027385639,201.8904226794712,121.13108392876121,88.23045941435053,65.68904995289563,588.6943815490356,226.11236901928805
428.8,8,5784.682915666186,195.99553728782016,118.72832998145641,87.89964159478508,67.60272156265272,588.9229402204578,221.5411955908428
428.9,8,5839.813793085838,195.14102761929084,119.33729929561855,86.76636559706978,68.69521752059184,588.8650299589892,222.69940082021435
429.0,8,5762.373680815292,201.50286871682513,121.59375477603798,87.59638705244969,66.81761631430496,588.6503498401744,226.9930031965123
429.1,8,5659.139525301671,202.99797670734853,120.30141312016048,88.96022804867142,68.37375592899419,588.7733232937992,224.53353412401725
429.2,8,5731.205101589612,203.90186054635208,122.37586014027856,88.7114865606511,68.32150432271368,588.5759027372937,228.4819452541251
429.3,8,5940.476279529918,194.7494022556656,121.15072499763335,87.56276422764556,66.4840071296277,588.6925124736902,226.1497505261957
429.4,8,5831.696896498484,197.44964581570497,120.58128851762191,85.03092362178913,68.01881995593052,588.74669604526,225.06607909480067
429.5,8,5873.856764881647,199.94232638157203,122.98629285262591,87.38353568353322,67.30757735418621,588.5177834756878,229.64433048624528
429.6,8,5813.170895766934,192.78557046110416,117.35895490233395,87.64240620637732,68.33398131277887,589.0531192957395,218.9376140852096
429.7,8,5782.972121790356,187.13711292821336,113.32863078709919,87.160936339691,68.58021135878154,589.4359206362524,211.28158727495247
429.8,8,6013.250746636748,189.0358941666612,119.03706430725221,87.78101036103489,68.30158248201478,588.8935824159823,222.12835168035326
429.9,8,5844.920786394514,192.58102141980186,117.87473612132369,89.28357028885398,67.96713844026121,589.0040936512491,219.91812697501587
430.0,8,5830.27634507514,198.48322751119207,121.18296419949512,88.28537127537439,68.17500253661697,588.6894445137441,226.2111097251193
430.1,8,5986.826160636273,202.23181046113328,126.78700284775121,89.54370431308689,66.70133482663782,588.1556543991658,236.88691201668462
430.2,8,5825.08035887634,183.49016363656153,111.92918124124218,86.57148689744483,67.83760124372394,589.5687223902902,208.6255521941962
430.3,8,5848.948896089839,188.35759421174188,115.36911990001178,88.04044039077903,67.06250834566562,589.2421777129525,215.1564457409495
430.4,8,5918.910395755341,189.58412917614777,117.5093330699559,86.10419136314206,68.88085539002913,589.0388265232104,219.22346953579222
430.5,8,5931.2097318447,197.19663729654818,122.48175598552892,87.94313958513762,68.52256737699989,588.5658212394675,228.68357521065036
430.6,8,5969.863412719607,187.47623997832306,117.2031401243385,87.22376985483986,68.50943179116926,589.0679280482967,218.64143903406557
430.7,8,6158.703726171338,187.69987502527405,121.05477187436853,90.03909725712502,69.5319129817762,588.7016434106355,225.96713178729033
430.8,8,6007.519939308481,180.3552776239358,113.4625903366497,89.01578966934231,67.47752587450461,589.4232052544241,211.53589491151706
430.9,8,5766.0349565707875,193.15117874012253,116.62811376158389,89.76397593994695,67.247270026008,589.1225724173601,217.54855165279764
431.0,8,6040.119266640549,188.16314996668677,119.01691995928496,88.05250989788549,67.4311420575496,588.8954980498067,222.0900390038662
431.1,8,6030.690172972291,184.23838978583836,116.35251212651714,87.36511141187995,66.17067038291134,589.1487589947661,217.02482010467747
431.2,8,6049.991154476732,186.52264538543272,118.17209200553495,87.34744016449638,66.23718160636864,588.9758258259396,220.48348348120726
431.3,8,6088.800875448066,195.75013026698602,124.8137550096396,88.94788006097501,68.36942292368451,588.3437208837687,233.12558232462607
431.4,8,6083.082426500036,180.34888060435765,114.88564591318556,90.82107622247337,66.34043358704494,589.288094938077,214.23810123845897
431.5,8,6101.974381155704,181.0140071441042,115.66745511907655,89.16276088291059,66.6476149697258,589.2138401306681,215.72319738663737
431.6,8,6187.1665880522705,195.19513248512857,126.47055110787024,88.23668867231437,67.60746291857369,588.1858230733196,236.2835385336075
431.7,8,6100.166606268861,186.48532315487563,119.1283075859593,88.47787881861922,67.2833133614605,588.884905445366,222.30189109268053
431.8,8,6085.14419787037,190.1710839075376,121.18363457243244,88.68432145308525,68.56725589407107,588.6893807190979,226.21238561804262
431.9,8,6486.706523897032,187.82591503435162,127.58757438307315,91.1708131222617,67.72783334530665,588.0793184440976,238.41363111804867
432.0,8,6156.464399134703,184.30065496237006,118.81926703735319,90.23561286047763,66.85437935776032,588.9142932499212,221.7141350015754
432.1,8,6259.744992702589,181.64829396839383,119.0739012469839,89.08315244756183,68.60966612862083,588.8900793614457,222.19841277108458
432.2,8,6134.6259562362475,189.45026618486781,121.70598220989629,88.91827584902765,68.35172029560239,588.6396683069313,227.2066338613729
432.3,8,6314.96529632929,191.31379274384108,126.51612095902838,89.16069249682857,66.19655363136273,588.1814789025675,236.3704219486499
432.4,8,6243.117947421042,190.320447022308,124.42727984474323,89.40894363712798,67.84412592594585,588.3805407309358,232.38918538128587
432.5,8,6318.27958106349,173.992631418933,115.12199673611977,88.33379158787463,66.86082047747202,589.2656487797151,214.68702440569928
432.6,8,6488.780965456661,190.99171032488158,129.7795458982944,87.8300210687912,66.8182149838653,587.870206377586,242.59587244828026
432.7,8,6464.1483909994,178.9252523067244,121.11880403444951,90.09433571221402,69.41264225281468,588.6955501171569,226.0889976568626
432.8,8,6503.71215926284,175.72657854801335,119.68159909726882,88.89427379105219,67.65059491219179,588.8322834478315,223.35433104336857
432.9,8,6312.4270755490215,179.41543768371005,118.60003053253186,90.0180573326717,67.29170392762043,588.9351394446595,221.29721110680975
433.0,8,6686.720434336741,186.0159610228152,130.25427753191215,90.86612850220077,67.57683736711687,587.8248974014941,243.50205197011633
433.1,8,6431.027890226036,183.58743401477818,123.6379976128425,89.52609355402808,68.34849686694092,588.4557217804247,230.8855643915058
433.2,8,6721.9990275061955,177.6317867280552,125.03964945978683,89.34169442912753,66.75475126032961,588.322197532763,233.5560493447406
433.3,8,6706.818829561524,184.90801873662738,129.86763691904034,92.76126961646668,66.90733553192638,587.8617994001615,242.76401199676798
433.4,8,6698.030688138962,179.65816487429794,126.01513534811218,89.1784043392883,68.07641935008198,588.2292342292667,235.41531541466725
433.5,8,6595.765084966185,174.3133812029681,120.39945594789441,87.62978553356008,65.8846556393891,588.763995812477,224.72008375046016
433.6,8,6725.552996100721,173.02355526064343,121.86018939285222,88.60889138620855,68.37285050709868,588.624990598865,227.50018802269892
433.7,8,6700.901650714288,180.517951543379,126.67247567905714,90.81576085645186,65.75767144590644,588.1665731201106,236.66853759778746
433.8,8,6783.173298366075,176.74635954229865,125.54863867663956,87.40757268623634,67.0975977734363,588.2736948624262,234.52610275147663
433.9,8,6791.703533876063,167.38456170307802,119.04817376388287,88.0639123030184,65.72478813379237,588.8925259528792,222.1494809424155
434.0,8,6657.014347364237,182.64402872724833,127.3249719295726,90.30032164400359,66.24737095874512,588.1043602957998,237.91279408400328
434.1,8,6992.668727848062,173.06468917927108,126.73017630999989,88.65186505199976,68.58103847482434,588.1610721444702,236.77855711059578
434.2,8,6913.948071341927,187.29629339469977,135.60756385451734,88.85016935187572,68.30732808816505,587.3134785439912,253.7304291201758
434.3,8,6911.248950116669,166.06768296821534,120.19053856841138,90.27461977027905,68.39344296300014,588.7838711813437,224.3225763731266
434.4,8,6939.783413799464,174.37329557483474,126.72272702007503,88.12994823135661,65.77213695477822,588.1617823395302,236.76435320939618
434.5,8,7062.795041355083,170.5006911207453,126.10472666876878,87.2308247319464,66.14883008379736,588.2206947190873,235.58610561825276
434.6,8,6979.537973258875,168.34762301172248,123.04452134208965,87.32895098545924,67.51827857219565,588.5122389330666,229.7552213386689
434.7,8,6885.842022163782,171.55596805208998,123.70621054519461,89.69566933392021,67.8720043681427,588.4492251065163,231.01549786967325
434.8,8,7174.293947712277,187.15836520491087,140.61026534564184,89.30986192997118,66.33521756244373,586.8347281009483,263.3054379810335
434.9,8,7220.316781834696,175.58190786343394,132.75920216532936,88.16864603089236,66.53362013723992,587.5857060817946,248.2858783641086
435.0,8,7187.233125192519,168.86336995571733,127.09422053332108,87.60945005503145,65.95877248198286,588.1263630242775,237.4727395144498
435.1,8,7132.112558540256,161.44505022569874,120.57896201230244,88.67503809664892,68.72571482165515,588.7469173982925,225.0616520341498
435.2,8,7284.304708932331,162.04915547026536,123.61281437852197,90.33872416087479,66.56963641371983,588.4581202220857,230.83759555828578
435.3,8,7171.103458576959,170.20980434283678,127.82010755203291,87.99455125723355,67.05278298550928,588.0571421913901,238.8571561721983
435.4,8,7246.669577748136,169.4086594689156,128.55905854289065,88.20039332415122,67.08181207400892,587.98665848382,240.26683032360097
435.5,8,7306.56566878055,172.16857206364966,131.73336555401985,87.56452179295721,68.08024559356927,587.683685654118,246.32628691764012
435.6,8,7491.243806028324,157.73704106728772,123.74174592808355,88.54923817521875,65.99839970387363,588.4458406200104,231.08318759979284
435.7,8,7409.330782517502,172.91881232105527,134.1682780017913,89.39226717498218,68.09515429667216,587.4510681721467,250.97863655706533
435.8,8,7433.422270030203,180.68568890285513,140.65046694682565,91.52066728469923,65.623988635182,586.830877636211,263.3824472757806
435.9,8,7693.298088661063,184.79507341051288,148.87835688544567,89.23914763839933,68.0440368434172,586.0417286005656,279.1654279886859
436.0,8,7572.121941152433,160.1301192649145,126.97529903559749,88.90819575055694,65.1384182567902,588.1377018333844,237.2459633323126
436.1,8,7601.2428394349745,167.74983057879385,133.52891357860054,90.00238775518413,66.72436016523145,587.5121675802093,249.75664839581555
436.2,8,7563.644184221668,167.3603675240099,132.5599492231165,89.79603216876868,68.42935045277771,587.6047397148075,247.90520570384956
436.3,8,7571.128041384717,174.35235411246845,138.23468414467868,88.2605462251172,67.47596893388167,587.0621669331546,258.75666133690856
436.4,8,7448.346539526345,164.79784016221615,128.5405067799163,91.70883375293104,67.17455965293289,587.9884282264,240.2314354720022
436.5,8,7775.576419966171,185.12742732557828,150.74120336627166,88.90918168022296,65.67931449031597,585.8627578026849,282.7448439463012
436.6,8,7752.811399862661,173.68270446156293,141.0082134375496,89.21363056977947,65.96715119039642,586.7966107975647,264.0677840487058
436.7,8,7719.029002957366,172.55332454685768,139.48086173744653,89.58259634458956,68.02038441995687,586.9428800093362,261.14239981327387
436.8,8,7747.960890809596,184.61218048795533,149.78778191449493,89.326483094779,67.12218046350706,585.9543706478538,280.91258704292386
436.9,8,7854.967756254002,173.40889911162196,142.64101014891833,90.73183307575812,67.51376166892042,586.6401609334421,267.1967813311596
437.0,8,7660.432481177123,176.39127758488746,141.5008383190677,88.18284751671307,66.67079964763795,586.7494178961615,265.0116420767688
437.1,8,7774.217892549158,168.41100416233024,137.10578890670456,89.81964250831699,66.28859263469464,587.1701845513145,256.59630897371017
437.2,8,7743.438138969041,164.15966052722996,133.11558237023578,89.06537664882778,67.31013182899892,587.5516597285163,248.96680542967488
437.3,8,8039.788344485527,169.57598248327918,142.770202523813,90.03493923367961,66.77580005389423,586.6277784476105,267.44443104779066
437.4,8,7973.743574663933,189.26103551921858,158.03456855606984,88.58493326568123,66.3192975437605,585.1609754988727,296.7804900225451
437.5,8,7699.292062365911,178.49497445446994,143.91478238033744,88.4091307040616,65.04789769984521,586.5180524412149,269.6389511757036
437.6,8,7781.640700591211,176.10469312510656,143.50621905139334,89.69430101889951,67.38829995091356,586.5572244932312,268.85551013537565
437.7,8,7928.663929780531,167.47450682433262,139.052030641735,89.2310603368927,66.84674756523181,586.9839342823365,260.32131435327074
437.8,8,7911.013606304332,180.8206350459756,149.79893977943172,87.80224432487,65.77263454160523,585.9532986749902,280.934026500197
437.9,8,7843.590700574257,165.07689742976657,135.59068000086748,90.3859363862785,67.5301734504919,587.3150929507793,253.69814098441339
438.0,8,8166.50850383248,163.75584976436747,140.04314639066973,89.63429383160592,66.56660919736115,586.8890406182959,262.219187634081
438.1,8,8022.620146738329,170.96265259948382,143.63030918582146,88.64979702145266,66.55792645975576,586.5453276010792,269.09344797841527
438.2,8,8048.020675948254,188.71052695374507,159.04273252930147,88.16000451711007,67.1500121597301,585.063832014105,298.7233597179011
438.3,8,7945.956964951318,188.472665236685,156.8278536151267,89.14136092101943,66.90627332266389,585.2772072321969,294.4558553560614
438.4,8,8087.891837707466,172.19061479506917,145.83891655889437,89.4789922162916,66.50255558722776,586.3334991169288,273.3300176614239
438.5,8,7989.4970893081245,170.7947561201134,142.89682959065073,86.75501204372101,65.99147789285388,586.6156413154515,267.68717369096976
438.6,8,8003.862560930593,164.1989453137026,137.6254029992444,89.09969953646866,68.1347795317352,587.1204706571289,257.59058685742275
438.7,8,8092.743128151138,176.39691662981912,149.49110880570908,89.41241856694623,65.38824075496542,585.982871537568,280.3425692486394
438.8,8,7882.634755316099,177.15533326342904,146.23598445882675,85.78637743798117,66.83881656864922,586.2953995420911,274.0920091581779
438.9,8,8190.572260043611,181.7194219046209,155.86342332492114,88.82420071891427,65.9796688743687,585.3700678793904,292.5986424121925
439.0,8,8056.421611366489,182.73892061178694,154.17070525256753,89.4012582494877,66.48880835145549,585.5329790566753,289.3404188664931
439.1,8,8159.802435717674,175.15301787726332,149.66694238676297,89.2432345223528,67.23797132547425,585.9659798421849,280.6804031563013
439.2,8,7933.748892516259,180.59713487984394,150.04375516183538,89.4870732880671,65.66331270323764,585.9297774427675,281.4044511446491
439.3,8,7944.803609379177,171.9687978944207,143.07423735113696,88.10851394658906,66.54696368764408,586.5986360182476,268.0272796350482
439.4,8,7917.512046357169,180.79865170010956,149.90376411308654,87.23067107958651,66.18081719746013,585.9432276595057,281.1354468098864
439.5,8,8045.8667901065055,173.65195531981837,146.31239985406964,86.29533942282336,65.24399062554804,586.2880667280341,274.2386654393181
439.6,8,8021.372128515602,180.57854214619616,151.68527566489377,89.74168578483773,67.11332623916428,585.772014365012,284.5597126997609
439.7,8,7962.832281501594,180.16750351053264,150.2355278406134,89.25019585287818,66.53625637143325,585.9113510654975,281.77297869004974
439.8,8,7901.30984782495,178.15057067087332,147.40592103640068,89.78372011721348,65.36026950149495,586.1831119570625,276.3377608587507
439.9,8,7866.878550465289,183.37634278476355,151.068657759007,87.48589942498798,66.86807690658435,585.8312864242746,283.37427151450925
440.0,8,7971.039749898474,166.9614375735203,139.3669411857656,89.29473072607263,64.9026433414228,586.9537868002858,260.92426399428405
440.1,8,7918.75677041191,170.63290920383562,141.49738600251715,86.50049299267155,65.67462809248111,586.7497486511716,265.00502697657
440.2,8,7884.1189289767635,176.32280123295655,145.57616075301473,87.23342903035076,65.24376073113986,586.3587083514931,272.82583297013844
440.3,8,8081.433931103619,168.22845661113473,142.3693510050593,88.40063612474373,66.3936449647042,586.6661964489974,266.67607102005036
440.4,8,7910.816977024006,175.59289791589293,145.4644607001868,89.01748878330179,65.1319275910901,586.369424370472,272.6115125905608
440.5,8,8022.463400671349,175.91913983343332,147.79149942125085,90.20816777720356,66.33930496449076,586.146095454555,277.0780909089001
440.6,8,7833.342291235857,187.8002827266097,154.0536398482027,87.87652932507241,66.14442919736439,585.5442422708866,289.11515458226745
440.7,8,7888.495332250914,179.71091118671043,148.45582303952065,87.09650320522594,65.1438068043034,586.0823074679386,278.3538506412276
440.8,8,7840.289237582151,185.98899356808863,152.7031327933328,87.00516739227079,67.31780351977973,585.6741464997984,286.5170700040312
440.9,8,7663.711065262087,180.95305587744787,145.22241760976598,87.25022384461361,64.71182773108457,586.3926435598123,272.14712880375373
441.0,8,7939.242350336753,175.13795212708916,145.60890786322088,90.71031712764488,64.0169746251952,586.3555666596442,272.8886668071175
441.1,8,7768.447475619418,179.8572901899351,146.31568926944004,88.92233567331692,66.25096746390192,586.2877510718316,274.24497856336757
441.2,8,7829.1390396952065,184.04768844515965,150.89435435040915,89.31768781055594,63.214296700665194,585.8480390160446,283.03921967910696
441.3,8,7662.968722593463,187.30215765941023,150.303277625251,87.66399235726257,66.82431789769021,585.9048410790883,281.9031784182346
441.4,8,7694.208703012361,178.01447405110474,143.43260817597633,87.91648886775072,65.40301491530344,586.5642815545204,268.71436890959217
441.5,8,7602.287006503391,167.38546624591683,133.25718221478704,88.72484721443509,63.84300289472153,587.5381310389726,249.2373792205501
441.6,8,7776.175540247429,166.85537939248727,135.8735387859737,87.24560770694181,64.29022079057573,587.2880452539325,254.2390949213484
441.7,8,7661.843684084023,176.54108792177314,141.64710535084845,87.4694106793172,63.57326776653231,586.7354041859667,265.2919162806677
441.8,8,7640.05881802675,162.39015254253715,129.92269176929915,86.97533009874218,65.55888780477453,587.8565451090637,242.86909781872623
441.9,8,7706.608991291893,191.23367783553462,154.33211942341873,87.21356410844376,63.81771979018696,585.5174481857343,289.6510362853144
442.0,8,7659.330031910803,182.74146226353244,146.5738504879698,87.77449846239097,65.61533624023967,586.2629765293274,274.7404694134525
442.1,8,7593.624576861827,173.9902586902233,138.3574897578228,86.69443328420192,64.77702388762197,587.0504139052869,258.9917218942617
442.2,8,7356.876029811815,170.53093642424813,131.3787824355674,87.98801791206232,64.57507575283543,587.7175447908301,245.64910418339764
442.3,8,7396.498027004724,185.33493115751887,143.55292459145025,87.95029923515315,65.52837218257841,586.5527467514479,268.94506497104203
442.4,8,7337.53080893416,170.16290795664662,130.75052895140058,87.35726502673661,65.61112178157525,587.777526924307,244.44946151385807
442.5,8,7472.034812857948,170.631265215845,133.51378737036077,86.54258207925663,66.1019989188765,587.5136129246981,249.72774150603755
442.6,8,7388.897435505844,172.17751595459632,133.22468254034683,87.62427236130905,64.29100810908142,587.5412361693243,249.17527661351414
442.7,8,7210.141862938584,178.09743705633463,134.47145296020432,86.85483039380989,64.86357562914597,587.4220914066283,251.55817186743434
442.8,8,7293.694692781841,181.38311582295907,138.5393214454214,87.47864853017067,64.22666829729644,587.03301094322,259.33978113559874
442.9,8,7138.940413445275,185.10360386870175,138.38125002183614,88.70213280929744,64.99360837715193,587.0481398897837,259.03720220432547
443.0,8,7244.998607643024,183.76536963620012,139.42177156451274,85.84212489126945,64.02097526243911,586.9485373736046,261.02925252790783
443.1,8,7061.907769100036,176.12963599933215,130.2516089739328,89.91474293089031,64.34383427617341,587.8251521119123,243.49695776175395
443.2,8,7238.51901935565,182.9191877071015,138.65565985577882,87.18007470980524,64.31762200484786,587.0218757355985,259.56248528802803
443.3,8,7193.331554398697,170.70722019834525,128.59100381061037,87.72149556730686,64.99870384890038,587.9836110444243,240.3277791115147
443.4,8,7307.896773339768,162.26393269620414,124.17753072816713,86.28381984045326,64.67705057483296,588.4043320603898,231.91335879220333
443.5,8,7176.516942025653,169.89469114450534,127.67978441557291,88.51725581469915,65.14918565518157,588.0705247503006,238.58950499398702
443.6,8,7025.268480844799,168.50799752517068,123.96870420588888,86.95498713805074,64.50471507086968,588.4242235595689,231.51552880862255
443.7,8,7112.825021467901,169.26350434848453,126.07647884532359,86.59159329650588,64.00082917000177,588.2233872234601,235.53225553079756
443.8,8,6872.2168963966315,166.48356516060022,119.811041496464,86.3323775487812,64.74078091179234,588.8199711618857,223.60057676228507
443.9,8,6883.706359397165,169.459198856701,122.15636559009097,86.65893394388105,63.60127965148706,588.5967979392083,228.0640412158334
444.0,8,6977.231041745565,176.490709124791,128.95362954306364,87.44094304900587,65.05663979689352,587.9490158680736,241.01968263852768
444.1,8,6711.3193335525075,183.59671860320313,129.03319067581242,87.10377869047008,64.17109138276192,587.9414250304769,241.1714993904627
444.2,8,6883.956017310583,158.9274145727416,114.56857812158758,86.80573615868984,64.63021016473498,589.3182040247943,213.63591950411205
444.3,8,6762.089568241063,161.38111344540806,114.27789826904979,85.95671118772087,64.61491192376995,589.3458045325725,213.0839093485497
444.4,8,6840.593367535388,164.22096821503968,117.63891255468914,85.84394957750676,65.9656969243582,589.0265100055808,219.46979988838393
444.5,8,6700.995332139461,174.46248821232538,122.42496697795632,86.17014603597946,64.71506839064334,588.5712277112007,228.5754457759856
444.6,8,6816.580382114469,166.98420087527808,119.19843703841225,87.23146482948782,64.37610998217305,588.87823616112,222.43527677760198
444.7,8,6751.522600189396,162.64193070776054,114.9907389595241,87.42949082840788,63.5800029951199,589.2781145017655,214.43770996469198
444.8,8,6856.670555826546,171.99502413164433,123.4973913681914,87.54658808314326,65.04432154819871,588.4691128105464,230.61774378907103
444.9,8,6698.7896128451175,172.91519105818958,121.29924705877333,86.5434468065053,63.941376581360636,588.6783784864429,226.43243027114409
445.0,8,6600.23130528593,165.30712840397408,114.25608934735322,86.9602743291014,62.65583412325884,589.3478752177084,213.04249564583074
445.1,8,6625.511613618976,158.91840150332993,110.26107581320163,86.2523779222162,63.95604799245223,589.726938911698,205.46122176604058
445.2,8,6497.608484820958,165.69297803957033,112.74213659028867,84.31801078139453,64.31254104208993,589.491583833492,210.16832333016055
445.3,8,6640.89036911224,161.31294527668734,112.18225081899604,86.10364167689798,63.27255696971274,589.5447116852426,209.10576629514594
445.4,8,6636.008638459507,160.37938973308331,111.45103790305514,85.86608822517002,63.94299345712071,589.6140821830548,207.71835633890305
445.5,8,6792.897568149538,157.57636160749107,112.09203463061088,85.02309825338287,63.95990497332293,589.5532714343219,208.93457131356286
445.6,8,6478.300983736088,166.71093204405105,113.09771200309152,85.54230288502126,63.945800182679704,589.4578380348858,210.84323930228607
445.7,8,6491.700003152226,161.03450845215713,109.47274594155327,86.33826519401082,65.20677968761358,589.8016803941193,203.96639211761226
445.8,8,6442.933780590515,165.56118917414975,111.70453958913048,84.76900031500327,62.63112241432721,589.59003424611,208.19931507779984
445.9,8,6499.0072795240285,166.6683890770483,113.43024736727332,85.22846139560305,65.94714113933401,589.4262752860805,211.47449427839206
446.0,8,6497.086378278719,159.5069507518567,108.52426958261779,87.89116563404227,63.851280929253015,589.8915798102993,202.16840379401447
446.1,8,6438.474854834146,151.70617125300376,102.28568776650695,84.06249186211753,64.43522742192059,590.4821978462304,190.35604307539188
446.2,8,6530.221568033627,161.4689774561634,110.41946280652137,85.717759340732,63.953877953407684,589.7119199292501,205.76160141499713
446.3,8,6352.641545991677,156.35961767451465,104.01777706447267,84.48963269517543,62.071172351764666,590.3183382494637,193.63323501072387
446.4,8,6489.9357072779085,170.21524945819476,115.68245006210856,84.93865860603206,62.71190440622538,589.2124157520884,215.7516849582305
446.5,8,6433.161682599658,153.0329158590692,103.09507948203488,85.55455507218477,63.215627369074774,590.4056390521623,191.8872189567537
446.6,8,6367.3757895076815,154.59573346855845,103.08289428795928,84.55776888945454,64.70518243813962,590.4067917756965,191.86416448606792
446.7,8,6325.869658290884,150.5742167574618,99.74691440120355,86.38240633966618,62.29884215822727,590.7222047034354,185.55590593129295
446.8,8,6574.342922846429,146.65693122128403,100.96795604020448,87.2657139774198,62.799270946874415,590.6067963893499,187.86407221300237
446.9,8,6254.958786201142,144.32893922445265,94.53801737340369,86.60481030981363,63.79185178762077,591.2140165600238,175.71966879952583
447.0,8,6350.379467431434,146.97099811135485,97.73721031244337,86.77462071313978,64.07200053337087,590.9120547677707,181.7589046445869
447.1,8,6241.032497389472,147.31176840835136,96.27699021089448,83.83952114644585,64.01416172030207,591.0499192285026,179.00161542994852
447.2,8,6472.879671067567,150.47843705353154,102.00005910544512,85.1534737585394,62.55988914523943,590.5092100916122,189.81579816775707
447.3,8,6379.138535315019,143.27631381150428,95.7117046735527,85.95586081102026,61.918515992667686,591.1032722726194,177.93455454761215
447.4,8,6222.77857885857,136.57376283221797,88.99799877152067,86.39002820001379,64.02834277165417,591.7361823077467,165.27635384506425
447.5,8,6328.921568744373,136.20917587449117,90.27441794620802,87.3981188166444,64.89534851269214,591.6159583181495,167.6808336370084
447.6,8,6298.363323298563,127.90386798743609,84.36066717858158,86.526296945779,63.090033032892926,592.1725492011037,156.54901597792673
447.7,8,6219.095089791412,147.44488369955764,96.02526678476333,86.26845363630157,62.2639298240888,591.0736787145097,178.52642570980606
447.8,8,6335.106941287989,130.66541541633862,86.68485398663461,88.3020690472005,62.95219215956721,591.9539277605293,160.92144478941577
447.9,8,6295.56522591432,139.84885200682325,92.19815948682574,85.20628710491147,63.749768652860766,591.4346703142292,171.3065937154181
448.0,8,6275.142398825051,133.62228115704156,87.80739339359042,84.69268832819891,63.09637683550125,591.8482789831166,163.034420337666
448.1,8,6247.284064076042,132.4919571286226,86.6781008397554,85.20111618628816,64.710710733552,591.9545632231609,160.90873553678307
448.2,8,6289.352072574195,128.96605436263167,84.93954649264865,83.83884326610448,64.20267094966927,592.1181130141597,157.6377397168062
448.3,8,6267.822470504576,123.6843189261214,81.18203749061725,84.96658424451928,63.436410304275334,592.4712780591053,150.57443881789254
448.4,8,6249.738647773506,121.81883302679407,79.7269057439444,82.76162110104754,61.27231302622427,592.6079301442458,147.841397115086
448.5,8,6181.758815046413,140.08704871590461,90.68566888864648,84.14674948131979,62.509130454149776,591.5772126559006,168.45574688198894
448.6,8,6402.500055616251,128.16487196629217,85.9304758778828,84.59201448433333,62.628327151189744,592.0249052417191,159.50189516561863
448.7,8,6141.114698508957,134.6141278172788,86.56981082980802,85.81814021119517,62.404888874262404,591.9647529880502,160.70494023899528
448.8,8,6281.185844604532,135.7930887225796,89.31983827723043,85.95997482108514,63.317684214473495,591.7058734036292,165.88253192741604
448.9,8,6210.104050134356,122.57630573470207,79.71389367551305,83.41834527476306,63.313868520928665,592.6091518256301,147.8169634873973
449.0,8,6407.927561527189,127.76291423774376,85.73359222364435,87.01388243709458,61.40412315934765,592.0434266759568,159.13146648086467
449.1,8,6155.426204885403,124.45287976130233,80.22166978437828,84.64858974071996,63.858778424416464,592.5614737895496,148.77052420900895
449.2,8,6172.101354952877,115.37068089650867,74.56879462340729,84.7064431758985,63.046499784584775,593.0918174945018,138.16365010996378
449.3,8,6150.685223825717,121.5007914793941,78.25844722103537,82.42495880365216,63.36442919912883,592.7457690856104,145.08461828779218
449.4,8,6274.549822241423,126.23493505256072,82.94510304520944,83.56988372950251,63.7282444060313,592.3056221761013,153.88755647797325
449.5,8,6114.48305768987,117.9483534458091,75.52317622230586,85.5214683550537,62.19329977829846,593.0023462923809,139.95307415238017
449.6,8,6200.627408941929,118.4834287708115,76.93462962038576,84.41311242390171,64.19625029286556,592.8699754982242,142.60049003551558
449.7,8,6042.802781483228,118.85681490530787,75.21269082767662,84.2864314668941,62.772852345781914,593.031456621824,139.37086756352073
449.8,8,6271.295043180017,134.16209674881554,88.10807003312087,84.37731870410735,64.40472311133193,591.8199740438057,163.600519123886
449.9,8,6202.061834539166,105.8526941399879,68.74903806052943,82.32051375447799,61.97600457804699,593.6368170484494,127.26365903101168
450.0,8,6109.255901976561,121.51150309319083,77.73817273161836,83.88406973591822,64.28617833423232,592.7945898201212,144.10820359757508
450.1,8,6354.667053870637,115.53558975951589,76.88421856203267,85.6376375057759,61.92217841544485,592.8747042451798,142.50591509640458
450.2,8,6128.054514888409,112.13402421083813,71.95958437192739,85.1993370470618,65.35341282471438,593.3362859975921,133.2742800481583
450.3,8,6328.539176898816,113.98448715689874,75.54014958813293,83.69270687407062,61.83150761991247,593.0007548289293,139.9849034214128
450.4,8,6186.537510346364,119.91430256841944,77.6868038628042,85.66702414058788,63.818881030536545,592.7994096531831,144.0118069363382
450.5,8,6405.3152228669005,119.63010692725888,80.24345438980242,82.2274020106632,62.37909840281877,592.5594281331082,148.81143733783574
450.6,8,6324.08826752382,115.1797309361572,76.27858016001879,82.52001020452592,63.43596099739251,592.9315094386006,141.36981122798716
450.7,8,6156.48005835668,120.85003790447253,77.91263385192143,85.87015586695061,62.66010945857868,592.7782199073083,144.43560185383262
450.8,8,6164.097596372404,121.41065344807716,78.37091563671802,84.27517852530865,61.58935221365577,592.7352143734099,145.29571253180166
450.9,8,6307.297437824354,117.57682726079145,77.65933487231943,83.18279362288466,59.86395484527678,592.8019869783059,143.9602604338836
451.0,8,6222.939644287942,107.3782789657206,69.97463563178725,83.41097540441945,65.14882723363782,593.5221282977677,129.55743404464442
451.1,8,6229.377252457019,114.00885659909355,74.37240759224161,82.45735691178304,62.69498576209869,593.1102249640027,137.79550071994663
451.2,8,6363.398888224633,113.39566445490716,75.56387411995236,83.70524495434742,59.65940983630497,592.9985303454916,140.0293930901671
451.3,8,6167.9210856898535,103.55332637050891,66.88542339159368,83.55828827340224,62.88678976310808,593.8111242562569,123.77751487486194
451.4,8,6243.636266686535,97.64678332718873,63.844597583427074,83.29344650902318,63.255273977338135,594.0953163140034,118.0936737199329
451.5,8,6320.944783713733,93.85277965610807,62.123763011429844,81.82612021654552,61.83237965127692,594.2560219059984,114.87956188003182
451.6,8,6301.757449704356,107.89040760054718,71.19887561978067,83.48386359970218,61.821147959470856,593.4075218310618,131.84956337876315
451.7,8,6203.678999246959,108.88736685756037,70.73843240792033,82.47916257949565,62.49197363080917,593.450631187973,130.9873762405391
451.8,8,6184.633297916057,97.93933946689515,63.43073488383839,81.87992071448436,63.696995546558156,594.1339742134564,117.32051573087006
451.9,8,6039.387866598177,112.9563920151128,71.43850411198427,84.53180428794921,62.5772220406971,593.3850839193678,132.29832161264426
452.0,8,6095.960618208746,106.13425149464048,67.75265712616728,85.56410717531352,63.9236244769537,593.730023204182,125.39953591636049
452.1,8,6217.484125046896,113.96221312404187,74.20004652791117,85.24042794760085,63.57503409272801,593.1263795133394,137.4724097332114
452.2,8,6164.261082840714,106.570423315414,68.79333018325418,83.63839296596147,62.19872620802041,593.6326730682874,127.34653863425024
452.3,8,6173.759191257653,95.98680395972552,62.056865432871255,82.48863061721205,60.840965387587005,594.262267576176,114.75464847648027
452.4,8,6253.791680931815,106.14793216260003,69.51580665256623,82.6721238650502,62.16908033186501,593.5650697612455,128.69860477509064
452.5,8,6029.808905968341,107.13442567800068,67.64897375467359,83.19262749064212,62.906781180168906,593.7397205351583,125.20558929683489
452.6,8,6106.8117692212145,98.12932509551982,62.75407953169328,82.15110359397023,62.425027145026036,594.197167987907,116.05664024186012
452.7,8,6132.906231319614,91.40290548696082,58.70227650820661,84.18761654195073,62.98468233199603,594.5752878159619,108.49424368076257
452.8,8,6032.883501440836,101.75078110907883,64.28228541386919,80.11196802208339,63.19909188223758,594.0544274380871,118.91145123825709
452.9,8,6219.625497353115,93.61067728052163,60.97028718551467,82.14992537393465,62.85223703888663,594.3636937881031,112.72612423793817
453.0,8,6152.851686859452,108.04783976517909,69.61793753156716,83.41620081860604,62.032050251835685,593.5555119516011,128.88976096797705
453.1,8,6076.033084168084,96.95399060297339,61.68995268609059,81.39101187677386,62.8135578775543,594.2965208086989,114.06958382602284
453.2,8,6199.881653010963,111.4969933844088,72.38943281943241,82.0674880968937,64.5157510098648,593.2960256060333,134.07948787933492
453.3,8,5867.011202481662,84.19456473328137,51.7284650293072,83.01868249826538,60.77727784283476,595.2249593898547,95.50081220290622
453.4,8,5987.660600050493,99.66482226805111,62.492469907231495,84.0790626918363,62.74163518255421,594.2215964325103,115.56807134979294
453.5,8,6001.192659803041,108.40360494856515,68.12553285866137,80.65543431367401,64.07384240458912,593.6951461191004,126.09707761799314
453.6,8,5856.509341963077,91.86167463453643,56.33805075042532,80.51768785127076,61.05504299074176,594.7956965527492,104.08606894501531
453.7,8,5947.966100865842,96.69499168556321,60.22836630100267,80.97555984049987,63.21883074792714,594.4329280232436,111.34143953512876
453.8,8,5789.284799413949,94.72366730991014,57.42645883822507,80.21737904712968,63.34085067708976,594.6942484403687,106.11503119262466
453.9,8,5934.033507661401,92.51424958794112,57.48932940503692,80.25460640033235,60.71799643300932,594.688387346848,106.23225306304107
454.0,8,5941.958236203781,98.7891151293066,61.47057964252015,80.79912334738736,62.896221074852896,594.3169985305594,113.66002938881024
454.1,8,5839.388049422374,87.80558770811349,53.69305424161593,83.39878829659317,61.901869053346246,595.0420854463421,99.15829107315858
454.2,8,5608.579912623125,95.91438898585855,56.33331320064633,81.49661136049212,62.10237474419526,594.7961380529832,104.07723894033666
454.3,8,5662.866024933719,100.14179090113956,59.38547832207394,81.8614946305263,61.82781253038296,594.5115645108954,109.76870978209263
454.4,8,5777.522094278864,94.88402450426237,57.40679882108635,80.63026699597036,63.455715293090655,594.6960812168287,106.07837566342596
454.5,8,5694.112083712519,89.26942710700654,53.23011166782756,82.49029199137976,62.02147742668211,595.0851886992632,98.29622601473488
454.6,8,5403.466302031965,103.38477436129197,58.5002402430217,83.93443665780002,61.66117149108812,594.5941294146037,108.1174117079263
454.7,8,5743.854591016273,101.2094355100502,60.87697408942644,80.57209031480743,61.669311423674785,594.3724024323064,112.55195135387112
454.8,8,5604.265675456519,88.75510177545183,52.08835707924091,83.6609296747811,61.76621518983675,595.1914672856983,96.17065428603496
454.9,8,5478.096460048871,86.95210271679612,49.881371033054116,81.98279049172571,61.01950506205877,595.3967930222909,92.06413955418157
455.0,8,5614.202949152092,89.33652908804324,52.52254975868697,81.52023619914645,61.61906008357432,595.1510555929872,96.9788881402576
455.1,8,5418.260074167446,99.82776783036441,56.64216247603567,81.93494152003842,62.201336308343386,594.7673544857835,104.65291028433171
455.2,8,5379.361916529919,97.97242226731584,55.19036009568386,81.87849675189477,62.480840454930885,594.9026324604534,101.94735079093107
455.3,8,5440.166264942158,101.62821576585223,57.89687083490131,83.5937463253925,63.2736110433117,594.6503915674127,106.99216865174662
455.4,8,5535.925222695187,93.89042504472717,54.430226092586594,81.9451309032911,62.30398518998591,594.9734364933071,100.53127013385847
455.5,8,5480.844921747367,89.79771684440621,51.539645453864054,81.92613343029403,61.58229294027969,595.2425297085242,95.14940582951681
455.6,8,5319.957224423199,102.82160590287037,57.28239145693505,80.72724246982821,61.03980181463452,594.7076786478672,105.84642704265661
455.7,8,5288.225095593614,92.65569164318939,51.31102059814577,82.19647567449664,62.339731236258714,595.263802647646,94.72394704707995
455.8,8,5277.369635612795,97.99700684614798,54.157541728816106,79.99821579323026,61.92260014395039,594.9988320214525,100.0233595709517
455.9,8,5040.040295318767,86.02406504129958,45.40279488575,81.23439892578212,61.95070485049478,595.8130168541327,83.73966291734519
456.0,8,5177.355950518191,93.08808367124702,50.46970105094277,84.52101400547463,62.292927924697366,595.3420720159853,93.15855968029382
456.1,8,5002.599525912455,104.36639732959767,54.67452865525893,78.01384772159636,62.54548945211331,594.9506823503581,100.98635299283842
456.2,8,5058.26901908219,92.53099534376943,49.01373235828218,81.25678082129068,62.29186367993148,595.4774742387514,90.4505152249726
456.3,8,4961.620576237803,103.51092498511294,53.78217449551704,81.26141223678978,61.84796499464913,595.033786992743,99.32426014513908
456.4,8,4985.6382137472665,81.77666697243012,42.6951736391899,80.62055424762382,61.21378289287619,596.0643702617829,78.71259476434261
456.5,8,4903.652231151038,94.48211485035358,48.51744095922648,80.6079749314699,61.39938884789638,595.5236141845552,89.52771630889629
456.6,8,4554.558344613536,97.52177051788814,46.51322636345145,80.92257177905032,62.857770010583316,595.7098717016197,85.80256596760591
456.7,8,4817.249555263726,111.26145752931004,56.12708768666116,80.47030763082282,61.583588456654546,594.8153559147665,103.69288170466916
456.8,8,4814.753381911814,91.24134547885456,46.00386769648814,80.99927265463468,60.65912460922796,595.757189197036,84.85621605927804
456.9,8,4749.382573252017,104.50118043408918,51.974098908063986,80.10830782640147,63.1630632069349,595.2021007374044,95.95798525191071
457.0,8,4650.362380534579,107.60014859249272,52.39963788678787,83.08121835070222,61.05975975819991,595.1624959530079,96.75008093984047
457.1,8,4769.062239190171,95.56616219702497,47.72717774516964,80.31320365962986,62.03636382856948,595.5970696681875,88.0586066362514
457.2,8,4595.488703018624,98.43404101752375,47.3702454874761,81.26079815950622,62.4915871456491,595.6302407720325,87.39518455935126
457.3,8,4560.283792660774,102.48895788481326,48.94378652746214,79.7364408108361,62.00327870895855,595.483977501369,90.32044997261892
457.4,8,4570.716185299754,91.59229542638113,43.840128265488914,81.62145493391456,59.52188768788105,595.9581080890579,80.83783821884253
457.5,8,4458.751460228696,99.25792833086643,46.34544847584889,81.34462743888886,62.39080781137252,595.7254584695766,85.49083060846783
457.6,8,4291.883206133142,111.87274795619388,50.28064254549741,80.93074888567457,63.32740624480004,595.359657591664,92.80684816672078
457.7,8,4098.559749167531,107.10972263893053,45.97151151618592,79.15839643204598,62.78842728298026,595.760194708206,84.79610583587942
457.8,8,4238.042338334994,102.87941319914619,45.65857861640453,79.45227321421672,59.8791819092835,595.789260943004,84.21478113991952
457.9,8,4309.028595429921,105.30755135248977,47.51902362954745,82.34292214729675,64.1320296861149,595.616414692654,87.67170614692077
458.0,8,4156.810086290647,109.13506200827398,47.506507150708984,79.3681074233602,60.68087174204906,595.6175778845984,87.64844230803078
458.1,8,4220.369474696921,111.04103672262404,49.07525885558736,81.0185272561027,60.93057001173196,595.4717536512364,90.56492697527119
458.2,8,4112.619763734955,102.31691147880827,44.06508359478602,79.08141912552365,62.793461240317015,595.9372257096529,81.25548580694272
458.3,8,4175.461198598435,117.54413545644957,51.39655809473428,81.39107973954891,62.467346986604795,595.2558437889047,94.88312422190461
458.4,8,3980.065958540262,116.61585657819474,48.60450158150756,79.32375695712419,62.098089922996515,595.5155207261153,89.68958547769489
458.5,8,4008.0043115094636,112.75301241820246,47.324382048557354,78.95844472766714,61.45192489439557,595.6345027700611,87.3099445987782
458.6,8,3967.6018856095393,102.73213652464732,42.68379507724335,79.22672174133452,63.356090828264556,596.0654261041254,78.69147791749015
458.7,8,4018.6885393697453,102.12117905864059,42.97627665397375,79.38466182212832,61.99013742989932,596.038284885441,79.23430229118026
458.8,8,3670.9693772242554,107.61503326476101,41.36969546460629,80.50295843578807,60.468201203328874,596.1873390434456,76.25321913108792
458.9,8,3747.2222183161034,110.9731214381143,43.54676206408999,80.06917307140976,63.271198349130884,595.9853387681717,80.29322463656626
459.0,8,3829.695272357074,98.82218306483777,39.63211781080676,78.64072773222988,62.26338829647771,596.3484623029051,73.03075394189932
459.1,8,3854.9414835702405,115.32504760195388,46.55539872642548,79.89082460479862,63.16463906253931,595.7059537090649,85.88092581870228
459.2,8,3690.5977005385066,121.5410583293124,46.97300438564668,78.52205226558218,62.62803357150784,595.6671535580108,86.65692883978409
459.3,8,3600.44172469261,117.23616766809225,44.202416998502976,80.63686596662838,64.45328318631549,595.9244764620071,81.5104707598573
459.4,8,3661.413195897387,109.14524145948423,41.84871877949569,80.82767727509639,61.75818788242019,596.14290443514,77.14191129720007
459.5,8,3634.063973192091,108.99761798731146,41.47994704576805,79.77791035401364,62.0910706191335,596.1771126040165,76.45774791966915
459.6,8,3480.261663024859,117.34163527080398,42.7654111538578,80.10434445608122,62.801948007064446,596.0578526815383,78.84294636923414
459.7,8,3509.571881903437,114.85649109962534,42.212230818009736,81.85308546786297,61.78578504130302,596.1091803006977,77.81639398604625
459.8,8,3555.0043109834774,119.71989679014654,44.56922511393249,79.53405510832692,62.899994160588655,595.8904214016677,82.19157196664696
459.9,8,3588.0338734944953,121.52101290852045,45.66006582291911,78.56318032491922,59.158040817994205,595.7891228131367,84.21754373726571
460.0,8,3445.523043334256,125.64323370226262,45.3338791065403,80.36490726420315,62.04108547997992,530.8194170801144,93.85008905977523
460.1,8,3346.6766221963767,110.76617269721231,38.81946249928781,78.28474642548063,62.01960761577971,531.4237886878162,80.27256383187084
460.2,8,3305.8485075950366,120.93272406458998,41.865415089819415,79.36578384385315,61.992431758924695,531.1413555510144,86.61715034489436
460.3,8,3333.4552124376737,117.52605786527812,41.02583333547045,78.87469468437482,61.26408145910393,531.2192318760142,84.8676603376517
460.4,8,3240.06393074964,120.06688583086702,40.7385384435726,78.72679830399329,63.056806202004225,531.2458755271315,84.26912419573269
460.5,8,3240.669607526135,127.4924201995663,43.26609898758935,79.24486226428475,61.65622595520962,531.0113879800383,89.53699449551723
460.6,8,3094.822596723338,128.9342700322448,41.78618695257054,80.60131079025983,62.371243959022586,531.1487053187075,86.45203556226993
460.7,8,3292.2884778274197,132.5882568634094,45.71214083232308,80.82520868897807,62.14441493427342,530.7842861111994,94.6394290641034
460.8,8,3035.590119214312,126.45030927020471,40.1968151219148,80.5873117733787,62.69286086854885,531.2961082844495,83.14068863110731
460.9,8,3078.799733465566,123.36768679757232,39.77511828534288,79.85744436171876,63.63468342068504,531.3352053677825,82.26242257452111
461.0,8,3106.17640786127,123.02822459009614,40.018378872275456,79.12301283812181,62.410359081406334,531.3126524029151,82.76904440369908
461.1,8,3264.222778822542,113.30894922863386,38.732240621538516,76.58183687710013,63.06849023563195,531.4318722926138,80.09098437828496
461.2,8,3014.222962453357,135.47688547335306,42.76310149324743,79.83187743399023,62.384105444624936,531.0580670051613,88.48828808562682
461.3,8,2971.533864796002,124.48396469746558,38.73670834391506,76.63544900623936,61.745671891357105,531.4314582355473,80.10028519627495
461.4,8,2964.0361277530487,130.9084238344518,40.63307639445879,77.04307683879112,62.12286874547128,531.2556554479928,84.04942487426233
461.5,8,3156.648616022009,132.74076667446704,43.8792484514832,79.13809668056966,61.99393008384134,530.9544767069515,90.81560935571999
461.6,8,2715.7000812335964,119.88137226688686,34.09275746000568,79.63108274609714,62.85897933624089,531.8615360199626,70.44045508108091
461.7,8,2872.5596310419864,122.73548639929065,36.92052083309948,78.75429427063376,62.411111078071,531.5997301991782,76.32058221755028
461.8,8,3213.36123445359,140.61732883892645,47.31806885848344,81.12075552712535,61.524131881163,530.6350894374291,97.99178173760173
461.9,8,2997.2076876063757,132.3988829225315,41.55562100017861,79.81567993897428,62.110665695581645,531.1700932249394,85.97155254988249
462.0,8,2824.2984055941856,126.86717590034479,37.52221531805161,78.94542793036992,60.82123526399139,531.543993056156,77.57251362984438
462.1,8,2914.776187233439,130.5995261024728,39.86350045142942,80.89237029163677,62.177363692471815,531.3270115554672,82.44648493190181
462.2,8,2915.6450369596882,139.626986108301,42.6316980969972,81.09153852941658,62.37837695714065,531.0702602519535,88.21435390598636
462.3,8,2981.171343749009,139.08906239526053,43.42187126858013,79.8136020037849,64.2009111314493,530.9969305539007,89.86180391591009
462.4,8,3068.1543783772727,122.79746399475354,39.454380061948825,78.25387797430271,63.756592779558666,531.3649387489572,81.59450962010288
462.5,8,2923.969954924402,144.9963360918073,44.39750368102713,78.51004635132858,61.39002813529645,530.906364785928,91.89655430712115
462.6,8,2830.4595709531536,140.80034602026194,41.73393122914786,77.42099773876484,62.6421166426663,531.1535528328866,86.34313494576693
462.7,8,2952.2014099487683,133.43511678647891,41.2519745707039,79.0934283446912,62.67618272261991,531.1982579128727,85.33883444139994
462.8,8,2807.7698295431833,126.60923423946035,37.22678260704564,77.87205575590076,62.24323912349521,531.5713613689431,76.95778081438387
462.9,8,2773.5768356314175,142.76147075269157,41.46482463441428,78.72552646727044,62.3240690589844,531.1785153115854,85.78235008200713
463.0,8,2703.1339559360194,139.13336637831117,39.38469432726987,79.42198235999716,62.15416411488656,531.3713984280432,81.44940432276874
463.1,8,2721.136240160871,125.9911839874961,35.902034628313736,76.71819375648666,64.39845188277167,531.6940524087196,74.20204368867275
463.2,8,2785.050143498354,134.95066783353565,39.358331103166584,77.57207422413107,62.12746001028299,531.3738421908904,81.39450960148248
463.3,8,2759.5751453860225,158.81953519363424,45.8959922332893,78.47080429435141,62.902751642231884,530.7672094485529,95.02312012213062
463.4,8,2903.310834125031,137.39425926286586,41.772526163821354,79.00698697217967,60.05122197433519,531.1499725725719,86.4235663667031
463.5,8,2762.504409872515,132.4083493717945,38.3042505558377,78.46888933733858,63.422523453520405,531.4715346345756,79.20007053121802
463.6,8,2581.469036297112,130.846718777106,35.371898861805406,78.7290168175214,63.80217614106304,531.7431365230326,73.09961494495532
463.7,8,2785.3594863780036,150.59529464905347,43.925961331115786,78.19883616229212,61.585118790169375,530.9501404648213,90.91303212537433
463.8,8,2844.82975288151,144.3893991165854,43.01502785353563,77.30014668325727,62.144748667899854,531.0346887294197,89.01350962704619
463.9,8,2837.9422030595415,148.55145071441348,44.14779952983038,78.39143523912799,63.12788251316666,530.9295469011673,91.3757120893988
464.0,8,3046.262191662376,140.66054034713846,44.87125120485896,78.77158829324226,62.71583807373298,530.8623778669664,92.88484042929025
464.1,8,2850.677215409867,147.9045957322223,44.15280825478428,78.6497220526571,63.18299797429984,530.9290819173783,91.38615902434677
464.2,8,3000.2811663773605,133.37058681799448,41.90353249534126,79.15169080630822,62.449888721094894,531.1378194433321,86.6965902658365
464.3,8,2922.9566883220223,140.60830562905787,43.038980273746695,79.51610109844795,64.62114472382949,531.0324658953471,89.06344857589878
464.4,8,2929.40767426146,141.61969412084028,43.444228071572866,79.82793783013464,62.10913462954435,530.9948555322574,89.90842278670848
464.5,8,2863.1946310596595,149.4062720162196,44.79693682699308,78.24659132361346,65.49168847104919,530.8692783049141,92.7298020781515
464.6,8,2946.5252013152744,142.05842470990171,43.8334619433496,77.11342968480197,64.06351791398461,530.9587268946309,90.7201201492738
464.7,8,2889.3656108051896,135.52378102911425,41.00592633658889,80.52838283704567,63.67542840942096,531.2210781230183,84.82618512042527
464.8,8,2988.4900657811504,140.4051048978646,43.940331878345944,79.46363168135909,61.824791118100336,530.9488064693628,90.94300316499456
464.9,8,2960.491068769822,128.2542519108244,39.76162682911624,77.85467933176372,63.797140863911125,531.3364561257515,82.23432612775616
465.0,8,2904.0621978099034,123.75321886710813,37.634923321415535,79.33324606779091,63.513818302639116,531.5335513398979,77.80705186099469
465.1,8,3099.129849690378,145.8085339188041,47.32071894100125,80.2818678330942,60.812920066253476,530.6348431727005,97.99731531789392
465.2,8,3056.7396407197275,137.33338082127756,43.96055619293283,81.07610841291304,61.55080748000542,530.9469290676356,90.98518300793027
465.3,8,2985.066563610475,138.0724421284059,43.1608157378614,79.30319952956063,63.33613724451898,531.0211590542301,89.31747263758285
465.4,8,3053.010976422591,145.64315018448485,46.56365337196985,80.27599061432554,62.8685328065479,530.7051868111796,96.41671332960416
465.5,8,3042.8577476084024,149.5082161884052,47.64039213633105,77.55532983944947,62.5088966503537,530.6051353350705,98.66485599999665
465.6,8,2980.068142547713,143.35173519982422,44.736063585666706,78.96678305594263,64.12808292594943,530.8749305504947,92.6028083183759
465.7,8,3080.853295586917,152.96667857417714,49.35105864395828,78.61141243477013,62.18932724913467,530.4461090811844,102.2383455120757
465.8,8,3026.7876155567787,142.82765348323082,45.271289759487686,79.42861952579754,62.64204970618025,530.8252296487428,93.71949049650621
465.9,8,3007.565993872232,141.24195532995276,44.48437620031615,80.95562289950806,62.47465362634355,530.898299260873,92.07776698195202
466.0,8,2954.6094070885556,140.60596511602557,43.504325528520106,79.32725779629374,63.656451415984776,530.9892775819555,90.03374107279052
466.1,8,3085.9926375773935,129.70090798205757,41.9147152395414,77.90790728487777,61.45162598307944,531.1367820250587,86.71989625957706
466.2,8,3185.0254991558327,145.1470729290224,48.411642079278614,77.52330019756695,62.69841491707478,530.5334493183025,100.27568808127675
466.3,8,3076.053721929244,121.07233962494057,39.00025699180278,81.02119687294751,61.4985219537013,531.4070321984857,80.64896147198458
466.4,8,3392.142878594702,133.80242515332205,47.52988239061222,79.67019043004734,62.93380716046647,530.6154055534248,98.43408133845622
466.5,8,3247.157845185298,137.76265598611738,46.845030432659776,79.59925591339437,63.99531937781737,530.6790442844651,97.00412325479157
466.6,8,3296.9519430930895,131.75041069707137,45.48761981170094,78.65754214837767,64.03894406068233,530.805138951517,94.17089573814252
466.7,8,3258.2609782234786,133.77403313257707,45.64427423027852,79.40045610175521,62.596413068306816,530.7905895130712,94.49780026471433
466.8,8,3368.026561656684,149.45084332463492,52.7111505514396,77.90421185900438,63.88348098066584,530.1335001939531,109.26368781472256
466.9,8,3126.120707826982,143.9239398345122,47.115890122341284,79.56328215373577,63.19132415583521,530.6538767350139,97.56963192223857
467.0,8,2966.059318267856,130.9975801106017,40.68850408804091,77.69941783244214,64.7640791379212,531.2505154548267,84.16489124101756
467.1,8,3174.926015213081,132.09644469545847,43.9190923671793,78.68927005627295,63.29971301981792,530.9507780978931,90.89870635076807
467.2,8,3277.826763559797,126.01226370120449,43.254114771464316,78.36063370724291,60.48348243919328,531.0125002213288,89.51200627959757
467.3,8,3246.1632797138486,139.437400033913,47.39999053914698,75.23548742925192,64.37823398927272,530.6274765907788,98.16284302884041
467.4,8,3264.3743169562817,132.28911265039784,45.22230280332878,78.74096184251675,63.05164325591236,530.8297789062642,93.61727661136268
467.5,8,3369.5665311427497,119.79108388984223,42.26950366342728,78.09173115919914,63.263895291463946,531.1038665717028,87.45935955160887
467.6,8,3285.671351606269,133.76552147310147,46.025331583436056,78.93171930534277,63.90153181864651,530.7551954358262,95.29306145141759
467.7,8,3329.969717084274,135.62171322233317,47.293137663622154,79.20059893219351,62.168570833332836,530.6374062133347,97.93972369927761
467.8,8,3168.8955798201278,138.7653145866965,46.048710299060815,81.33492084391757,63.69575698412555,530.7530237926051,95.34185597101694
467.9,8,3157.540777623991,130.9704716183282,43.30628974566187,79.59444915400762,64.18357627852168,531.0076578915791,89.62079676928875
468.0,8,3417.7468993563125,128.32257741092974,45.92737141800918,79.64565257810447,64.04126749116854,530.7642947584369,95.08860980156759
468.1,8,3276.135614406414,144.26968707617343,49.49548437175214,79.85589455221518,63.10654112830589,530.4326791193926,102.54014186504914
468.2,8,3208.8168954568314,129.83429258223487,43.627765450238996,80.32428836350195,64.72581538003598,530.9778201659824,90.2911526151512
468.3,8,3209.785113786204,134.23584396769365,45.12041382793133,79.8407314998543,62.764937348395456,530.8392407762715,93.40468550493493
468.4,8,3207.2570759780956,124.82180332660405,41.92304724966926,79.65164568184947,63.16559725952474,531.1360090657716,86.73726108869297
468.5,8,3200.9847763043294,132.81715855572085,44.52115386318681,80.18559416978977,63.683935618073974,530.8948846377206,92.15448541755411
468.6,8,3145.150197590947,117.17774146760277,38.59358576098361,76.43915626556142,64.14435298177118,531.4447221824603,79.80234262015671
468.7,8,3122.5208716436437,123.50278077393484,40.38412748198193,81.87750897588461,63.553415105814565,531.278740203536,83.53084494047414
468.8,8,3243.843811948333,117.64082048308046,39.96194317971704,81.29836005571359,65.13574216934646,531.3178847728893,82.65150587427593
468.9,8,3202.646830232894,121.2174209923103,40.65394614499179,79.67178977381123,64.23175817286014,531.2537201375371,84.0929002470452
469.0,8,3360.0595810544933,133.55166415786636,46.992105093913565,77.73666497129648,64.04156323970754,530.6653787707163,97.31118326769422
469.1,8,3277.9291124361084,119.85152310773702,41.14070531233011,80.9062399737562,64.2555881520192,531.208578009037,85.10699591247327
469.2,8,3269.8073860139193,128.49897039594546,43.9997730443559,78.64321293879225,64.75801480075528,530.9432885748686,91.06697455320331
469.3,8,3167.8360582809473,133.42000758512313,44.260088388649955,80.13901536287896,64.29564754763061,530.9191224162653,91.60992270610508
469.4,8,3220.0885565691783,121.9293477256629,41.11541554976527,77.98195447666038,62.275223249900556,531.2109235553769,85.05430390439315
469.5,8,3258.3687615663107,128.39792796627907,43.81137330783388,82.21665565782591,65.20421674420251,530.9607772769607,90.67405415378126
469.6,8,3283.945068880414,124.4749328453853,42.8061730260767,77.8383219893136,64.26444796763103,531.054070181605,88.57808125266801
469.7,8,3198.178338899553,120.88544140709212,40.486039650602656,79.67626602405484,64.85978423146238,531.2692902190336,83.74313042611247
469.8,8,3300.1800955993676,124.63360055486334,43.07263096404446,77.0718419423669,63.7992370409602,531.0293430135812,89.13360838092032
469.9,8,3188.377725410877,131.57060332966196,43.929600177204755,79.59446400176346,62.40880032456682,530.9498026769897,90.9206212444616
470.0,8,3252.302699978876,113.53911761244015,38.66919154279185,79.15953073491187,61.98702738862983,596.4377154580714,71.24569083857409
470.1,8,3119.2372437634144,110.5945569990485,36.12524315898495,81.06090993766745,63.352069855275985,596.6733835882924,66.53232823415124
470.2,8,2981.8166419722584,109.4932067507678,34.18981316044072,79.21272338128722,64.84430967116158,596.8525540353972,62.94891929205505
470.3,8,3167.2165837672565,122.89061289514852,40.75914740581888,81.11688483448127,65.65555797928008,596.2439643372902,75.12071325419583
470.4,8,3197.832436599989,123.14824222348393,41.23941904683692,78.54941569138352,64.69036027865269,596.1994224413163,76.01155117367284
470.5,8,3170.3079825985624,110.79918323577738,36.78465025483223,79.46829323661917,63.36695074309612,596.6123149341807,67.7537013163851
470.6,8,3142.02643184192,98.92551623303848,32.54968405309953,79.5210992789449,63.665906801580995,597.004302698224,59.91394603551953
470.7,8,3054.644469465797,108.47755150981455,34.69997499955333,80.45930303538668,65.84172714693462,596.8053368237463,63.893263525072825
470.8,8,2996.5623113752786,116.3638017270221,36.51487620486149,80.33630326601995,63.20113320113501,596.6373006225144,67.25398754971138
470.9,8,3110.6915591990023,111.39513369425728,36.2870604149247,80.79103120726525,66.64471050070631,596.658398619873,66.83202760254062
471.0,8,3083.526070818876,112.46406035103878,36.31533056043621,80.27511175207295,66.45004881457267,596.6557806060907,66.88438787818654
471.1,8,2974.15822225001,106.88435482667427,33.28946586703374,80.77949041598016,66.73985374263665,596.9358659186262,61.28268162747759
471.2,8,3116.9956994536183,116.99988371390549,38.190052126566954,78.93991369544725,65.01699684603177,596.4821166403655,70.35766719269077
471.3,8,2911.645366402549,111.66508901831723,34.047443821394374,80.51578333837904,64.32597411104193,596.8657294611401,62.68541077719874
471.4,8,2923.7950568558426,112.73809989211522,34.51805022831993,82.01137982630561,65.05508522737445,596.8221754411366,63.55649117727012
471.5,8,3118.23272185973,109.12566878691678,35.633957764218394,78.09827887185003,65.63859698152518,596.7188740756733,65.62251848653432
471.6,8,3028.696607652952,111.07199631503802,35.22807941214441,80.73424333208376,64.11053880115657,596.7564510521902,64.87097895619513
471.7,8,2895.482631276591,110.01109067075866,33.35692838027396,80.99315559035252,63.691440320126496,596.9296242164927,61.40751567014604
471.8,8,2940.047411062986,99.71528811351155,30.70044709955544,81.96844837470724,64.54005865389834,597.175305581196,56.49388837608171
471.9,8,2910.6826417941948,108.24560735487913,32.99390772470882,81.12070097179594,64.08305826128841,596.9632097200154,60.735805599694004
472.0,8,2618.3919340212888,110.60928165319125,30.328773257284308,80.40465500320347,66.12763926910664,597.2096631789794,55.8067364204112
472.1,8,2776.4135602588512,112.60203508299828,32.73851789161504,80.83560239901338,64.30172244719515,596.9868352900942,60.263294198116455
472.2,8,2841.096000514986,106.88942226351489,31.801620922625528,79.47311146141934,65.04520157354982,597.0734895460457,58.53020907908558
472.3,8,2795.579994033599,96.6943853317589,28.30751843846925,79.9256371726789,65.96401430489102,597.3964388556799,52.07122288640221
472.4,8,2836.6377809057826,97.26074236255096,28.8914993804974,78.82479319419357,66.29223185839868,597.3424876789281,53.15024642143726
472.5,8,2904.3817077665553,99.39761424512544,30.231400818267517,82.24890151128032,65.25236323502365,597.2186636484564,55.6267270308706
472.6,8,2750.705380316157,103.28893755368453,29.752708349960105,81.04187208017419,65.4595097913012,597.2629068769719,54.74186246056206
472.7,8,2665.2366225692967,100.6419037589768,28.08944986277116,79.43994917825842,64.08962428068962,597.4165826478303,51.66834704339408
472.8,8,2781.368957619902,93.18258419951617,27.14075793566886,80.90289282555167,66.16106121709605,597.5042009181959,49.91598163608273
472.9,8,2704.6440765847988,92.70854948752955,26.25781144975573,82.00683740357988,66.43290234069214,597.5857239639636,48.285520720729664
473.0,8,2706.4226335127332,85.5119736994044,24.23545430639312,81.84569775875096,63.33038197987163,597.7723654597869,44.55269080426319
473.1,8,2679.55446382029,77.9679028988835,21.877971887933672,79.58027433758207,66.99501481386169,597.9897877990638,40.20424401872219
473.2,8,2906.759206878018,98.50231287827123,29.983622593945316,76.97229040099401,64.56271801851075,597.2415654129211,55.16869174157705
473.3,8,2467.954678867289,115.30528803191321,29.799914846941768,81.2471748632559,65.88928798326211,597.2585441015563,54.82911796887606
473.4,8,2631.529604777449,111.29870970557509,30.670934444329625,79.74863649305067,65.4034661172175,597.1780338816113,56.43932236777346
473.5,8,2656.2702556566155,91.55023658299508,25.465977326816223,81.60019105192742,65.29674010447658,597.6588155532245,46.82368893550915
473.6,8,2571.2474309817703,99.14312792748177,26.695318414316542,82.03458556461194,65.18177036870753,597.5453314420336,49.09337115932772
473.7,8,2720.446049933481,87.5573416646013,24.94372461270944,82.27182446513117,64.42685483116522,597.7070131532348,45.859736935302635
473.8,8,2702.4348040814953,88.3601505944516,25.005773370005997,83.07069300886238,65.97432999611311,597.7012872129401,45.97425574119825
473.9,8,2611.5913503290503,88.91831489959442,24.31784372787108,82.50250392686468,65.19549173636642,597.7647641011724,44.704717976551365
474.0,8,2582.1397145222,95.49826585041379,25.822830269449305,83.16053233307845,64.20309569756144,597.625877860122,47.48244279755909
474.1,8,2589.748490928284,95.59632164362337,25.925514774609965,82.758466550169,64.5084387408242,597.6163993570083,47.672012859835604
474.2,8,2583.796311635046,98.46008425081816,26.64078974324305,82.90589325040443,64.28186298127316,597.550366062248,48.99267875503824
474.3,8,2580.5381648141797,101.17234596527753,27.340139417518923,81.14054134358202,65.08052153087328,597.4857887992282,50.284224015437076
474.4,8,2565.250940463999,94.03151402020278,25.25991601721755,79.68585053630441,66.1209478684597,597.6778334483885,46.44333103223062
474.5,8,2603.1430907071926,96.52427030154536,26.312565022034445,84.25552913030376,64.95539726032055,597.5806691791639,48.38661641672161
474.6,8,2647.7137700490466,88.51678902425,24.542867538072684,81.39640954736424,66.67255052763335,597.7440021135798,45.11995772840464
474.7,8,2457.25588121053,86.68615760893198,22.30636243168185,82.83967069928569,65.60841170560228,597.9502906368224,40.99418726355225
474.8,8,2473.2870058029544,85.55060555223986,22.15777875952797,80.74953515590529,65.46865868489043,597.9639904897862,40.720190204276605
474.9,8,2406.980237041391,100.55559027985151,25.345879286522678,82.6114998523029,65.80518332852292,597.6698998386826,46.60200322634978
475.0,8,2656.427437113819,93.6346450633823,26.047325892894726,78.56604400995204,67.21384066257103,597.6051549413135,47.896901173731976
475.1,8,2599.991005776183,82.91301383218308,22.574761218799775,81.05294916272315,64.47752509334413,597.9255418799495,41.48916240101016
475.2,8,2627.379713763446,95.60178930579275,26.303738665167266,81.47313832942068,67.53531572369742,597.5814840237579,48.37031952484381
475.3,8,2447.8408706928954,87.35588745622965,22.392572028330633,82.19237669762096,66.86909744155922,597.9423415688718,41.1531686225635
475.4,8,2758.5870181729806,107.79612830389226,31.139989996700777,82.96994943632201,65.91716974273216,597.1346690284438,57.30661943112523
475.5,8,2537.673051137802,92.21910445579918,24.50671984914101,80.41707599534588,67.15163787479808,597.7473374043266,45.05325191346856
475.6,8,2619.125325354637,101.16022238470272,27.745635292992464,82.56878593077961,65.67581907097016,597.4483392865743,51.033214268512666
475.7,8,2693.089261952602,104.15257242904245,29.373071817551608,83.29584487510245,66.31354055742887,597.2979901632024,54.04019673595258
475.8,8,2528.0901069856686,90.00667128727085,23.828454086267058,84.68619744147975,65.51590521694635,597.8099129998434,43.801740003131044
475.9,8,2581.0431417654477,97.40586873799018,26.32746267984617,82.76654961930302,67.05313648373685,597.5792938302193,48.414123395615434
476.0,8,2662.221456178826,100.95103195122364,28.14385341132262,81.41490960684354,65.40862814532011,597.4115573207425,51.76885358514937
476.1,8,2930.0850758431934,98.10944628987784,30.103685836850097,80.4881429582962,66.09361602303012,597.2304683703297,55.39063259340537
476.2,8,2701.827492817922,100.07262262562716,28.31401880411559,84.25746482517775,66.85309713145537,597.3958383721813,52.08323255637538
476.3,8,2841.5909586392086,88.50199248003838,26.335600680194304,82.99560638861921,67.25099371795832,597.5785425288855,48.42914942229072
476.4,8,2820.460374793846,101.97205838374916,30.118255039206815,82.13300647868031,65.41036289701988,597.2291217596647,55.417564806705286
476.5,8,2758.982482058123,94.99470710864695,27.445867918542575,80.26437829920732,67.0132349864078,597.4760247132548,50.47950573490425
476.6,8,2649.308203537719,101.16741160202405,28.06737135953145,81.13971902231327,65.30655229885116,597.4186220438917,51.62755912216653
476.7,8,2864.371978063362,105.50359732477345,31.646472078414803,83.06389474530226,64.16650588041409,597.0878369318312,58.24326136337504
476.8,8,2642.9332386160104,104.10644519158365,28.8132619912957,82.78026639525818,65.5969279788537,597.3497162210551,53.00567557889849
476.9,8,2960.0297052502556,102.24526544438586,31.693331569122915,80.0696055827499,67.2076590287338,597.0835036745439,58.32992650912388
477.0,8,2850.762520736631,104.69652419704275,31.255174091576173,83.21405009592745,66.38863903543421,597.124019127066,57.51961745868016
477.1,8,2604.9152655031194,105.43546710495639,28.761328682973105,80.62267230085563,65.89356118477322,597.3545143683231,52.909712633538675
477.2,8,2850.3567542760798,111.51721678862008,33.286624752414994,84.17965189760034,66.51158406452785,596.9361287786367,61.277424427265714
477.3,8,2971.925251195964,101.25920157189051,31.513816266211837,82.85531156768981,66.50589232015771,597.1001037255367,57.99792548926803
477.4,8,2915.4369775584046,103.11038915082557,31.479998407084963,82.09929515842451,67.13261542042319,597.1032308101891,57.9353837962185
477.5,8,3035.0725635131007,108.9681184767287,34.63356109266474,83.8940899814202,64.92606550442194,596.8114840817664,63.77031836467381
477.6,8,2916.60475623783,99.50725040122438,30.392114979508374,83.18074971031068,66.46231239489687,597.2038081393886,55.92383721222859
477.7,8,2904.4931023590884,94.10426665413367,28.622547320828406,84.39724584231311,66.7156609629687,597.3673360757527,52.65327848494621
477.8,8,3053.9484362325506,107.42928344760828,34.3568229609822,82.9548163855142,65.25255735411369,596.83709753781,63.25804924380009
477.9,8,3096.852957579766,103.0738790273228,33.4270324789385,83.07586703270414,65.26521149928932,596.9231379731034,61.53724053793212
478.0,8,3094.793157618058,96.61603256742501,31.311901754047867,82.61814102679371,66.30577158873972,597.1187739569643,57.624520860713346
478.1,8,3279.4062746908676,109.22055640004949,37.50837297554533,83.32727386942499,66.70500719123292,596.5452754402927,69.09449119414717
478.2,8,3117.8265870630007,117.15007657673586,38.24927000188717,85.10063448281846,66.73434579479054,596.4766293624812,70.46741275037562
478.3,8,3264.9574256446685,97.1508628193699,33.21641841673141,82.51125929432884,66.19157928058567,596.9426241970236,61.14751605952847
478.4,8,3279.069807818262,117.15310997359374,40.228431734876054,83.94370244561624,66.17602948117924,596.2931767826824,74.13646434635325
478.5,8,3162.8928799601204,93.68531166364748,31.030202336296433,82.1612953751893,66.40342959552983,597.1448196211336,57.10360757732815
478.6,8,3224.3691656400038,110.10020745269637,37.17590200094763,80.78950631597381,67.12217228381333,596.5760745945734,68.47850810853288
478.7,8,3390.397243106101,127.25203089714549,45.17976071534118,83.57037262627261,68.09311615088292,595.8337295933159,83.32540813368155
478.8,8,3617.7245545524243,113.54441953918274,43.015988761145515,83.8178203403418,64.65274017094731,596.03459955553,79.30800888939984
478.9,8,3525.405014373963,117.95386595107036,43.54615512932329,83.29325272420468,67.52057568140839,595.985395102146,80.29209795708084
479.0,8,3347.8838132983706,124.15258121973535,43.52660044880183,81.68217571873504,66.81065031130366,595.987210106736,80.25579786527828
479.1,8,3258.309579938857,108.29129840409051,36.950006930283614,83.89461972297738,67.47154191874353,596.5969990390925,68.06001921815096
479.2,8,3665.9354151028606,122.31050304291679,46.95449562476369,83.90118714430575,68.15516725900255,595.6688733329568,86.62253334086472
479.3,8,3630.1068026473145,123.7589394375069,47.04620533223727,82.56727225705076,66.2380861385632,595.6603518618347,86.7929627633066
479.4,8,3791.0407488210194,137.8529309043718,54.727180554395495,82.0618575165858,67.96088660673448,594.9457781651583,101.08443669683311
479.5,8,3642.7060672839875,117.67660314003446,44.889303876670084,83.43545470553812,65.78568763803345,595.8607015675639,82.7859686487227
479.6,8,3803.7369499649394,125.16822447784011,49.85780849346753,84.57413682748734,67.19025462921752,595.3989843802555,92.02031239489088
479.7,8,3895.2423874125193,122.85405971651005,50.11325562967784,84.34293188275974,66.84283732779492,595.3752264763444,92.49547047311125
479.8,8,3816.990312166992,123.62578942779406,49.41499474377264,82.83828350318234,67.15410358324239,595.4401638211938,91.19672357612444
479.9,8,3863.876405604908,140.27241375028478,56.757611934389125,84.11195118144516,66.14102870182235,594.7565943176079,104.86811364784216
480.0,9,3951.7786763042595,134.08010697761063,55.48627618022727,88.06455168657068,70.08895172874877,594.8750642332799,102.49871533440228
480.1,9,4046.0833114372604,131.51578498491767,55.72387641884304,85.64516006946107,71.26012482570238,594.8529269795624,102.94146040875034
480.2,9,4038.401027001931,133.2885281308128,56.36776741311077,87.1804985410686,68.72351159107482,594.7929271918791,104.1414561624174
480.3,9,4177.566682661755,134.47626812480814,58.82983864791811,88.7646229715957,69.90630413836665,594.5633909417147,108.73218116570683
480.4,9,4086.4253897821286,136.60358831120445,58.45670061783096,85.67945968229331,70.59357881099785,594.5981896968253,108.03620606349455
480.5,9,4049.3393734137053,132.56562345405587,56.213899506270856,88.64831133047413,69.46176664532328,594.807266197684,103.85467604631913
480.6,9,4408.490569526267,141.09657747080163,65.13808903119313,89.25697754043344,71.13945430783069,593.9744616785023,120.5107664299544
480.7,9,4208.250165577667,141.8778331898427,62.52370629253384,87.0995443554331,69.36967713287693,594.2186797645388,115.6264047092236
480.8,9,4256.530874626877,140.5651947364031,62.65593344342143,87.00677887384204,69.70312270778273,594.2063328589606,115.87334282078814
480.9,9,4348.913149123234,148.4247314752534,67.59516374714102,88.71025486941603,68.84606080098423,593.7447531682793,125.10493663441366
481.0,9,4405.926946095098,150.47966845272265,69.4294517023465,87.29928586630284,69.98534641962486,593.5731509545951,128.53698090809644
481.1,9,4406.898960442995,146.35560473113378,67.54155728318933,84.75093371163024,69.88106140901529,593.7497666790573,125.0046664188551
481.2,9,4485.736624945443,150.68481527099772,70.78347484878017,87.50811265419402,70.53296133060684,593.4464143335745,131.07171332851067
481.3,9,4527.005769664771,168.23494024935675,79.75462258899715,88.24306262400499,69.27961280293454,592.6053278389261,147.89344322147713
481.4,9,4590.375181904778,169.3869105244601,81.42479011391782,88.618515767111,69.25231705464111,592.4484748349719,151.03050330056135
481.5,9,4392.347325601161,148.57232546084387,68.33814936549865,86.72541732749885,70.41503168310906,593.6752570923695,126.49485815261073
481.6,9,4837.054519164171,150.94397968302235,76.4584336163552,87.5100823902134,71.3676879927001,592.91464142978,141.7071714044016
481.7,9,4685.928071941906,151.30983366673257,74.24913351370785,89.05771241858068,70.61719476978183,593.1217789238231,137.56442152353884
481.8,9,4796.081608771965,167.4912882284008,84.12157690445662,87.86490822723263,71.85301093281517,592.1950296204916,156.09940759016808
481.9,9,4650.424984612677,158.65350293014532,77.26288604774514,86.15380110914252,70.57804555034788,592.83918194274,143.21636114520174
482.0,9,4776.410390694516,164.45661354117073,82.25865336805037,89.52472406563324,70.55889368324317,592.3701314617932,152.59737076413558
482.1,9,4796.454561230639,178.0770969197927,89.44519589719083,87.83378298013002,70.73547796047215,591.6940671266004,166.11865746799253
482.2,9,5038.4467766646985,165.32762020841145,87.23097116874224,89.45121688317093,71.56065977349525,591.9025342408369,161.94931518326257
482.3,9,4880.970718603806,171.6296634471393,87.72576641929132,86.51811925285305,71.32608091933702,591.8559626665094,162.8807466698106
482.4,9,5045.715728794941,171.59581478338754,90.66884601336776,88.09826533871735,69.01937059622988,591.5787977099685,168.42404580062862
482.5,9,4948.233399829673,165.08360638985488,85.54265830865594,88.9057784539253,70.92028310783617,592.0613872785734,158.7722544285316
482.6,9,5002.5762399539,177.84425719719462,93.1670147114898,88.24002526927515,70.40022283715194,591.3433254042563,173.1334919148719
482.7,9,5057.003802223006,165.69139886370237,87.7448958199171,86.97534808741095,69.95570748380634,591.8541620022345,162.91675995531023
482.8,9,5236.236058285721,182.20728409021137,99.91106072491395,85.58099501651014,68.39139893845473,590.706692869034,185.86614261931913
482.9,9,4967.839014303206,169.88390738662866,88.37885549579087,90.32312211668446,68.63846060426897,591.7944806345772,164.11038730845462
483.0,9,5054.638189467396,171.79683901749468,90.93558416071497,88.84273081415634,69.8281539739989,591.5536645830898,168.92670833820375
483.1,9,5026.014414642242,168.6478678286266,88.76325152485117,89.99495780983972,68.74173408900296,591.758287402201,164.83425195597988
483.2,9,5138.194457808391,170.89978492764425,91.95612680916936,89.75873615292544,69.87597640291023,591.4574849955577,170.85030008884587
483.3,9,5194.007716893684,175.46176369826236,95.43632313725264,89.40990579256996,70.94718384925618,591.129259919833,177.41480160334163
483.4,9,5146.429250365167,162.48594698906442,87.56900813263609,88.35725541043259,69.6646959608811,591.8707180185576,162.58563962884864
483.5,9,5257.839401222402,178.90467702346788,98.5048533673073,89.37956005849345,70.34162348321786,590.8395527079815,183.20894584037092
483.6,9,5163.039454173927,177.99074691831507,96.2346535776498,90.55966709906826,69.20041505489473,591.0539154032422,178.92169193515542
483.7,9,5283.651603671243,188.06077676677435,104.054535939201,88.98881704802085,70.5810366288896,590.3148597738987,193.70280452202792
483.8,9,5519.388553490001,186.45090866483685,107.76657755437682,91.21961918553956,70.80200195894643,589.963376092627,200.73247814746082
483.9,9,5467.739705522457,179.47080061049815,102.7614561651123,87.18643318941366,68.88222315506768,590.4371982800654,191.2560343986911
484.0,9,5470.319580529957,182.12318440912463,104.32936214935945,87.10539288186406,69.5642543429673,590.2888517740923,194.2229645181544
484.1,9,5379.419227097587,184.57375248010894,103.97620222784548,90.26709421872529,69.05964477808527,590.3222724070836,193.5545518583274
484.2,9,5349.992199638014,197.474800482044,110.63523189830562,88.14640493400032,70.84639425611275,589.6914584596666,206.1708308066693
484.3,9,5408.005556540226,182.14773055534735,103.15481670648285,91.62815980137617,70.51123930494552,590.3999878240618,192.00024351876436
484.4,9,5531.499245948692,183.66979761686676,106.39206122914567,90.82798554140416,70.3072620041084,590.0935751616139,198.12849676772203
484.5,9,5636.540749419861,181.58558125950972,107.1821907625101,91.17503830680738,70.23812001477714,590.0187384280928,199.62523143814337
484.6,9,5657.338542356183,179.86204160897677,106.55658782710175,90.37780374226082,70.69835040969384,590.0779936966649,198.44012606670276
484.7,9,5648.171936634479,193.1089228290945,114.21913529124386,88.25685347594091,70.72716455499442,589.3513838495437,212.97232300912697
484.8,9,5533.95854826376,193.07658625772405,111.89073618379365,87.41755845034635,69.89721736046062,589.5723698016418,208.5526039671629
484.9,9,5621.247618103844,201.30462343306732,118.49910879331489,91.24887237110251,69.76536261414027,588.9447351249219,221.10529750156275
485.0,9,5602.418236426086,200.25674116144833,117.48739905639874,87.70051815278553,70.34981066381934,589.0409112971632,219.18177405673532
485.1,9,5627.021315126608,210.3607629942477,123.95724508448168,91.4470699040249,70.22659841836031,588.4253150435924,231.49369912815246
485.2,9,5852.026412555941,193.6503269292548,118.67333031725362,90.39367275914087,72.48422319010095,588.9281698713469,221.4366025730635
485.3,9,5502.670124215447,192.90260633304243,111.15786374908386,89.54327579289927,70.04653334216002,589.641891080575,207.1621783885007
485.4,9,5658.543700473592,186.15597878912678,110.30883077615096,90.20959119609734,70.72665902167023,589.7224106486752,205.55178702649528
485.5,9,5805.971314368826,200.6372415212005,121.98742163201045,90.28154429761405,70.90916381840658,588.6128798508888,227.74240298222367
485.6,9,5560.875623540584,197.06697659576,114.75870882664081,89.52406527991224,71.8496824821647,589.3001493917634,213.9970121647309
485.7,9,5647.5473531184325,201.2446070415436,119.0180279405037,91.52124157116383,69.64357105280175,588.8953926862748,222.09214627450365
485.8,9,5666.32677005545,189.13291657572378,112.22700004076106,91.5232488711416,71.79967690443344,589.5404657667762,209.19068466447584
485.9,9,5702.596290232166,199.9616911981273,119.41202037277034,90.08319702389852,70.31758233117021,588.8579235186705,222.84152962658936
486.0,9,5578.785988870378,199.303284331702,116.43479288854168,89.218932997422,72.97094682209713,589.1409412504963,217.1811749900735
486.1,9,5792.946374513696,199.17944486650268,120.82940692903243,91.54826922811323,70.83650184835757,588.7230880918703,225.5382381625941
486.2,9,5805.11339941268,193.7356974314977,117.77387821530786,87.59592311814528,69.24894241485411,589.0136809743922,219.72638051215768
486.3,9,5794.994696528089,207.12941719623922,125.69657496742073,90.59720639667847,70.28435822946328,588.2595961663893,234.8080766722137
486.4,9,5668.389775374361,213.41531093241363,126.68170430822937,90.99322903124225,71.82110466040864,588.1656933020499,236.68613395900024
486.5,9,5763.19643053275,191.52341135723415,115.58830860609272,89.15257975351557,70.56936753763881,589.2213581889005,215.57283622199066
486.6,9,5672.993964852512,204.54547870434834,121.51526092381927,91.35566253366864,70.430864406945,588.6578204585458,226.84359082908372
486.7,9,5729.901785987422,179.53812177644022,107.72896154259612,90.1956254050398,71.21182246881642,589.9669399929385,200.66120014123157
486.8,9,5968.765578276764,204.51847571662512,127.83379666213953,89.61226287361158,70.14983490766703,588.0558366333926,238.8832673321474
486.9,9,5775.63055659313,186.87698799496889,113.02742903861387,91.46242733421467,70.2857782987944,589.4645085345958,210.7098293080844
487.0,9,5655.77978975636,196.39821273410342,116.32113762293996,89.04283171735699,69.55318723963774,589.1517399256595,216.9652014868086
487.1,9,5787.52060029399,190.96211211423577,115.73597571714065,91.42741185228998,72.22770405620393,589.2073312609868,215.85337478026418
487.2,9,5643.537688192662,198.70004678514655,117.4297177426387,88.04392007306032,69.27696466031281,589.0463936921691,219.0721261566182
487.3,9,5659.434811234189,206.11304048461588,122.15384724122106,90.80356120542947,70.66940632634271,588.5970376694488,228.0592466110238
487.4,9,5675.6670658220455,187.24895415013458,111.29225201694454,90.55092945002302,70.97985896448935,589.6291440756094,207.4171184878128
487.5,9,5733.4854767838915,197.7193636974799,118.7125240154501,89.88789898569382,70.48602906531575,588.9244431426752,221.51113714649682
487.6,9,5865.753942771352,196.6050502871516,120.76668041079375,91.03991323963085,69.24519420983555,588.7290565725885,225.41886854822906
487.7,9,5832.700397669462,211.2066576595418,129.00480627966326,90.51331698525046,69.49934091730847,587.9441331765378,241.1173364692445
487.8,9,5828.449175236043,203.08055910646945,123.95098493706489,91.91047788987372,71.01934102707764,588.4259113223694,231.48177355261168
487.9,9,5675.417774409983,191.71532731228808,113.94185597979866,91.35266662216279,69.71533532829166,589.3777089940558,212.44582011888497
488.0,9,5729.518038558741,196.53358575529077,117.91891839193434,91.2589572068362,68.42125948352817,588.9998936849177,220.00212630164697
488.1,9,5808.023699942396,210.5818579609849,128.07900674806686,91.10078879242455,70.87798885141261,588.0324494513064,239.35101097387133
488.2,9,5723.884037726658,204.52636172757823,122.5938650772165,90.21837553040234,69.6159209732645,588.5551478442304,228.89704311539163
488.3,9,5758.706954835423,192.91556545601657,116.33780546442269,90.45681588320238,71.11671373785776,589.1501562969838,216.99687406032353
488.4,9,5828.880522120485,197.27235702193343,120.41483779468207,91.15042522214401,70.28062388401901,588.7625324053855,224.74935189228972
488.5,9,5755.875384916961,197.27654246531958,118.90919761778163,90.6776984227563,70.22885653489419,588.9057417280221,221.8851654395587
488.6,9,5812.834159382583,194.91925321479187,118.65096902813725,92.2522106831488,70.52700408298234,588.9302960706353,221.39407858729328
488.7,9,5945.343800340197,186.4593967502699,116.08867821385745,91.06291528933095,69.33204338985865,589.1738252280811,216.52349543837772
488.8,9,5780.743782459776,193.41680034774376,117.08642160404047,91.43380951951114,69.64052869944896,589.0790205664294,218.41958867141102
488.9,9,5912.535383357001,207.59792318281325,128.53617597256564,89.3308666552809,70.2011775520929,587.9888413615363,240.22317276927424
489.0,9,5857.490136527314,194.90359605214968,119.55287818592284,92.1769612983472,69.31155377171889,588.8445265869426,223.10946826114787
489.1,9,5669.268134321337,196.53222188879315,116.67810848096781,90.37823066623356,71.16418530421029,589.1178218626935,217.64356274613078
489.2,9,5708.743410993345,197.90799127442102,118.31300149214074,89.85456174691245,70.13713607145989,588.9624294476705,220.75141104658996
489.3,9,5739.557954274149,212.10716159828067,127.48597088886332,93.11082608230791,68.9889029582393,588.0890076431028,238.2198471379445
489.4,9,5743.383784421996,196.2853282207924,118.05497516261308,92.0017520304696,69.87281286699856,588.9869597458562,220.26080508287578
489.5,9,5822.425947049636,203.51166099186932,124.08574441847057,92.36586770239725,70.52622518710963,588.4130752150968,231.73849569806407
489.6,9,5896.397095016146,191.2860644383038,118.11326463376452,91.76703504699887,69.97179218338346,588.9814184077551,220.37163184489827
489.7,9,5964.864452513765,193.26589834131528,120.72144545683659,91.13768250984987,70.81023855928596,588.7333606397565,225.33278720487147
489.8,9,5883.158282327467,194.76766069534804,119.9930241864762,90.94129649113502,70.97667989775427,588.8026604674042,223.94679065191553
489.9,9,5820.459454989312,188.84933892469206,115.10689928514479,92.23864235756771,72.79624639197124,589.2670826316448,214.65834736710462
490.0,9,5674.583565485378,192.42175307242925,114.34489523376253,92.68914986960814,71.53677546555512,589.3394432992059,213.21113401588264
490.1,9,5889.398645497163,199.63532454282145,123.12236816892504,91.27424855808994,68.74102957119048,588.5048261571947,229.90347685610686
490.2,9,5896.152761369766,187.3799421700607,115.69655979973679,93.86858483786027,70.00812054258849,589.2110754532918,215.7784909341649
490.3,9,5922.826225334569,192.53963252599723,119.4201871027036,91.16973500067199,70.09235029993965,588.8571468011363,222.8570639772738
490.4,9,6118.029789055552,197.05030151718205,126.24590762562886,89.7582077622881,70.92438755896671,588.2072373638828,235.8552527223435
490.5,9,6049.0407438446655,185.86235572871246,117.73526484196528,89.38920533174907,69.40574315031674,589.0173513896486,219.65297220702723
490.6,9,6019.78112190255,198.84091027434727,125.3473224140143,89.45322835974187,69.79777827685106,588.2928796948452,234.14240610309662
490.7,9,5868.597835321964,191.2181857278856,117.51469030077183,91.00501970592397,69.0740095501029,589.0383173293344,219.23365341331305
490.8,9,5926.841854731316,189.08336772061233,117.3559966228433,91.24571363699476,69.70523761581345,589.0534004598911,218.93199080217755
490.9,9,5982.939845373905,175.71029288770822,110.08812043338939,92.3653001104512,69.73131183096677,589.7433384462697,205.13323107460565
491.0,9,5935.457190233567,186.67765639476832,116.0312938216979,91.53339764590848,69.97173896095065,589.1792768951832,216.41446209633727
491.1,9,6074.635703369366,191.41785194371266,121.76747337008106,92.60081836998094,69.08639405382979,588.6338155607557,227.323688784885
491.2,9,6079.769742838836,200.5566530884247,127.68880516516421,91.6631871570899,71.24279046661555,588.0696644638787,238.60671072242667
491.3,9,5962.0466407152335,191.83638583224845,119.77190879725711,91.64557863540222,70.72053377754979,588.8236934364295,223.52613127141012
491.4,9,6199.504451193274,195.266602585045,126.76914587947637,90.95586458063111,68.78674394525433,588.1573568630765,236.85286273846827
491.5,9,6116.692011707807,178.4418925464758,114.2989003345877,93.37500828496339,70.24850047390328,589.3438104417593,213.12379116481452
491.6,9,5964.6656291835325,185.54160788329852,115.89268815923184,89.84862879156587,68.64392791593609,589.1924443711504,216.15111257699255
491.7,9,6146.786710459567,194.5001244550457,125.19778493388264,92.06597619362778,71.53779669022481,588.3071293391973,233.85741321605337
491.8,9,6201.889013068768,179.2686703777547,116.42788421608458,91.50390129708832,71.79571190943163,589.1415976725084,217.16804654983093
491.9,9,6291.8625602343,191.77021006712354,126.35399833742736,92.67694756705332,70.11163474641661,588.1969337429229,236.06132514154297
492.0,9,6192.410597996892,189.68122188063003,123.00214974959066,91.73028730008875,69.30020286957786,588.5162735854753,229.67452829049307
492.1,9,6328.885551426366,186.00945334158249,123.27950348386074,91.78157408932047,69.47376379128218,588.4898627464754,230.20274507049294
492.2,9,6294.492168812578,181.32844165152926,119.52403464879266,91.46662994088868,69.6691868284878,588.847269935112,223.05460129776066
492.3,9,6178.9706090408345,176.27337068715596,114.05949819223277,93.47337611334312,70.00070983301204,589.3665402302456,212.6691953950865
492.4,9,6197.33353125569,195.15878365191853,126.65478163908595,91.81869989606064,71.46232892869213,588.168259986742,236.6348002651614
492.5,9,6466.957698298429,186.713970478535,126.44610395678369,94.19321058538151,71.03149907736623,588.1881535915493,236.2369281690144
492.6,9,6503.1183191546725,184.2416460726994,125.46947442643774,92.1696123035962,71.03065728039957,588.2812391289315,234.37521742136937
492.7,9,6449.983858891932,178.54085084869214,120.59376267293355,91.88178320850498,70.21370586217502,588.745509201277,225.08981597445995
492.8,9,6591.805392940335,181.276886717957,125.13402937925186,91.69350216254047,68.87271179979828,588.3132044847424,233.73591030515172
492.9,9,6581.069470855202,181.7537524508796,125.25886705439565,92.55668008931596,69.23918570650275,588.3013088200275,233.97382359944913
493.0,9,6577.160122503558,182.99719176920908,126.04088913317888,91.18466595618038,70.05260740497367,588.2267795005417,235.46440998916523
493.1,9,6457.682023335816,184.94456674588528,125.06818625785559,92.07624675195545,68.77315650726754,588.3194784161899,233.61043167620323
493.2,9,6741.271481496351,173.94219093004943,122.7934979969683,91.92120067057283,70.26033868683517,588.5361407270518,229.27718545896255
493.3,9,6660.720798353068,168.7781789100725,117.72430738823866,92.31127527896443,70.74330902277774,589.0183929478965,219.63214104207054
493.4,9,6606.5293940813135,179.26910676789637,124.02448837011326,92.35001657686662,70.46509328389396,588.4189100457386,231.62179908522944
493.5,9,6613.502988648478,166.09366010047037,115.03055828597785,92.42083555919639,70.40623440279779,589.2743328652175,214.5133426956511
493.6,9,6735.546420086684,175.71417527639744,123.9390748462917,92.06024736022289,68.01579601623298,588.4270457546088,231.4590849078229
493.7,9,6586.888571665896,174.08197882164532,120.07780746623376,93.83647139317647,71.1962069774011,588.7945952941053,224.10809411789387
493.8,9,6846.883500231594,180.76622103841953,129.61009694732277,92.46765608599136,68.2759792519797,587.8863770687933,242.27245862413383
493.9,9,6724.852171093259,190.89127702537763,134.43038523845533,95.09404737403317,69.67087179311389,587.4260167361128,251.4796652777443
494.0,9,6885.890115826924,163.10176390843688,117.61084326093562,92.03243116712042,70.42216616446554,589.0291780337993,219.41643932401462
494.1,9,6836.545301455501,192.34590959187082,137.70454322984537,93.12850577396162,70.1419691422042,587.1128981882431,257.74203623513813
494.2,9,6896.53347350527,174.51992974494502,126.03886857023957,91.1112052461979,68.48503388728437,588.2269720917798,235.46055816440344
494.3,9,6885.3985501567,178.3232736395064,128.57772284916427,93.66751949249586,68.64379504031834,587.9848779942145,240.30244011570971
494.4,9,6977.6977049561165,165.7344306461988,121.10261169461593,91.144992918012,70.00819686072342,588.6970909906258,226.05818018748323
494.5,9,7208.2324384718895,182.37863590340416,137.6674802830463,92.54020129532019,70.21073125576852,587.1164445511624,257.67110897675025
494.6,9,7196.0254899664715,175.46588840882592,132.22513242755218,91.67830150861734,68.5712021587517,587.6367202456095,247.2655950878118
494.7,9,7133.759200943384,174.53323119108063,130.38426785995244,92.53994215836892,70.04927951692832,587.8124897193729,243.75020561254132
494.8,9,7133.213661178821,161.20269613733134,120.41654209903353,91.71714793312843,68.1194577678483,588.7623702598298,224.75259480340242
494.9,9,7251.201110144621,175.0948943698094,132.95725827188917,91.0526223741221,70.23693077708764,587.5667855280008,248.6642894399847
495.0,9,7313.545335977112,180.32612449401535,138.10685163435895,91.67408925224265,68.70627830627446,587.0744005456802,258.5119890863973
495.1,9,7162.330585373591,172.59149864967824,129.45009702906344,93.84962199579753,69.6479829889918,587.9016451951871,241.96709609625714
495.2,9,7268.49914012279,182.31808871420822,138.7724068658993,92.5596349395804,69.45719452047784,587.0107009849905,259.7859803001893
495.3,9,7137.148001757783,181.89531255490746,135.948627724031,90.4509127659737,70.68214800980779,587.2808646255407,254.38270748918399
495.4,9,7450.951184908249,169.35680767870028,132.14264480591643,93.31007339198236,69.74029750048662,587.6445986292008,247.108027415984
495.5,9,7574.059277230027,184.90272401887282,146.6562672652508,90.92333065738013,68.87552328545496,586.2550669194768,274.89866161046393
495.6,9,7418.67744363282,173.95939242061425,135.1459355254127,92.88216478781113,69.8104589740502,587.3576154323308,252.84769135338365
495.7,9,7241.902860943222,173.90880024189582,131.88726800312645,92.65037056323737,71.56930670166697,587.6689882712682,246.62023457463647
495.8,9,7533.814178223785,174.1844490350445,137.4209356694434,92.72203685574914,70.14283227209053,587.1400340235432,257.199319529135
495.9,9,7421.7138289128325,173.9203949355514,135.17094046291191,94.20163682241723,69.31914957190578,587.3552248512119,252.8955029757617
496.0,9,7475.619806961381,154.98030880372494,121.32557155462881,90.97824036695896,68.52010487055698,588.6758732639269,226.48253472146394
496.1,9,7628.563117970011,172.06103510613988,137.45289558202884,92.69981755906618,68.71242431649183,587.1369761975781,257.2604760484387
496.2,9,7622.948396940211,163.79237924919445,130.75108136475376,93.47207984149125,69.98390615271005,587.7774741884574,244.45051623085192
496.3,9,7581.413016153044,184.71665403529863,146.6509321040335,91.18172916040737,68.39291025331434,586.2555789461585,274.88842107683126
496.4,9,7594.342616230816,184.43882837939972,146.68008705208777,91.05145736819695,69.25600612537077,586.2527808730906,274.94438253818885
496.5,9,7695.5004946794115,179.31515291168063,144.50486856054826,91.59381665644878,70.66534854427957,586.4614669673964,270.7706606520719
496.6,9,7671.32275032713,171.70877509839053,137.94036252275697,92.319659828339,69.35234482758842,587.0903328258308,258.19334348338316
496.7,9,7630.672244620354,166.3592440157263,132.93469886279962,90.22840651109306,68.09685680762828,587.5689407200978,248.62118559804344
496.8,9,7729.403925243596,168.86011734254666,136.67897337952036,92.57311864267342,71.3276888249227,587.211013538528,255.779729229439
496.9,9,7817.295350548445,187.11972582518763,153.1809332331515,90.21129178301373,70.88596071986576,585.6281939987188,287.43612002562486
497.0,9,7791.210108771844,168.74377203375693,137.67696611875326,93.44273499463796,69.59818239353629,587.1155369044606,257.6892619107889
497.1,9,7695.973302213192,157.17742459467215,126.67249912692388,92.49610400340188,70.34607953004722,588.1665708846947,236.66858230610728
497.2,9,7945.348049974507,180.96433354200838,150.56864154833266,94.16366236092853,68.77649051738919,585.8793411863204,282.41317627359194
497.3,9,7611.307876139669,184.35203569913403,146.93858220172928,92.65821191227934,69.7409014971037,586.2279712525971,275.44057494805884
497.4,9,7848.151609410168,185.56671445677046,152.50921318394813,91.47720326429797,68.56571773966779,585.6927946273424,286.14410745315126
497.5,9,7849.629010091148,181.33226384620653,149.05715682890911,90.87121656918414,67.60648972643166,586.024555463481,279.50889073037956
497.6,9,7939.525048519793,182.5935870059727,151.81289477721347,92.10248210368172,71.52631426443467,585.7597455120265,284.8050897594692
497.7,9,7994.594640490753,174.6796590740038,146.24041192251397,91.76516772221127,67.50018318696912,586.2949746882225,274.10050623554866
497.8,9,8062.93808323601,159.90781007464702,135.01798379722024,93.20996432951306,69.176454721811,587.369847864544,252.60304270911888
497.9,9,7901.728547373106,174.77591764046323,144.62131796262398,90.65685906295558,69.13679740154201,586.4502988972387,270.99402205522665
498.0,9,8037.481413302364,179.07625431908008,150.7254542535483,94.18036498202895,69.33880228248404,585.8642713499196,282.7145730016093
498.1,9,8011.531601758723,173.92797206369158,145.91959021692816,93.26857438010592,68.70484335446884,586.32575870496,273.4848259008004
498.2,9,7840.316884633855,173.76323773883763,142.66588481911361,91.47765349487884,68.68686674025714,586.6377768540444,267.2444629191125
498.3,9,8192.249709394619,168.43857933680846,144.50183741450712,93.86178892193627,68.87597843574892,586.4617576633896,270.76484673220875
498.4,9,7882.5921566377365,168.3371020899188,138.95606956203207,90.74665623339074,69.1887495894377,586.9931203408285,260.1375931834298
498.5,9,8065.490442470838,188.38118885086178,159.10980087505385,91.91460988038428,68.67824658496865,585.0573683464846,298.85263307030755
498.6,9,8067.826357131591,188.80190418678205,159.5113279008926,90.11711716755768,68.58275423167578,585.0186683782779,299.62663243444126
498.7,9,8060.883436289,175.8321716324558,148.42586856386114,93.84523603161168,67.30093163289007,586.085183986328,278.2963202734402
498.8,9,7990.404720191475,177.9919092351627,148.9353041841904,89.63245158224532,70.60652719935251,586.0362591147164,279.2748177056717
498.9,9,8117.443615216115,169.32652172598338,143.93714556488382,89.86024309290532,69.09922719004338,586.5159081592209,269.6818368155823
499.0,9,7890.859725943127,180.86199196808698,149.45149054641607,90.80607155973956,68.74300148529647,585.9866773825431,280.2664523491376
499.1,9,8031.859000959511,188.85251550221514,158.84277579055959,93.13296895484673,67.88008071276437,585.0831018432391,298.337963135217
499.2,9,7982.345675122563,166.000324296914,138.76121228976675,92.66994912562477,67.47127693735659,587.0117725224809,259.76454955038093
499.3,9,7968.160991665488,180.1204530672632,150.29680511849665,91.6480546108859,69.30511379355795,585.9054630200304,281.8907395993915
499.4,9,8068.623607217239,180.81250966510004,152.77649729480433,92.70127025459782,68.25539753186582,585.6670911425115,286.6581771497715
499.5,9,8124.448972761716,180.8958254713351,153.90441487145486,91.31653615128846,69.00635670439925,585.5585990100831,288.8280197983397
499.6,9,7982.494417458865,188.86205620936687,157.8744880170637,91.93793243127766,67.00307710674393,585.1763973078417,296.4720538431652
499.7,9,8081.116107871504,191.77012171873315,162.28594491249262,93.3885885511123,69.87192341973599,584.7511015605962,304.9779687880766
499.8,9,8002.371784366289,176.03455954589924,147.5180899209309,91.08559075237426,69.19619686841607,586.1723439536129,276.5531209277435
499.9,9,7902.395636212108,182.52678046274258,151.04765262069049,90.43642191067491,68.18342043658163,585.8333053152389,283.3338936952214
500.0,9,7951.1402715852855,178.5438670131275,148.66302648995315,91.89457307611458,68.70168840991875,586.0624089970777,278.7518200584452
500.1,9,7934.536354847624,173.66251568080435,144.29665387437637,92.19203930400957,68.94456671490106,586.4814346942658,270.3713061146857
500.2,9,7883.068901562781,180.1089180459949,148.68226136115143,91.40935858537688,66.8360040152815,586.0605617350222,278.7887652995539
500.3,9,7975.16630814342,183.03179702434974,152.8603712195846,92.45352104138156,69.82015986707212,585.6590248957984,286.8195020840301
500.4,9,7940.929304284267,179.95945031569477,149.64927100103378,90.98012866402988,68.5948719447062,585.9676775133175,280.6464497336492
500.5,9,7750.697600612696,172.37328343257334,139.90697454483822,91.34640805122731,67.37671955999701,586.902080153556,261.9583969288806
500.6,9,7727.106279042975,175.38757174095312,141.92023409572548,91.61409606262683,66.9533773981108,586.7092341376456,265.81531724708725
500.7,9,7905.586608344588,175.5218233294476,145.3094438485133,91.48023611701775,69.00615369310061,586.3842953510336,272.31409297932714
500.8,9,7768.107248391022,172.88587885112653,140.63821734107754,93.04167200081513,68.19924512555043,586.8320508953277,263.35898209344464
500.9,9,7853.67909440084,181.03610991701953,148.8904967035811,91.51910647864317,68.43966328374013,586.0405626442257,279.18874711548597
501.0,9,7877.738711162054,181.81440769976516,149.98868083710144,90.68040240996912,67.95265326580824,585.9350690109018,281.2986197819646
501.1,9,7660.546548733969,185.77789574191988,149.03298953095214,91.64766541774479,66.89212463805717,586.0268767119553,279.46246576089493
501.2,9,7624.133269645337,172.93834767051004,138.07352177880824,92.19327059844514,68.37232243138078,587.0775901379384,258.44819724123226
501.3,9,7893.482461054864,174.9059975707106,144.57791857173072,91.879857591701,67.63496593220911,586.4544611630871,270.91077673825794
501.4,9,7743.2681436438725,189.82263065516443,153.92207328910172,91.78103637202479,67.77956991228395,585.5569001545464,288.86199690907347
501.5,9,7644.810118312149,177.766569704377,142.3132749730753,89.08806963506802,70.14699067523235,586.6715704202174,266.56859159565215
501.6,9,7570.031341383512,179.090912399202,141.9710664213279,87.86155107367055,68.60775443081782,586.7043633342055,265.9127333158915
501.7,9,7583.767915430017,177.6002501428218,141.04484730830254,92.34929758951797,68.63412135180525,586.7931015818344,264.13796836331016
501.8,9,7492.084361061301,186.68667878162447,146.46862562003452,91.31160421370615,70.39652797950855,586.2730747338641,274.5385053227187
501.9,9,7661.505653855526,186.870607340382,149.92834308336978,90.72466244821398,68.02920783335934,585.9408661794658,281.18267641068314
502.0,9,7475.686249112796,186.35538634785624,145.88869312972804,91.54889976072316,67.73295474599304,586.328723218829,273.4255356234189
502.1,9,7624.802821809425,178.62590103620684,142.62697383755523,92.99325735839777,66.90264068968429,586.6415062161246,267.1698756775072
502.2,9,7453.880380402223,172.1914177398867,134.4072015013174,92.34108053612275,67.09788803482017,587.4282326573001,251.435346853998
502.3,9,7363.469275915164,191.61458903000087,147.7541436172304,91.76346582785416,65.47192244916862,586.1496819159368,277.00636168126607
502.4,9,7392.401530993927,183.9525308848923,142.4032606764543,89.50829263876486,68.27803379075374,586.6629467122971,266.7410657540597
502.5,9,7153.623268100862,174.56223969130562,130.76905596186853,89.62738494236889,66.18927504952066,587.7757582477409,244.48483504518322
502.6,9,7361.212486255558,187.50586946339402,144.54159373728223,87.63463108492557,68.3275224272678,586.4579448894012,270.8411022119765
502.7,9,7326.079220976127,173.5495627475007,133.14465982580626,91.22093203801394,67.35035907484634,587.5488816709785,249.02236658042852
502.8,9,7389.975953939964,186.91245757124787,144.64715328234172,91.75308816659683,67.49005414459222,586.4478211040467,271.0435779190652
502.9,9,7101.682117180138,187.10289036048354,139.14587725356319,91.81259350384313,67.28825297146074,586.9749503509411,260.50099298117857
503.0,9,7360.425778291688,170.00019114180583,131.03308479211378,91.15616959732641,68.68533937659221,587.7505516180242,244.98896763951393
503.1,9,7297.125090003596,180.1965281558357,137.6977450603237,90.12167909674548,68.47737336661037,587.1135486734305,257.72902653139
503.2,9,7307.224546035484,181.25086881853647,138.69511599736504,89.58997006565835,67.20773110896431,587.0180991347306,259.63801730538876
503.3,9,7152.416574205067,193.70858189328408,145.0875945984403,89.23685068331083,66.30633882845987,586.4055763125831,271.88847374833813
503.4,9,7222.961865711575,169.81388697400092,128.44498219294542,89.99101012974522,68.09798471293043,587.9975406075406,240.049187849188
503.5,9,6956.20079620725,184.6204115854357,134.48704232466034,88.97321045057345,66.16830907799758,587.4206013320437,251.58797335912595
503.6,9,7133.184853842367,174.27324325133958,130.17956328597643,92.21288377940185,65.55685036189745,587.8320286947385,243.3594261052292
503.7,9,6961.84790020733,164.99786456601478,120.29053937964036,88.50168940458617,67.57893170529896,588.7743577681636,224.51284463672778
503.8,9,6848.111791006245,172.35927807645345,123.60445546065179,89.7865316420448,68.26798793633809,588.4589163178371,230.82167364325983
503.9,9,6868.3479075212545,172.70421922745692,124.21780516802144,87.65766227871103,66.61337842708403,588.4004956131125,231.9900877377495
504.0,9,6946.10795936821,164.73835727432896,119.82981201069283,90.29479209502004,67.39199966934893,588.8181857068853,223.63628586229424
504.1,9,6838.044626732889,173.77513421652583,124.43661291154413,89.89354541000483,66.54088275898906,588.3796516164043,232.4069676719148
504.2,9,6923.213277390402,177.70950468104485,128.83889313823153,89.42541941405472,67.64768410372126,587.9599623861966,240.800752276067
504.3,9,6687.232013266931,172.06266041214735,120.49295156896508,88.69107697002458,67.98991760523691,588.7551006572029,224.89798685594224
504.4,9,6628.894930652321,165.96818340047773,115.21117181154293,89.76991194892187,66.60128622549064,589.2571794001501,214.85641199699785
504.5,9,6933.757092397591,168.0629905914205,122.03076347535202,89.06984210705805,65.80588153135804,588.6087541913096,227.82491617380742
504.6,9,6862.137821349362,168.38702947853525,121.00315381995907,89.51489250765496,65.34586042649174,588.7065552855311,225.86889428937866
504.7,9,6650.003295529182,169.23194666185321,117.85087968860066,91.98369497978499,67.6980622474406,589.0063614181993,219.8727716360156
504.8,9,6723.350827593118,174.74670841338659,123.03350473087345,89.79674770593672,65.60536990156038,588.5132879478508,229.73424104298374
504.9,9,6795.003002824589,168.12403746749843,119.63219795389652,90.18464772832071,67.08360634297553,588.8369822412384,223.26035517523223
505.0,9,6713.076429544877,155.6195717195315,109.39927035788624,88.94264226918341,67.45872133762781,589.8086456254143,203.8270874917123
505.1,9,6663.046964059999,160.6956885857529,112.12584198014314,88.51319615646597,66.14983433616301,589.5500638087315,208.99872382536955
505.2,9,6729.350580262245,164.96316842519903,116.24887584369567,89.38121911437021,66.45484039754177,589.1586054909437,216.8278901811243
505.3,9,6532.889644771107,170.8146941305341,116.85819332001381,92.36746503016793,67.5901061148722,589.1007093510011,217.98581297997885
505.4,9,6582.934817682696,171.1514075303374,117.98550287316759,88.97156694172656,65.75297997489568,588.9935640492948,220.12871901410335
505.5,9,6556.628324025943,173.58596052881612,119.18559815002926,89.70367786273552,65.62167620493794,588.8794571460342,222.41085707931688
505.6,9,6511.463008314757,161.15035009585156,109.88500922863102,88.22909767781597,66.26731685574646,589.762596154671,204.7480769065794
505.7,9,6480.108964066397,164.62851109638703,111.71615426783929,85.86982905077954,67.75005047997449,589.5889323947022,208.22135210595775
505.8,9,6504.553323005852,148.13005226010156,100.89955998718621,88.18109885950737,68.05341137011553,590.6132621415825,187.73475716834923
505.9,9,6482.125190035188,160.3232770708318,108.8284926060784,91.93825539412653,66.31455565970771,589.8627476827119,202.74504634576147
506.0,9,6361.225151462376,148.76723665956416,99.10069072396132,89.74815156904872,65.67199462139942,590.7832648263635,184.33470347272987
506.1,9,6519.716076495397,154.81373668691657,105.69800601556202,90.95484849443804,67.41913080388771,590.1592963389114,196.81407322177165
506.2,9,6334.264011192894,175.3955625527299,116.34383639168546,88.52031125034215,64.65674610520935,589.1495832902762,217.0083341944769
506.3,9,6390.522421616399,155.22484441189917,103.87863019261266,86.06100660958434,66.54480677767795,590.3315052770708,193.36989445858194
506.4,9,6368.197527819885,145.944982486279,97.32721864317709,87.51017195926846,66.22456846837204,590.9507701038119,180.98459792376048
506.5,9,6416.0242297063805,153.71671868131173,103.2798785479547,89.2682694609795,67.53373109223695,590.3881564362845,192.2368712743105
506.6,9,6167.203757577435,146.09239088933438,94.35056645040882,89.0279968697328,67.60648115966103,591.2316997551695,175.36600489660827
506.7,9,6440.425071581111,141.81604072628673,95.64637311940913,88.6811810453326,65.2406347360297,591.1094377955803,177.81124408839332
506.8,9,6279.495402743793,162.07259809809435,106.57686935932308,88.00803441876933,66.32268640939049,590.0760728794777,198.47854241044615
506.9,9,6448.47112102546,153.60816425543288,103.72887702090432,89.72245537065425,65.55639660510099,590.3456752781028,193.08649443794252
507.0,9,6276.650147790399,147.3300475737151,96.83845889553314,87.94346896307358,65.80581670068119,590.9969167451616,180.0616650967686
507.1,9,6307.663168417744,140.9207751139216,93.08337791072431,88.86458420547567,66.68882861802855,591.3512119182344,172.97576163531176
507.2,9,6485.055373755044,140.22219537521516,95.2267733538877,88.67955278276149,65.70900013687121,591.1490334963012,177.01933007397542
507.3,9,6268.542904243695,151.911732971287,99.72098020634422,87.95275259816148,66.21043280938704,590.724655410214,185.50689179571918
507.4,9,6404.912556392456,141.96002982384653,95.21555534298948,87.28704384182888,66.94655529372089,591.1500920145063,176.99815970987288
507.5,9,6283.93432749704,116.91751785004234,76.93781393471134,87.78129912144506,67.47738629494833,592.869676794995,142.6064641000994
507.6,9,6313.347018655172,154.1109961973702,101.88773483699522,90.49179557506156,66.22401479307806,590.5198320444822,189.60335911035713
507.7,9,6274.820508173092,137.09782329335746,90.08665984173855,89.52760472381233,66.02638171561297,591.633646078739,167.32707842522018
507.8,9,6343.627245149824,136.85721375112828,90.9146702139261,89.36622082809164,64.77478232255021,591.5556352564365,168.88729487126852
507.9,9,6193.455710538361,140.68363247990146,91.24419156524205,87.14695975885294,67.44150453358675,591.5245836649641,169.50832670071804
508.0,9,6161.166411319063,134.94424494612494,87.06546518034969,86.31433132652852,66.32522106010605,591.9181104896525,161.63779020695188
508.1,9,6190.601698558247,135.59419463676443,87.90277316408579,89.30407976080596,65.93974221652388,591.8393004697562,163.21399060487693
508.2,9,6257.874381528017,126.82212521798354,83.10946479728196,89.02262728546857,65.86274945246167,592.2901741254044,154.1965174919119
508.3,9,6225.052858035511,120.59034387874343,78.61115822422356,88.05012247361698,66.11272571162634,592.7126672900844,145.74665419831263
508.4,9,6311.600894400892,130.56021030055027,86.29367961575262,87.38919586848037,66.49842641573436,591.9907344970068,160.1853100598646
508.5,9,6366.604838548275,138.00909356019218,92.01194611097239,86.02543874011913,66.5969446131215,591.4522234695271,170.9555306094569
508.6,9,6148.8876207064895,122.83252650574963,79.09309286686835,88.77129567606625,67.28715137334201,592.6674318516764,146.65136296647347
508.7,9,6171.179457923746,121.64108563022681,78.60987059712477,89.10194000013061,65.89419336442302,592.7127881402132,145.744237195737
508.8,9,6104.117659071235,134.64587498172241,86.06856597624613,86.81175525363207,67.38106416187397,592.0119139922086,159.76172015582733
508.9,9,6433.412354775107,122.25151780940892,82.36150359579072,86.6595662315768,66.660149719376,592.3604669916436,152.79066016712704
509.0,9,6269.714173346079,121.92445447940803,80.05107742560595,89.01191662634882,65.5180666463334,592.5774925595597,148.45014880880512
509.1,9,6286.838266326568,121.5257944222392,80.00725580965583,86.70030421112038,63.88680663391199,592.5816073056121,148.36785388775866
509.2,9,6114.631568242158,123.01631065069354,78.77013869843576,89.55326146608924,65.61593834255542,592.6977458081712,146.0450838365739
509.3,9,6242.706790879937,111.78368463940961,73.07687649649878,87.2353288761993,67.06526559051053,593.2316268851075,135.3674622978508
509.4,9,6292.199200920358,118.34700813309473,77.9809217713509,86.8500785494066,64.70815494103056,592.7718121141568,144.56375771686567
509.5,9,6220.910889748121,123.05413436486316,80.16389454906891,87.3158093826708,65.54273214510117,592.566899032327,148.66201935345998
509.6,9,6348.279650302425,122.31999669163834,81.31714612368103,86.74542018740917,65.60256351287151,592.458586706322,150.82826587355953
509.7,9,6466.901491590454,128.1763342610645,86.80259533219663,88.50850865900787,66.3567724947003,591.9428482256401,161.1430354871993
509.8,9,6158.484045963924,132.25713698500846,85.29460372218841,88.16768426690723,65.0043643369817,592.0847194085436,158.30561182912788
509.9,9,6152.483957753225,129.2784208263698,83.29235594425948,88.35808647188225,64.50055326487286,592.2729835721043,154.54032855791297
510.0,9,6167.234466424873,124.40256668851755,80.34306926407714,87.22142368883287,65.91793387852516,592.5500737392334,148.99852521533148
510.1,9,6404.123080789668,116.26782116491059,77.97364239423428,86.40001568144872,64.58277542077481,592.772495180785,144.5500963843017
510.2,9,6351.306625352799,112.257125080657,74.66303050524414,86.88441109166993,63.46912618596669,593.0829843005647,138.34031398870593
510.3,9,6239.954383655739,116.05476613455141,75.83558016032417,86.33211005472502,67.12371330772444,592.9730531658174,140.53893668365163
510.4,9,6256.6095567432885,119.34172024999577,78.19157576140348,88.55053754717358,66.18932497221871,592.7520445249687,144.9591095006258
510.5,9,6175.5942974781465,120.31200635683463,77.80658331447682,87.9410486873436,67.12488041192846,592.7881708756333,144.23658248733318
510.6,9,6337.4335463114385,118.23921121372489,78.46998330452965,86.57621972212478,66.0949513667415,592.7259169526933,145.4816609461352
510.7,9,6216.1539327994005,112.35262038964377,73.13640086903119,85.52203906623632,65.88099944739682,593.2260500633727,135.47899873254664
510.8,9,6226.5131675841585,118.03685816126895,76.96462718692138,88.430618409183,65.55011822243884,592.8671615773761,142.65676845247754
510.9,9,6307.6075716233245,120.68830320272166,79.71838012055059,86.6934793960606,64.97475672102692,592.6087306013708,147.8253879725844
511.0,9,6230.0060475875025,117.36274881222391,76.56800983339794,86.32115673142566,65.65335051935003,592.9043640724228,141.9127185515424
511.1,9,6223.143021241753,110.32367436845962,71.89639551727176,88.28489751119841,64.56872905210957,593.3422039154136,133.1559216917276
511.2,9,6243.540840881546,104.06431899339512,68.03954824268706,85.76139525612481,64.03371074175881,593.7031890929495,125.9362181410097
511.3,9,6314.605292970342,103.25977440031802,68.28196319384647,85.93870985623303,64.75195533972209,593.6805131100085,126.38973779982962
511.4,9,6391.380200500831,103.86433222042326,69.51678906893451,85.99267411913704,66.3571796121597,593.5649778243372,128.70044351325532
511.5,9,6285.876335380141,109.81173539645447,72.28417116321717,84.63794466882864,63.81505374786567,593.3058851161688,133.8822976766221
511.6,9,6301.206139552029,111.04004544465155,73.27096920975293,86.54503870493062,63.812985846574364,593.2134420023965,135.73115995207104
511.7,9,6199.856066761817,96.89936262788372,62.911660128474175,85.19976260478795,65.60312464056197,594.1824525316838,116.35094936632527
511.8,9,6144.838559596032,102.68384475191719,66.07561541614942,85.37822734829803,64.57932261135932,593.8868348198527,122.26330360294696
511.9,9,6266.704027600002,107.33716394439101,70.43976816280761,85.16639072282238,65.46275696603354,593.4785904763371,130.4281904732568
512.0,9,6212.571770848994,98.77096507888237,64.25831514746754,85.25595730194648,65.95025660449065,594.0566668918523,118.86666216295566
512.1,9,6052.09027689107,107.55337389105163,68.16446871702708,84.9025864361983,65.40534740445564,593.6915039987409,126.16992002518145
512.2,9,6146.193276564789,101.82467418911264,65.53719661811682,86.15490266259067,64.29526540360546,593.9371618745624,121.25676250875244
512.3,9,6158.765901563121,98.38719706119511,63.454277389402286,85.62062100112426,66.1944229553088,594.1317753020583,117.36449395883369
512.4,9,6106.5690906488735,103.31240169671126,66.06605138213934,85.81416033002547,65.63787385326486,593.8877288639414,122.24542272117219
512.5,9,6283.369482810759,105.18961312094967,69.2140200143641,88.53045046624217,64.90712663396347,593.5933103245757,128.1337935084855
512.6,9,6174.833606439027,96.02298779683936,62.09106259596929,85.46872747960462,64.84355085474813,594.2590748882142,114.81850223571655
512.7,9,6245.430306994962,99.79926980943138,65.270711690882,86.33098161648746,65.22425003978171,593.9620675526719,120.75864894656206
512.8,9,6124.804095367379,104.32245730008262,66.91117068032304,86.41734053448083,64.52368820582956,593.8087167708468,123.82566458306314
512.9,9,6091.367015990393,95.28195844451754,60.77907138923342,85.42936808948245,63.190173790750684,594.3815391341807,112.36921731638631
513.0,9,5977.559148033229,88.59732824078385,55.45913933811594,85.7834739859793,65.55753655214968,594.877592471625,102.44815056749985
513.1,9,6049.603723748327,89.04821044613125,56.41320077179901,85.43004128182456,65.48441742243347,594.788693107397,104.22613785206067
513.2,9,6030.669756913903,96.4984295905567,60.94167834354146,85.59873684116084,62.47920081263912,594.3663637968343,112.67272406331244
513.3,9,5879.530435061384,89.83474747177742,55.31152238874088,84.60249025155579,65.27783354616305,594.8913450124571,102.17309975085868
513.4,9,5937.139487127344,96.28719977280136,59.86519852606128,84.66408619189515,66.51083125455246,594.4668120140009,110.66375971998241
513.5,9,5935.678800895252,110.05245642606465,68.40671736864883,85.2284669562132,63.61420076635984,593.6688426707346,126.6231465853059
513.6,9,5982.672628093793,88.44361613192673,55.41028039330158,82.79309286395541,64.6563416959355,594.8821444225966,102.35711154806722
513.7,9,5963.226480031785,95.83116427460838,59.84345876130078,86.90608341362604,64.53574834194715,594.4688402365489,110.62319526902115
513.8,9,5839.184880537118,112.47104919035827,68.77357343018959,87.65545168933846,66.36654536689402,593.6345215214153,127.30956957169496
513.9,9,5912.973174666826,100.15753366383707,62.018055936546055,85.21868085873577,65.81578963207514,594.2658908351102,114.68218329779575
514.0,9,5824.166434943426,94.50269362917743,57.63769208736828,85.76487979732221,63.80544321392228,594.6745558092068,106.50888381586242
514.1,9,5540.902473953962,95.77536047347255,55.57288194361256,86.21586524275858,65.0153034778659,594.8669953524015,102.66009295197023
514.2,9,5738.549012018882,99.69670801392299,59.91168460960047,83.2814998546807,66.96549267298262,594.4624750240253,110.75049951949495
514.3,9,5857.2153302580355,108.4002347517397,66.48903519811485,85.9377780374797,64.02805935646151,593.8481858167511,123.03628366497719
514.4,9,5564.103097093984,92.67370523162818,53.998328115676294,84.2650963507543,64.63187241799669,595.0136588274229,99.72682345154226
514.5,9,5702.803876618321,90.967584526689,54.32549811808978,87.47891657708247,65.14710575056915,594.9831902346032,100.33619530793658
514.6,9,5809.9963660603535,86.52181544161988,52.641723796005955,84.45760834040226,64.0144304760195,595.1399627187516,97.20074562496961
514.7,9,5553.527474012775,96.81930900630084,56.306628217736765,85.7270648434607,66.37889002200973,594.7986248590819,104.02750281836234
514.8,9,5591.487470003054,86.20360038585267,50.475587087519,84.37713611305928,64.13453684544234,595.3415245001833,93.16950999633491
514.9,9,5432.027008692223,92.76437729820134,52.768138303795,87.18151253952084,63.21000545286512,595.1281954364065,97.43609127187142
515.0,9,5674.269125841298,89.63921591222753,53.26434578301577,83.88517973955331,64.0662121022275,595.0820014747422,98.35997050515516
515.1,9,5474.709775828923,103.52972024359265,59.35465156315894,85.852899466041,65.23668676982614,594.514440068085,109.71119863829927
515.2,9,5449.194417767728,92.48463726301041,52.77527664889862,85.16187841207666,63.77828490919412,595.1275309502416,97.44938099516844
515.3,9,5534.781307318882,98.87614907477152,57.30870925811546,84.85039297651363,64.871771374336,594.7052253031538,105.89549393692323
515.4,9,5429.567016558489,84.94483255926153,48.29818164727557,84.59567490635877,65.12555673058581,595.543996311284,89.12007377432133
515.5,9,5243.419410252753,97.19140518807689,53.36678947075417,83.47638980368863,63.34782862779691,595.0724636767861,98.55072646427857
515.6,9,5224.293229239013,87.96755834294363,48.125881872900806,81.12977468126238,63.987139590855264,595.5600121400292,88.79975719941513
515.7,9,5291.316931932526,93.5502917378386,51.8367230745115,85.47885364089328,64.89421521499018,595.2148851303053,95.70229739389333
515.8,9,5142.885736833783,112.1695884749636,60.410248179905224,83.55982522916472,65.24238308471175,594.4159567593283,111.68086481343266
515.9,9,4958.315629827404,103.39875955579339,53.68811001095065,85.50711431070505,63.996238074741306,595.0425458227205,99.14908354558861
516.0,9,5111.10398261804,96.17786856168748,51.47762273831504,84.48311106003642,64.6821707177973,595.2483009099333,95.03398180133559
516.1,9,4931.716302579233,119.69321645148946,61.81533703513092,85.45918376239607,64.24216412112281,594.2848159694238,114.30368061152421
516.2,9,5181.560369325047,91.13869447784535,49.45292495520726,84.93927544981948,65.2499786265956,595.4366367279835,91.2672654403309
516.3,9,5000.024826448026,105.96591290947981,55.48389774681244,80.9778305151601,65.03789667705944,594.875285823915,102.49428352169957
516.4,9,4852.031792280777,87.36508364781768,44.39051186634356,84.63213583810605,64.14168168172394,595.9070139190092,81.85972161981795
516.5,9,4826.062322582491,96.69039716432026,48.865785927954775,83.44098746201344,64.99061746796858,595.49122949295,90.17541014100061
516.6,9,4667.003449493537,89.28672478777115,43.63687407202788,85.21089347597835,64.09691181366519,595.976974706618,80.46050586764068
516.7,9,4695.805963407555,100.86460681154952,49.59952996757324,84.4821605555444,64.96453664940773,595.4230036755479,91.5399264890425
516.8,9,4850.2995556847745,99.8165774140068,50.699053772774505,84.45645982560822,64.97646194701001,595.3207370043502,93.5852599129953
516.9,9,4919.039063981641,97.65057377167447,50.30181885142975,83.36674931853184,66.87453505399118,595.357687896171,92.84624207657885
517.0,9,4729.115714178295,107.8460252996353,53.40878549419753,82.55921953767637,64.1658760083266,595.0685536387648,98.62892722470292
517.1,9,4604.3128372877845,96.64689691671536,46.59951067314374,83.09615580082205,64.35984823779896,595.7018554653512,85.96289069297654
517.2,9,4524.8721150649135,103.3366708935841,48.96540979775886,81.4173937565194,63.85319246004753,595.4819670779505,90.36065844099085
517.3,9,4427.837726852699,107.24144105002904,49.72593471268995,82.830871649192,63.46723663563158,595.4112485756374,91.77502848725226
517.4,9,4667.167215802226,91.58014173445555,44.75930046721639,81.74469237798587,64.04356509000016,595.872772955753,82.54454088493958
517.5,9,4406.373998580403,97.20475042217524,44.853616280861196,81.73917712955789,65.16542050998703,595.8640153667959,82.71969266408064
517.6,9,4578.1797265634295,103.3169904407798,49.53283698016797,83.56741121850742,65.23840452602394,595.4292056492388,91.41588701522437
517.7,9,4462.586156889527,107.86221289887813,50.406269595208066,84.03205758691293,64.79757489966772,595.3479723098096,93.04055380380873
517.8,9,4117.993163048846,113.92533658697931,49.12861936604946,83.3170046866827,64.20741101074906,595.4667922280908,90.66415543818607
517.9,9,4173.473292874082,103.00488622853895,45.01778092875247,82.72096596759525,64.01141037718138,595.8487714244649,83.02457151070257
518.0,9,4126.794950978825,102.85342715101639,44.448824063290786,82.14738607792631,63.58989278352133,595.9016000625874,81.96799874825274
518.1,9,4136.672124740112,99.5259934757576,43.11379369269891,82.86881306101004,63.952101870413486,596.0255229480474,79.48954103905294
518.2,9,4092.7607329766993,108.52169915570155,46.51162994080071,82.22835707226791,63.21645558764745,595.7100200150794,85.79959969841298
518.3,9,4337.737635986378,104.72126583760489,47.569302308718264,83.10562296628123,65.87236384758813,595.6117421060089,87.76515787982134
518.4,9,3905.774897641623,105.48319332998207,43.14386980673701,81.32159565722637,66.35490630407875,596.0227317334372,79.5453653312552
518.5,9,3985.3330468736503,107.35498946451041,44.80386418291031,83.95585128656201,62.585468383092085,595.868635074283,82.62729851434074
518.6,9,3978.111040013121,112.49425202020092,46.86362203667012,82.40109536687996,64.81449773788535,595.677316871401,86.4536625719802
518.7,9,3875.8870210451832,105.3166325337803,42.74611909709623,83.50073321846034,64.80215523543698,596.0596428720439,78.80714255912153
518.8,9,3843.567076215266,104.49615321857445,42.05943029472383,84.08201680463645,64.74282700254356,596.1233565450364,77.53286909927397
518.9,9,3691.5141594395277,113.56983505754215,43.903197523063895,83.37935768236163,63.94615407793942,595.9522535812689,80.95492837462302
519.0,9,3759.2024308324208,90.02155181057304,35.438132365370194,83.91386717564296,65.56661726226623,596.7370045512265,65.2599089754699
519.1,9,3756.664222627834,107.63644845150529,42.343851332662545,80.44439390593233,64.96010965682991,596.0969685119076,78.06062976184762
519.2,9,3698.9129623432423,104.46965598652194,40.466243899712005,82.3028259578868,65.58960670201586,596.2711258383279,74.57748323344163
519.3,9,3682.4177061843197,121.62365625039325,46.900743029255224,84.18828912877412,63.824148460696996,595.6738677957416,86.52264408516885
519.4,9,3723.6847014337573,110.7910817413136,43.20224557285886,83.44646924242898,63.184975349554485,596.0173140937022,79.65371812595663
519.5,9,3640.549040526944,110.63342896224428,42.177601255960646,85.02480307893462,65.0098829073943,596.112393157633,77.75213684734013
519.6,9,3521.20251078051,114.90231146481251,42.36901681723357,84.82361694845034,63.6191736372864,596.0946335937366,78.10732812526794
519.7,9,3366.87564381764,111.7620101077386,39.404869915410934,83.11004709640643,65.64417693294361,596.3695282200838,72.60943559832526
519.8,9,3385.8537199568045,113.80007146328005,40.3496102403828,82.42080435653571,62.470735137381524,596.2819408069458,74.36118386108205
519.9,9,3387.575309701268,117.98873617324315,41.85603891386866,81.5461634092999,64.13691398907969,596.1422253615569,77.15549276886236
520.0,9,3398.9484261843404,115.04571695845611,40.94903274743739,82.09890270243551,63.997946888152526,596.2263545766061,75.47290846787632
520.1,9,3297.041814670703,115.6865145338147,39.94255203991842,82.15403465421181,64.290223442614,596.3196825786654,73.60634842669356
520.2,9,3222.0909953961086,112.31028771366603,37.89535318041249,81.90656756892261,64.89274604437604,596.5094226788417,69.8115464231671
520.3,9,3167.623664037865,111.99389670936326,37.14980619436974,81.4914774423858,65.03724414361378,596.5784918996187,68.43016200762577
520.4,9,3094.1909636749124,121.18178942154653,39.265677260345946,83.0508740088704,65.29042096577263,596.3824306626077,72.3513867478448
520.5,9,3200.3334432604242,123.58776179938585,41.41897193394165,84.58093499282884,65.41565714327119,596.1827684240288,76.34463151942327
520.6,9,3055.702624857092,112.12529241439844,35.87924485069435,83.64134932067924,64.49944395827885,596.6961626315574,66.07674736885315
520.7,9,3074.0181041657925,128.11874121839017,41.24275819286183,82.11150207306464,66.79028293569425,596.1991127350107,76.0177452997857
520.8,9,3106.48699037324,128.81951099639974,41.906346863665895,83.69269935479076,66.07958699465203,596.1375583559595,77.24883288080832
520.9,9,2992.938206316416,130.96062830081326,41.04564817468395,82.86980049497133,64.3917344061198,596.2173941648036,75.65211670392841
521.0,9,3132.9815059877237,126.89759746943301,41.63320538489907,82.38342749066278,64.57838153405099,596.1628964650838,76.74207069832391
521.1,9,3145.4002162756615,129.9118089474195,42.79107139470975,82.2874796008032,64.3940454165502,596.0554715438643,78.89056912271258
521.2,9,3002.182279135653,141.39392107111144,44.452522802689735,82.15075607647157,65.10253388664594,595.9012566586359,81.97486682728254
521.3,9,2993.287772899301,124.62660238782381,39.06500146527676,83.15192642323476,63.77974225514073,596.4010312871089,71.97937425782243
521.4,9,3067.4195630629715,120.04730390820454,38.56152599340202,82.51872166929044,63.97488882110727,596.4476932538477,71.0461349230468
521.5,9,2931.2238508616397,117.24937181171977,35.990520566135324,81.45799051042161,62.610106219849776,596.6858588979134,66.28282204173274
521.6,9,2908.5133240149257,140.88829834186404,42.91158927315451,81.3813675216201,64.39215707554818,596.0442878516775,79.11424296645009
521.7,9,3081.4870976237926,141.580421957399,45.686950827319706,82.66268093276686,65.86921821977583,595.7866257566777,84.2674848664467
521.8,9,3037.886642261156,123.315991295998,39.23011494936744,82.79249960763254,64.66629544357552,596.3857270156682,72.28545968663639
521.9,9,2998.2211408473427,125.2745886239968,39.33283636757158,81.88539877677194,64.73646601821518,596.3762054292465,72.47589141506978
522.0,9,3017.30321481385,128.66333828771621,40.6539163139128,80.88631067122874,65.12531110692298,596.2537229038655,74.92554192268813
522.1,9,2730.9169166301426,140.05375328538747,40.05270552229195,83.72995649792077,63.8597294483271,596.3094698020627,73.81060395874442
522.2,9,3037.851230128581,123.01221238510925,39.133018580848585,83.45972804377217,64.90235730188064,596.3947269165047,72.10546166990525
522.3,9,2938.0353464634363,118.78252436289797,36.54585989608513,79.8136797704471,65.78279242656217,596.6344311100708,67.311377798585
522.4,9,2989.425919589674,148.23263766636617,46.40451631183059,83.79168667398795,65.21470388532617,595.7199710901307,85.60057819738518
522.5,9,2923.837914218931,135.7429621945446,41.5622675344359,81.91959991175504,65.90226746420454,596.1694766965011,76.61046606997729
522.6,9,2886.3873180839996,137.2182029447011,41.47581732781156,82.38506869038942,66.20447912960319,596.1774956643943,76.45008671211372
522.7,9,2851.2740127750417,133.06670149547037,39.731683327889584,83.51019627251496,65.61946217013565,596.3392320913476,73.2153581730472
522.8,9,2908.982551549346,138.21178580709332,42.10317165572471,84.11515202958907,64.26030945207992,596.1192984592783,77.61403081443405
522.9,9,2842.1278464044426,124.78396908887818,37.13906989446519,83.3238545323609,64.64662222024536,596.5794864181277,68.41027163744684
523.0,9,2952.7735282780673,129.91192990822722,40.17055122389338,82.39849859507164,66.9396027111454,596.29854345884,74.02913082320197
523.1,9,2719.1100564059498,136.93187782569868,38.990604460148084,80.44787530332779,65.33991190921687,596.4079268433898,71.84146313220594
523.2,9,2818.762726459704,120.67897811074279,35.62203795008725,79.65708555757487,65.22460085348933,596.7199777021723,65.60044595655427
523.3,9,3065.723381922886,134.81870129738698,43.282438783488836,83.1328126869832,64.20185515825864,596.0098714956737,79.80257008652757
523.4,9,2814.0757199850555,134.72959636862404,39.703373176144275,83.68045622954085,64.98879095244904,596.3418566104572,73.16286779085772
523.5,9,2853.772629634768,135.48331190849154,40.488696087128965,81.08398446401864,65.81532865627332,596.2690438922688,74.61912215462462
523.6,9,2796.272146321205,134.04862249950563,39.25277909126001,81.72990237749858,65.13276704430709,596.3836262280436,72.32747543912978
523.7,9,2916.436443888159,131.2193582839262,40.07550872630817,81.37754173158022,64.61777058441936,596.3073555804547,73.85288839090776
523.8,9,2819.711254851534,125.70085973764496,37.11688350788445,81.33874640524081,64.86924925504086,596.5815415636484,68.36916872703227
523.9,9,2877.8268656007085,139.71260624716479,42.104534938324385,83.32308959266838,66.36820431105637,596.119171980434,77.61656039132163
524.0,9,2982.549668051335,136.82237545091965,42.733988501539685,82.289438282463,65.86415819198477,596.0607685151167,78.78462969766474
524.1,9,2842.581233754929,129.49949025891206,38.548684449621106,81.74717620330979,65.75066861064285,596.4488833084988,71.02233383002272
524.2,9,2991.5114937036374,139.74656343466637,43.778454986367876,85.20655972836492,65.67801192461835,595.9638329008536,80.72334198292765
524.3,9,3002.8718202699342,137.40551739714343,43.208539230776765,80.29212253506864,64.07484937754272,596.0167299965822,79.66540006835771
524.4,9,3033.6474521986897,136.38315185439632,43.32658405159992,82.66735965565358,65.55122384843264,596.0057743671621,79.88451265675735
524.5,9,2955.907153017437,124.63087928544088,38.57847583512549,80.7480783840205,66.3681212352311,596.4461224667015,71.07755066597065
524.6,9,3260.0291655282417,144.6058960150738,49.366928160093785,81.81546160311262,65.06067245541523,595.4446334252411,91.10733149517841
524.7,9,3062.2304440319476,131.27100594050387,42.095464017686524,82.18083325952655,66.32074118439748,596.1200135360841,77.59972927831768
524.8,9,3003.201130245608,140.39947980931063,44.154862368486576,83.01461144618789,65.91049547097884,595.9288912240104,81.42217551979229
524.9,9,2899.7219645313075,134.33126522401724,40.790786714517814,81.68685587897922,66.21513132277286,596.2410302147878,75.1793957042446
525.0,9,2984.5812345050617,137.2789143771641,42.90578558056897,81.55966228264379,65.46081635851559,596.0448264263621,79.10347147275729
525.1,9,3140.400950224325,148.05519177029547,48.689729212768775,81.66537203579624,66.31911603014389,595.5075974541849,89.84805091630278
525.2,9,3178.5955836021944,143.67791543104556,47.824882530415444,80.70515335906437,63.990726173806024,595.5879889332879,88.2402213342425
525.3,9,3168.073787895804,147.81264284529408,49.03830927485937,82.76123896068137,65.51165503827684,595.4751891487342,90.49621702531567
525.4,9,3113.78240609355,142.13922189126956,46.34798012371635,82.341987094444,66.21484738929124,595.7252232825433,85.49553434913378
525.5,9,2931.533167553009,142.5021485834785,43.74665414139094,82.52905473180519,65.82167438615049,595.9667847656879,80.6643046862439
525.6,9,3108.7696542811623,127.14234651444788,41.391139659210026,81.92641475481895,66.644757387498,596.185350004328,76.29299991344055
525.7,9,2956.2229279148773,137.2474938055865,42.488384809665305,81.7819740620096,65.41600771235787,596.0835580745852,78.3288385082949
525.8,9,2944.4739688922996,137.7344670218897,42.46967817299095,83.42825610962949,65.04983537619124,596.085293790972,78.29412418055995
525.9,9,3120.054783290979,147.69211482735665,48.255647439047955,83.24833394117302,63.98260841519816,595.5479500860263,89.04099827947334
526.0,9,3158.476250954502,135.37963806314488,44.77747317367001,83.7251512265799,65.37331565773215,595.871085569665,82.57828860670202
526.1,9,3205.88116051924,140.55339348038575,47.186457365809815,82.48024939379307,66.18795912972041,595.647319465902,87.05361068196112
526.2,9,3178.3912293320645,140.03538409113466,46.60942642273846,83.66262340701411,66.4570952826743,595.7009342295778,85.98131540844292
526.3,9,3192.547029145791,146.29432788701277,48.90952099917808,81.54696162997827,64.32210159270794,595.4871633106316,90.25673378736883
526.4,9,3059.133557265419,136.96998657810954,43.878570377102555,81.81261619181547,66.922007762035,595.9545396504666,80.90920699066714
526.5,9,3153.044923043245,143.3966521729961,47.34758021877274,83.49567920144266,64.79784954693014,595.6323470179881,87.35305964023837
526.6,9,3029.8644858550674,125.34469102200225,39.77019924107953,83.08212566055977,65.67689942414056,596.3356614002491,73.28677199501726
526.7,9,2992.392824783459,125.63818856347902,39.37031493465971,81.73048147185592,65.25519501941676,596.3727313413145,72.54537317370932
526.8,9,3262.3654464726073,120.59180394867283,41.19827369554726,80.8330538631329,66.26740891158228,596.2032386523765,75.93522695246861
526.9,9,3129.3390788467327,141.6976674599738,46.43483885887397,81.85388707850042,65.97056229562199,595.7171540975166,85.65691804966718
527.0,9,3292.216727609015,140.51404244077,48.44363947070553,81.28741986679853,66.58096272021264,595.5304748541911,89.39050291617832
527.1,9,3322.6009679052086,141.6612032895601,49.28987668877473,84.18982036929266,67.77348049581626,595.4517981280538,90.96403743892324
527.2,9,3165.9608530435808,130.20975849112384,43.169566928366585,83.0441542578579,66.35438227448327,596.020346890491,79.5930621901789
527.3,9,3287.8487213805406,130.55760992912766,44.95133929792896,81.22522150758769,65.40687334192748,595.8549411323419,82.90117735316244
527.4,9,3175.394529696046,133.189976304635,44.28920165802261,80.90309504155883,66.47181148270701,595.916419587402,81.67160825196106
527.5,9,3068.7215877995636,143.66224430673765,46.166691599526224,81.23639494001318,67.98323449035075,595.7420642949403,85.15871410119303
527.6,9,3261.090275454365,144.91683322378543,49.48918188305543,81.51359687985212,66.72194861023496,595.4332651924115,91.33469615177091
527.7,9,3209.339970390132,138.10552046600966,46.41468227465814,81.99849109905865,67.03897235546758,595.719026665789,85.6194666842191
527.8,9,3216.3455842903604,134.34046584809596,45.24787352164836,83.55085830139672,64.52752695934868,595.827404246473,83.45191507054096
527.9,9,3449.2607742948394,140.8316340642665,50.86919510853026,81.068978087795,66.53595788259354,595.3049090004281,93.9018199914392
528.0,9,3119.4496633093827,129.1403783503875,42.186029741277615,84.9921621123401,65.90918555177983,596.1116111839449,77.76777632110111
528.1,9,3302.9227264277324,127.62924359937067,44.144563472940305,81.12919766575769,65.5253475172669,595.9298473193501,81.40305361299966
528.2,9,3173.5169803554636,128.88503464524098,42.83235338829625,80.5872608714991,66.21156608925583,596.0516407481202,78.9671850375953
528.3,9,3355.1024245535755,122.34791056057139,42.986388336031986,84.32156194561703,66.37106727893854,596.0373465138939,79.25306972212297
528.4,9,3297.2747399703617,127.37351527963658,43.980776040603075,83.89909677234488,65.6667269899111,595.9450520686618,81.09895862676467
528.5,9,3304.373596475843,120.16593468778245,41.5814021716017,82.11327931020645,66.50840081380984,596.1677017721361,76.6459645572786
528.6,9,3177.2847251660796,134.5421991467285,44.76548302915196,82.80871634870817,66.17539752470044,595.8721988888468,82.55602222306379
528.7,9,3192.3299580922003,130.543065331196,43.64054823788314,82.85853001887244,67.08039729868669,595.9766336710336,80.46732657932921
528.8,9,3350.458026023364,136.105676941898,47.75392130862308,82.55473915654976,66.63473011116542,595.5945841348516,88.10831730296741
528.9,9,3427.2005714774505,114.04725462499724,40.931058400590835,80.85545142541551,66.81239531810827,596.2280215428991,75.43956914201885
529.0,9,3300.5086915736783,138.11025250470337,47.73483415298976,79.45391209258749,67.44529324469434,595.5963580876308,88.07283824738306
529.1,9,3164.8318619024653,113.13047643630884,37.493749740790456,81.44014803597656,67.05040785273523,596.5466301619294,69.06739676141228
529.2,9,3276.801366040405,115.08302099204408,39.49025951993716,84.65525003131505,66.51902447718447,596.3616127653556,72.76774469288853
529.3,9,3469.0423412106966,118.45340048268264,43.03142729467413,84.72490234626102,64.46794770447318,596.0331668292085,79.33666341583034
529.4,9,3241.3164230865723,131.27643376467518,44.55914180853639,82.20723684141217,67.09846807684465,595.8913576044854,82.17284791029101
529.5,9,3362.9485383637157,123.02057271148512,43.32380416546668,81.39541031202975,65.7027845779166,596.0060323704563,79.87935259087294
529.6,9,3145.5751838530323,119.05052638476357,39.215703278987334,82.9027275675192,66.55853493485463,596.387062856372,72.25874287255806
529.7,9,3203.0998875133355,114.52199085049088,38.41386354755014,83.12026017423548,67.04597840950044,596.4613771753886,70.77245649222846
529.8,9,3256.522031145499,109.7498453750203,37.42713258280672,83.33933002293354,68.03820959078456,596.5528016117903,68.94396776419512
529.9,9,3225.364930349594,126.61942796557007,42.766905269295926,79.61149652499392,68.57783967210395,596.0577140358761,78.84571928247851
530.0,9,3104.175299109136,123.59047482734049,40.17536744498976,86.459180401668,65.84471872163274,596.2980969029286,74.03806194142817
530.1,9,3088.869045151977,126.7761159399275,41.00771367657482,84.05525946663265,65.4805747682713,596.2209123591201,75.58175281759759
530.2,9,3247.8995550910245,119.39633545922268,40.60899159900231,82.48574225470988,67.15273260349089,596.2578888828609,74.84222234278263
530.3,9,3254.919807107267,97.43489989710427,33.2111148437576,81.88836337887264,67.10009477835368,596.9431148723997,61.13770255200393
530.4,9,3272.580288622642,106.53058833281528,36.508438123308046,83.96312720538543,65.68651317545267,596.6378968732024,67.24206253595071
530.5,9,3287.0233819858654,117.81254091004189,40.55299499755155,83.40112069831433,66.9025751505402,596.2630815030334,74.73836993933219
530.6,9,3114.70754545601,111.28959190246177,36.29948326824011,82.94597078209092,67.5475718909714,596.6572481793585,66.85503641283162
530.7,9,3058.1963030295115,109.28895492077888,35.00017775211917,83.41459868899616,65.75079232610452,596.7775485280569,64.44902943886291
530.8,9,3201.5473444465733,104.8062351281468,35.137889032054865,82.75899042926193,66.01732867954563,596.7648004000482,64.70399199903454
530.9,9,3126.0189554157437,118.4953226390389,38.790147670108475,83.40659574021798,66.39877768382969,596.4265055708397,71.46988858320469
531.0,9,2949.6803167066187,114.39497458565137,35.33544087187833,83.82655044926946,66.86175103974462,596.7465117904285,65.0697641914303
531.1,9,2929.248247655877,114.05610431496032,34.986728153975335,83.39789287294286,67.79910317854224,596.7787935470325,64.42412905935043
531.2,9,3058.3337706092134,105.46604409944145,33.77739516554456,83.36645668786534,66.8098146849721,596.8907192330678,62.185615338643174
531.3,9,2978.676497443601,110.4967607183338,34.466842792865656,84.72065709797496,67.22281575466492,596.8269149335407,63.46170132918587
531.4,9,2976.7189321406254,99.26850110219324,30.944103992370085,81.16500417006864,69.44491679146287,597.1527797378205,56.94440524358811
531.5,9,3064.662996334741,107.10341313980665,34.37277961694594,82.15681145844502,66.27370174779449,596.8356207319678,63.28758536064356
531.6,9,3018.2898523418085,89.70591211961036,28.35375797798829,83.17930660929828,66.6083213096456,597.3921673649133,52.15665270173304
531.7,9,3055.8314739359794,95.82427587954965,30.664335909732266,82.30517875731172,67.9707324322436,597.1786438803874,56.427122392251476
531.8,9,2729.250313541388,103.95562760069826,29.71118623061745,82.73978567584847,68.31203833906176,597.2667442551823,54.665114896354225
531.9,9,2920.0501807004443,122.25999271117774,37.38550903846535,84.79473479131575,67.77016691246678,596.5566575744551,68.86684851089626
532.0,9,2945.2206608218744,92.46352293559156,28.51785738180958,83.10551070386376,69.19572035922161,597.3770077851366,52.45984429726718
532.1,9,2717.5029290734924,95.81098067185533,27.26552875194459,81.12446133114456,67.73560789579645,597.4926789428916,50.14642114216599
532.2,9,2783.711343215911,105.49409580237827,30.752538524447576,82.84714678769183,65.47345642344268,597.1704899229974,56.59020154005134
532.3,9,2749.6119938854954,115.8370993049821,33.35398316867224,83.46093466846881,67.57796947173053,596.9298967132829,61.402065734341704
532.4,9,2815.224363497585,104.3551711484855,30.764906885376842,83.47526404078356,66.94140592395533,597.1693465026356,56.61306994728875
532.5,9,2951.727015062439,107.35864378002505,33.18500020479961,84.13171102368295,68.92761570202454,596.9455309318455,61.08938136309007
532.6,9,2973.3972733014457,99.59946394199352,31.01262714540323,84.07094958713974,68.53983761890298,597.1464445311526,57.071109376948925
532.7,9,2688.3565106589976,97.92320534555405,27.567735935092028,83.3726928124168,66.01692413173251,597.4647697364103,50.70460527179421
532.8,9,2800.5309888582515,101.62399912340716,29.803363651784085,82.14561676046202,68.98832263375967,597.2582253640852,54.83549271829588
532.9,9,2788.75908922726,96.00856399335218,28.03816522845114,83.0862530496216,68.60874686719362,597.4213197989751,51.573604020497896
533.0,9,2758.073114384715,105.2715114947754,30.405017056946065,82.90701510025954,67.37627292318993,597.2026155120454,55.94768975909005
533.1,9,2745.1760324400598,88.56032407334047,25.458804938581764,83.35131611015824,67.65362709896034,597.659477530641,46.81044938717946
533.2,9,2722.6401536098438,105.65469486692338,30.123654877204373,84.56229922235896,69.15555452651762,597.2286226587644,55.42754682471241
533.3,9,2841.140745138711,99.33886649203268,29.555653512171787,84.25763486085673,65.82314517935185,597.2811177889317,54.377644221365244
533.4,9,2773.155644440016,97.21820695882906,28.23257367241053,84.80168690774657,68.2713023974413,597.4033619317863,51.932761364273574
533.5,9,2555.906092821377,86.89696454655093,23.258307996123932,83.39249820042747,68.95052558571219,597.8625034965361,42.749930069278435
533.6,9,2721.049470432287,91.2352841417624,25.99727837286839,85.70429402055014,67.79957531627237,597.6097748921915,47.804502156170656
533.7,9,2719.7380664598754,106.19995854688453,30.246842511372705,84.7428709468512,68.56732797633057,597.2172363378312,55.65527324337609
533.8,9,2655.0972168825547,96.08472432422504,26.71550536247724,84.11168604389846,68.05365652202295,597.5434675639406,49.13064872118753
533.9,9,2723.6133542832213,99.24941234411683,28.307532648558574,84.74289152642548,67.19749713541019,597.3964375429975,52.07124914005021
534.0,9,2625.7207545382594,90.92003254829919,24.999811695818256,83.25016124098039,67.20348800147157,597.7018373687963,45.9632526240739
534.1,9,2619.428823682534,96.67015646152905,26.517198618520773,81.5730890791341,68.75537269665234,597.56177688829,48.76446223420089
534.2,9,2605.2688954759033,87.08610611833018,23.759103245612913,83.41839651869412,67.43860251942642,597.8163104444156,43.673791111687024
534.3,9,2396.250414335161,97.22900701736283,24.39813720983284,85.08653145942992,66.58053114277953,597.7573559300404,44.85288139919248
534.4,9,2575.4730076870374,98.98416676486032,26.696317096069713,84.32930150141003,68.25824725174884,597.5452392331724,49.09521533655038
534.5,9,2515.676601247731,98.51515959720209,25.952935867844822,84.11260345771142,67.65343388995092,597.6138681458842,47.72263708231549
534.6,9,2463.4460659621063,89.84838275765033,23.17831926732267,83.30345794017174,66.99800084565702,597.8698809452258,42.60238109548595
534.7,9,2710.3623322826484,93.7032798900287,26.595659476169597,82.01823003141679,68.29937361808754,597.5545328654596,48.90934269080731
534.8,9,2620.999790490878,99.80377099644947,27.393186558758575,86.11967969811208,69.02534034681877,597.4808899062407,50.38220187518732
534.9,9,2570.2554971525938,94.53079250500723,25.443579734948102,84.2053192310742,68.30856796241825,597.6608827398461,46.7823452030791
535.0,9,2520.4633657251165,93.98886232361923,24.80763710200752,83.98455442172337,67.25244487474896,597.7195711006807,45.60857798638722
535.1,9,2604.3464034628196,109.3351289323328,29.818588966963805,83.73950571141405,68.83066734769,597.2568182411064,54.86363517787254
535.2,9,2673.5657286149985,89.38648814251518,25.025995282376407,86.0966586026434,69.41410513435474,597.6994210846826,46.01157830634861
535.3,9,2505.081448200463,103.66056605535509,27.193433423060746,85.69486715050996,70.62197149593149,597.4993366487147,50.013267025707364
535.4,9,2588.5582511330895,88.09071192654696,23.879029954056456,83.52283246734753,69.88067026803525,597.8052474137079,43.89505172584222
535.5,9,2677.9802048024726,100.85432410730687,28.283327584339645,86.1274990593545,67.46325379982927,597.3986735206622,52.02652958675458
535.6,9,2419.2256664160755,101.3467483908367,25.67525814276867,84.60273960136985,69.35637466113907,597.6394992782664,47.21001443467344
535.7,9,2606.453591759649,92.95727515194832,25.37242628609292,84.09119387755372,68.7843861027595,597.6674497549594,46.651004900811586
535.8,9,2581.070503584274,88.1688324851353,23.831071830784815,84.51876867801755,67.40522056361878,597.809671516655,43.80656966689912
535.9,9,2620.230119337423,83.0805064884833,22.796448249514818,83.97863933808011,68.87045653167353,597.9050988123203,41.89802375359477
536.0,9,2597.5454247364123,92.77096207902927,25.2350302390167,83.38126426132246,70.53456044846287,597.6801301346416,46.39739730716997
536.1,9,2671.6994711687394,100.98415361867336,28.253317655744176,85.94561770543642,69.84084802275103,597.4014457076917,51.97108584616785
536.2,9,2855.965228187147,90.00152021076153,26.9172927978642,84.79757623690175,67.66050850689355,597.5248357166998,49.503285666003194
536.3,9,2658.2140143060687,98.4880383014184,27.415871034050532,85.85144750628197,68.71652129335507,597.4787949748143,50.42410050371586
536.4,9,2733.6339718645504,87.75879626037157,25.12231394626702,85.50403323393206,69.2231923690956,597.6905323987907,46.189352024186974
536.5,9,2913.522438340009,96.76063912312817,29.521995752128795,85.86640958589739,67.03019314964828,597.2842281745058,54.315436509884876
536.6,9,2691.0303218972404,90.69194570964395,25.5573563634772,82.80195559690243,67.09309961628776,597.650381572674,46.99236854652099
536.7,9,2936.0895431838926,98.51781189265242,30.290934491884713,84.26619809954514,68.9714645501317,597.2131607786007,55.736784427986095
536.8,9,2785.7594067021373,95.91722935170276,27.981361929491026,86.03890447278927,69.0126666760185,597.4265666199753,51.46866760049306
536.9,9,2977.2267099581,91.47166441229635,28.518528045902336,83.87540662054649,67.03418011919473,597.3769458272881,52.46108345423863
537.0,9,2903.031123325797,95.58951177852855,29.05966164853992,85.90259312869993,69.28882944011968,597.326950164354,53.46099671291995
537.1,9,2885.861796941776,94.07749169204094,28.43085213606472,83.83595054269729,70.01552186002783,597.3850454667302,52.299090665395624
537.2,9,2876.4699185248937,91.85123575727096,27.667725498853017,85.5745737954713,68.73780407218236,597.4555350002095,50.88929999581069
537.3,9,2850.5162714197454,109.07677724515558,32.56000330359582,87.53703294252709,69.04330443333212,597.003348178893,59.933036422139594
537.4,9,2945.154442743796,99.44146614557236,30.66932450876786,86.58492103532161,69.58212858824312,597.1781827115477,56.4363457690456
537.5,9,3052.3963500756136,87.02807267038027,27.818192575164762,83.48501563755852,69.47680470514165,597.4416377719929,51.1672445601414
537.6,9,2996.111466225814,98.57699801640616,30.928736103046184,86.77459624935516,67.39604284956617,597.1542005347342,56.91598930531541
537.7,9,2998.482261293053,109.85412095960771,34.49423002810679,87.99401858418263,68.18626249931356,596.8243801236993,63.512397526014865
537.8,9,3036.911408775168,98.64716179272693,31.372226049203363,89.21466486164078,68.72207408177931,597.1131961323458,57.736077353082464
537.9,9,3188.1394974776144,115.00025196656982,38.39412068012285,86.4793746779797,68.28346686973778,596.4632067047505,70.73586590499076
538.0,9,3244.2800092034645,99.07209006483446,33.65877249586508,84.32313763724876,70.63744850569924,596.9016956769219,61.96608646156051
538.1,9,3099.434316951864,109.24061928510581,35.456446575443316,86.53332687173369,69.83095884623019,596.7353089788202,65.29382042359657
538.2,9,3135.080441243718,114.38861556366895,37.554337970676066,87.97833374508114,68.11257436393844,596.5410171237295,69.17965752541022
538.3,9,3271.245790316449,111.71041844957271,38.26797427592879,85.89007048270169,69.0335920041344,596.4748961561048,70.50207687790362
538.4,9,3417.7282067096567,100.37537718459116,35.924714955791984,87.41788697387855,70.4037562111967,596.6919523055328,66.16095388934355
538.5,9,3419.6499747027415,104.84750423541631,37.54640585257292,85.21030407614562,68.65236652562075,596.5417519801234,69.16496039753156
538.6,9,3230.751072931421,121.09271079667303,40.968505044026685,86.71640876094017,70.17523437680885,596.2245486777542,75.50902644491543
538.7,9,3364.1784794132777,108.73613931712444,38.30730112415654,83.33392671962436,70.73167483465026,596.4712519536025,70.57496092794963
538.8,9,3341.103216981634,122.67242347608737,42.92056750364714,85.2329313739744,70.58927802203799,596.0434546823137,79.13090635372441
538.9,9,3444.960692661626,114.3123041276188,41.238785588105486,86.41796947079743,69.5779777046904,596.1994811946743,76.0103761065136
539.0,9,3664.238071310469,119.80257904885453,45.9704196283876,86.04132960697,70.67282696981242,595.7602961312945,84.79407737411066
539.1,9,3418.6588844908074,110.60386206336841,39.59630663011696,84.96871744027655,68.92358162105938,596.3517821046248,72.96435790750479
539.2,9,3442.5031209058525,117.5479664140519,42.375816649194654,85.9820233456365,71.95550525968767,596.094002684736,78.11994630528034
539.3,9,3560.53443894928,117.18230327069887,43.69239374800259,87.02939507252341,69.73406175581431,595.9718213358074,80.56357328385388
539.4,9,3709.9149889622536,126.39588164553783,49.10497560325314,86.58257429782117,70.66337609094712,595.4689906189881,90.62018762023854
539.5,9,3785.3459777124463,126.9791720150304,50.334607762577335,86.81144530263032,69.17772164334626,595.3546380384898,92.9072392302021
539.6,9,3812.024363980225,131.0775489667104,52.32540488792771,87.6689842950569,70.06206992970176,595.169405178468,96.61189643064176
539.7,9,3926.546021731845,125.91889273062753,51.77620392085937,86.43115096372948,70.12881757779229,595.2205169542286,95.58966091542743
539.8,9,3692.0062263443583,124.35506155457077,48.078898526766416,88.52630136024548,68.67899044096997,595.5643792454515,88.7124150909699
539.9,9,4017.2465059209585,133.6596982596429,56.228639566032946,85.76051580009707,68.67161961676008,594.8058925963974,103.88214807205145
540.0,10,3919.729651945515,126.68642414255567,52.00137295597542,92.31360306367142,71.94756571627603,595.1995625093568,96.00874981286438
540.1,10,4064.0210179454916,142.95371304486142,60.83871091499995,91.38800527717436,73.27917010403358,594.3759733503891,112.48053299221738
540.2,10,3914.0373418880836,136.1117927326876,55.78909762162449,89.67751476280215,70.3639408180462,594.846850018522,103.06299962956018
540.3,10,4085.5079167904405,136.13591189549035,58.24348849445552,89.80987135031333,71.85380939701072,594.6180719583924,107.63856083215273
540.4,10,4152.754955968453,143.1554399123098,62.25479094151593,90.45746097858007,73.54757831278502,594.243788534483,115.12422931034166
540.5,10,4285.33326649505,140.8821893680587,63.22215750126047,90.98008489706109,71.02637798005104,594.1534549896505,116.9309002069906
540.6,10,4070.078720407777,131.30132225091165,55.96294060711596,91.62741052792673,73.53296204952979,594.8306516518511,103.38696696297802
540.7,10,4268.611862660042,136.96227073568258,61.22322920476549,88.75748148802009,71.17157249772798,594.3400861374992,113.19827725001574
540.8,10,4207.435519921533,153.27373260827798,67.53265448109771,90.94332036313504,71.4028757968971,593.7505992997303,124.98801400539492
540.9,10,4403.186588824878,147.92659811603065,68.20904630222596,87.9307244636373,72.19199321953482,593.687334087077,126.25331825845933
541.0,10,4473.380311641303,137.02946747535145,64.19163091539406,90.30988173333569,74.23221513093601,594.062896864499,118.74206271001981
541.1,10,4565.91507951765,152.7169196981819,73.02029843802394,92.3193807570093,71.738031267104,593.2369275691901,135.2614486161974
541.2,10,4436.5650469963275,147.77894258727406,68.65750639260371,88.92553532915935,70.66409729739976,593.6453805849292,127.09238830141544
541.3,10,4618.8696977908585,147.00307449348847,71.10346193353034,88.7594925189335,71.01388279587769,593.4164555325392,131.67088934921594
541.4,10,4703.052996648123,146.5297686348082,72.16628589392771,90.99536926226962,73.3662608694642,593.3169266448454,133.66146710309295
541.5,10,4460.200172068687,162.95046309098282,76.10944712091322,92.44708732220828,71.0977992801168,592.9473711199738,141.05257760052382
541.6,10,4716.544037407778,143.58662404510483,70.91963574770661,91.2243182748829,73.6584620781067,593.4336666389169,131.32666722166277
541.7,10,4790.979030836823,152.86293208460089,76.69288472205908,88.59988222534008,72.55797534325147,592.8926513845161,142.14697230967772
541.8,10,4716.3434532176725,160.93279800997308,79.48379668652905,88.91715247727308,72.47332745758906,592.6307544053036,147.38491189392903
541.9,10,4666.321122193524,172.49174950949967,84.28912924972177,91.10558242141092,72.82004232508538,592.1792757231478,156.41448553704436
542.0,10,4910.736212343612,166.65590121044886,85.70297945467817,89.62446755093387,71.73868049149202,592.0463064051792,159.07387189641668
542.1,10,4746.371229913091,158.1761532780969,78.61969061850996,91.2547397596695,72.69405700129742,592.7118664817037,145.76267036592526
542.2,10,4881.879632757872,176.10634794733315,90.03071436148154,91.37694848647362,71.37941602097904,591.6389162177535,167.2216756449302
542.3,10,4932.811225761878,157.20005859690255,81.20369985298868,90.60495827510363,73.93740178287388,592.4692432544588,150.6151349108245
542.4,10,5041.674244947513,169.81022269577085,89.65349632064157,93.42115458856284,71.57695359942798,591.6744481757805,166.51103648438948
542.5,10,4950.493344679935,172.61562037199204,89.48643203057178,92.00265587143376,73.0585818551498,591.690183371404,166.19633257191936
542.6,10,4980.539588782379,164.2623159925985,85.67279908211226,92.79850815762934,71.60011602909282,592.0491454312728,159.01709137454532
542.7,10,5089.728038399587,176.52245589062213,94.08559940599227,92.49965364012212,72.11653791320387,591.2566936073733,174.86612785253442
542.8,10,5209.8778666107955,169.23089468251473,92.32850657195762,91.2650707103825,72.29049605975233,591.4223826911875,171.5523461762507
542.9,10,5364.6827669731165,178.86206113571825,100.48260711639209,91.26186725967321,75.65996949545061,590.6526752516953,186.94649496609372
543.0,10,5036.4155132394835,162.26544461314387,85.58077500201291,91.18794092768022,72.67817510737677,592.0578018394201,158.8439632115967
543.1,10,5240.965897072499,178.61211522561626,98.02816325984699,92.41211924949064,71.88479580039751,590.8845770808842,182.30845838231517
543.2,10,5138.286331693487,174.48485409450615,93.88682536485506,90.8638950208467,72.27517760989028,591.275442187822,174.49115624355954
543.3,10,5367.896789861558,186.4970404353363,104.83461851946105,93.76372913166792,71.22817004470669,590.2410310850352,195.1793782992968
543.4,10,5210.643237509376,179.19752178604207,97.78043301004536,90.84781707220219,72.5828663628822,590.907972966902,181.84054066195927
543.5,10,5263.491856423475,189.28261014773787,104.33098062809833,92.04920983448294,74.60924754487549,590.2886986035069,194.2260279298614
543.6,10,5298.456598251521,185.09985593423704,102.70322470640946,91.56572578896827,73.10640654415383,590.442706356128,191.14587287743916
543.7,10,5373.121633250806,181.63813986315498,102.20269210223194,91.34825195682853,73.68567029364564,590.4900471047335,190.1990579053279
543.8,10,5436.052387200095,189.00372866363855,107.5926547249887,94.54439415521684,71.88392292767176,589.9798539113556,200.40292177288734
543.9,10,5475.350471238562,189.98267187988307,108.93176295128322,91.45887424347893,72.60181524284012,589.8529597906153,202.94080418769454
544.0,10,5451.962234786203,188.63640975654448,107.69783647294788,91.66801779818809,73.02004327482146,589.9698888807773,200.60222238445363
544.1,10,5348.3435428122475,170.16996912737892,95.30832427423394,91.28444364315494,72.10150821506637,591.141338332486,177.17323335027913
544.2,10,5565.059955026743,180.19518116536273,105.01265489160656,92.1781451966521,73.23718619602599,590.2241787085538,195.51642582892327
544.3,10,5511.194310667985,197.59260424408342,114.03680120188454,92.05458785605038,73.4626611595861,589.3686950798309,212.626098403382
544.4,10,5645.96898455521,179.91650128347447,106.37463994962282,90.88007213907946,73.39982184918051,590.0952249920836,198.09550015832997
544.5,10,5486.828771295232,195.66289837129042,112.4238639615838,91.76070866148055,72.71531827558012,589.5217860843902,209.56427831219685
544.6,10,5419.397538629983,195.18148656248775,110.76900360048697,93.04810402694008,73.96642627491381,589.6787721096633,206.42455780673345
544.7,10,5585.03129194368,185.87963093264221,108.71413888941439,93.59513804365163,72.62669562446453,589.873585663504,202.52828672991996
544.8,10,5727.141955737211,177.6896415503941,106.56845686068108,92.43756910606713,72.54397406649686,590.0768696093851,198.46260781229944
544.9,10,5634.20488700399,188.34290227758436,111.12467718875375,92.52531251685954,74.34249842511115,589.6450388080425,207.09922383915
545.0,10,5613.977145858203,207.5129834127909,121.99570260656938,92.06680591388167,71.80183955915564,588.6120915991246,227.7581680175092
545.1,10,5563.4513759811525,187.53800494705956,109.26025412743523,91.94227703640242,71.21336439557456,589.8218234254581,203.56353149083816
545.2,10,5825.487076679444,188.6076348898479,115.05887682666167,91.4866474110069,72.05572464881354,589.2716434268018,214.56713146396396
545.3,10,5572.247900216728,187.74323640744674,109.55276605800472,90.76679963239663,73.31766994120915,589.7940945733025,204.11810853395082
545.4,10,5611.925543511525,203.7610545409069,119.7461882674832,91.83619796596712,74.22058472402104,588.8261399288199,223.4772014236023
545.5,10,5745.008416813173,194.0607843674905,116.75004850680553,93.80805861588375,72.28271882194183,589.1109859032613,217.7802819347744
545.6,10,5523.813350029524,191.85589330299166,110.97949835557368,92.25765741498012,74.76399571184093,589.6588085404592,206.8238291908176
545.7,10,5829.789471729959,206.58006102683652,126.11591378055364,92.39519446882782,72.9819529988242,588.2196283875921,235.60743224815837
545.8,10,5775.88377317502,201.16324472594115,121.6734144307963,92.41498559876456,72.84449952809358,588.6427680693689,227.14463861262288
545.9,10,5809.2357656493505,191.06543018296858,116.23307755273461,94.39005506071267,72.1150397646715,589.1601064590898,216.79787081820336
546.0,10,5783.423035168185,189.30179962859194,114.64848523310302,91.82486717682477,74.92095676108636,589.3106162578549,213.78767484290051
546.1,10,5721.087464623227,206.31338934140666,123.60459589616512,93.31358838089608,72.82361075111244,588.4589029429044,230.82194114191338
546.2,10,5640.816980109169,198.63607593502357,117.33531783862357,92.9408362140277,71.64588351801328,589.055365828696,218.89268342607807
546.3,10,5733.3918737350095,187.9606965173725,112.85148810113132,93.14604745837859,75.43918557093663,589.481206273658,210.37587452683965
546.4,10,5658.427824815514,186.5813480713127,110.55862408964104,93.39895938993129,73.37850539693274,589.6987233743791,206.0255325124183
546.5,10,5801.162659865214,191.48354853491915,116.3255535935899,93.21519988357086,73.78665683383187,589.1513203606137,216.97359278772524
546.6,10,5835.084871513645,190.8259787304764,116.6039583764887,94.13874621272456,74.67205003538284,589.1248676613496,217.5026467730072
546.7,10,5901.7952887245465,185.360534039513,114.55921561483393,93.19217964506426,73.60728788740317,589.3190930505289,213.61813898942387
546.8,10,5799.504051048051,192.14165716370832,116.69197925912626,95.36035469206135,73.96972195537904,589.1165038318638,217.66992336272438
546.9,10,5854.374154598028,193.5345063792542,118.6499342672411,93.35993525337847,73.05083654690539,588.930394459391,221.39211081218036
547.0,10,5740.366064438277,196.83421515070626,118.32289832588458,91.30149277267397,73.7315940370045,588.9614885243813,220.77022951237495
547.1,10,5724.95241482014,212.0036550624095,127.09950163674213,94.15035227818579,72.96472546068092,588.1258594765144,237.48281046971215
547.2,10,5816.957130796273,198.3414243451044,120.81974335437157,93.8932516959552,72.97936585371929,588.7240075971283,225.5198480574336
547.3,10,5736.625875615008,199.06846073183158,119.58800029160896,93.49976990746633,73.11965642311317,588.8411860403712,223.17627919257689
547.4,10,5800.146413675808,203.81493454281633,123.79513517628267,93.18683112382145,72.60315927036125,588.4407556081641,231.18488783671864
547.5,10,5674.881616755616,198.57449502662345,118.0073046524287,90.997991026181,73.50405802057013,588.991491504429,220.17016991141986
547.6,10,5692.987258355129,202.99970241607096,121.02197360355662,91.23615052344522,73.50090218054048,588.704764440758,225.90471118483833
547.7,10,5838.1164524546,202.10362101110078,123.55930767879502,95.58582420508881,73.8170215449142,588.4632161136245,230.73567772750948
547.8,10,5863.0001762161255,200.91635201071216,123.35700296820714,92.94224001338777,73.6364306237565,588.4824824734676,230.35035053064803
547.9,10,5686.178272089251,219.32110969613473,130.59589440928173,94.83922994866131,74.99525768850384,587.7922886494414,244.1542270111711
548.0,10,5844.651261823237,206.21052731681402,126.21124581173692,91.79208419949842,74.04590644565322,588.210541382841,235.78917234318055
548.1,10,5731.573705850142,192.11707439933906,115.31039613352526,92.49432539371038,72.78375863820891,589.2477553045268,215.04489390946446
548.2,10,5785.142428077588,202.11735981348411,122.44647584637856,94.59934441451686,73.44148785704618,588.5691800189209,228.61639962158165
548.3,10,5919.761486164138,193.80104204623657,120.1403615868602,93.69597890033484,74.39819257844755,588.7886445681187,224.22710863762632
548.4,10,5863.66273356232,202.26560613903402,124.19944090940011,94.4977668202662,72.03227199322775,588.4022449550071,231.95510089985873
548.5,10,5864.616628493192,189.29599458441874,116.25447252638838,93.86937072816909,74.99291065652416,589.1580737579866,216.8385248402683
548.6,10,5972.693582471303,190.93067056829463,119.41930807030721,93.66926092982128,72.20012646621544,588.8572304038389,222.85539192322062
548.7,10,5727.166059618609,200.83823478195245,120.45221461252089,93.13472246806859,73.87081211315682,588.7589763970316,224.82047205936738
548.8,10,5703.412245739248,205.14383615065987,122.52419398246766,92.54984640300496,72.97258222727106,588.5617809577955,228.76438084409074
548.9,10,5731.89667576196,201.39203848302674,120.88412435078693,95.69732892363457,72.91016920093313,588.7178815826294,225.64236834741337
549.0,10,5780.172380059486,203.55042880332445,123.20871553021787,95.9258558992306,71.65298382284163,588.4966037156807,230.06792568638502
549.1,10,5584.97381534485,199.87172721336648,116.8963968097707,92.82919543294975,73.8578677396693,589.0970789447866,218.05842110426738
549.2,10,5793.740746287186,198.13178443967212,120.21034034947856,92.7808511232602,71.6561568668423,588.7819873962608,224.36025207478338
549.3,10,5767.01534363577,193.05431891548696,116.5894481725192,93.71807510046628,71.49556932702848,589.1262464117488,217.4750717650238
549.4,10,5899.050279433402,201.91421748189123,124.73192243971441,94.57312822138627,74.09154486419416,588.3515175409132,232.9696491817367
549.5,10,5864.483313935738,203.02819814657124,124.68515032774556,93.97517099017912,74.7146282179808,588.3559736929506,232.88052614098888
549.6,10,5780.939730810285,195.03151580335376,118.06790462222384,94.82106370580735,72.25063687066435,588.9857306049632,220.28538790073412
549.7,10,5901.670683236298,194.2632108723819,120.05884267707142,94.1903647278007,73.91353189654549,588.7963993758727,224.07201248254523
549.8,10,5922.591639581837,205.81963231563194,127.65187704648007,94.13926393106344,73.69916990163932,588.0731861903182,238.53627619363579
549.9,10,5789.787162784182,194.1253170589242,117.6991685842276,97.19940461914355,72.80302742090664,589.0207824969552,219.58435006089417
550.0,10,5825.559179368887,194.37757862921177,118.58026162520588,93.69988311700783,74.22194814579863,588.9370191055554,221.259617888893
550.1,10,5671.283133058207,196.80854934639882,116.88368838005252,96.32400532699042,72.71377773527726,589.0982866081661,218.03426783667874
550.2,10,5790.091895403666,192.29785030602454,116.59730270075819,96.11776908143636,73.38588717290618,589.1255000802621,217.489998394758
550.3,10,5834.913385508121,186.79662705005035,114.13847394744748,95.01142946822652,71.60522170904497,589.3590421563024,212.81915687395212
550.4,10,5924.9827475513075,194.7349256842552,120.82576603340749,92.11965969241663,71.638287006391,588.7234345295096,225.53130940980623
550.5,10,5841.372717417141,191.36233300024543,117.057701697595,94.49230160937739,74.00837418580723,589.0817499401921,218.3650011961572
550.6,10,5896.422395899136,204.06876202136405,126.00672813027407,93.86092509232242,73.38023565262282,588.2300355608962,235.39928878207547
550.7,10,5843.588747928427,196.22714122195273,120.0790764235205,94.52570268673954,72.67596455007428,588.7944745803808,224.11050839238442
550.8,10,5991.832176265468,186.0708496588866,116.75261042184846,93.24857511146463,74.71534854026943,589.1107424593437,217.78515081312662
550.9,10,6032.392969517679,194.87074906264235,123.10194013592756,95.4536900840954,74.69359305005092,588.5067713856793,229.86457228641484
551.0,10,6047.345575114434,191.44800433197952,121.23953125697186,95.74970932074629,73.22391277356716,588.6840613777854,226.3187724442912
551.1,10,6028.265881026779,197.98268914431412,124.98222034627422,95.99280229090024,71.31725167251633,588.3276695635002,233.44660872999498
551.2,10,5899.461467495723,184.66805846700387,114.08610942674247,94.15070129828106,72.6491657392143,589.3640137423452,212.71972515309812
551.3,10,6006.5402829855975,189.1818947919841,118.99606025467946,93.35804280159384,71.91573808472066,588.8974816973342,222.05036605331543
551.4,10,6047.112729958885,186.6894334189491,118.22148775744681,95.0709001292062,72.82508730878173,588.9711298027555,220.57740394489088
551.5,10,6068.659475268506,187.31498052323747,119.04026869754273,96.77519131906449,71.78623036815831,588.8932776921945,222.13444615611024
551.6,10,6136.0506038330805,180.23297270984156,115.81152927059911,94.76967750899571,71.51295687125204,589.2001541509895,215.99691698020933
551.7,10,6287.090712377599,189.98628103413557,125.08366163648859,95.24716034810565,70.43292772047262,588.3180038406456,233.63992318708938
551.8,10,6252.323539961115,188.40855516150086,123.35895466408763,94.43997371612899,72.84886084977597,588.4822966111044,230.3540677779131
551.9,10,6105.633096812278,194.01021698276438,124.04633067179707,94.134677802973,70.36860892352605,588.4168295115694,231.66340976861306
552.0,10,6288.9191294471,184.47781586452024,121.49230624054263,95.54521370780117,72.33260737818142,588.6600051240421,226.79989751915969
552.1,10,6311.0601409471265,181.20351124469678,119.75607281387514,94.64392152177474,73.33243009214205,588.8251997302825,223.49600539434846
552.2,10,6200.137270139022,189.15442067308905,122.81358767366032,95.27082498149554,71.90083322355953,588.534227912862,229.31544174275928
552.3,10,6384.5430595497555,177.61800609796546,118.7532294058312,95.41047665711714,71.52270855593719,588.9205726240239,221.58854751952163
552.4,10,6316.53859432173,190.32602033878305,125.89426270384408,95.23283304095497,72.5240123237271,588.2407549575009,235.1849008499812
552.5,10,6226.368929082869,189.8708268363627,123.80030363143274,95.49905551471063,71.74729173858162,588.4402633384536,231.19473323092848
552.6,10,6432.7440810489325,190.65828550791213,128.43416754533442,93.81930892633105,72.74531069965785,587.9985722315289,240.02855536942093
552.7,10,6439.91885524688,184.06715997886408,124.13244929242727,93.75883617193199,71.51029772599038,588.4086263501204,231.82747299759285
552.8,10,6428.08387965556,177.60631063264307,119.55522085623574,94.8167485864371,72.42182959755698,588.8443037712289,223.11392457542183
552.9,10,6477.133492122835,181.3650456452269,123.01697836374086,94.85731022538025,72.16282169429442,588.5148616009748,229.70276798050463
553.0,10,6443.902272708581,182.8585442416285,123.39365295348847,94.26395061160548,72.48036452630964,588.478992230976,230.4201553804785
553.1,10,6602.219012626239,175.88319321026663,121.60260725128235,95.19055622880623,74.10940819812882,588.6495072975465,227.00985404906987
553.2,10,6572.657939869949,188.7513056335114,129.91509442851577,96.00129717064429,72.65616661120022,587.8572701851269,242.85459629746015
553.3,10,6625.584802468345,183.10494684146155,127.04363532806713,96.34599228883039,72.94262962362643,588.1311862268294,237.37627546341287
553.4,10,6677.112560490161,172.43358012172786,120.56997218283973,96.62469443252911,71.794954808087,588.7477727250725,225.04454549854927
553.5,10,6567.303005781981,191.50429719700415,131.70255372630598,93.36067970730707,72.6243013487728,587.6866280331849,246.26743933630223
553.6,10,6626.195073764072,178.66152716754414,123.97207695744217,93.55076337636483,72.10727522598145,588.4239023033992,231.52195393201623
553.7,10,6535.694461062029,169.98758633247755,116.34227887819966,94.60616473022725,72.39250722143835,589.1497312718868,217.00537456226243
553.8,10,6834.065053629642,171.5122048337771,122.74470217037756,95.05691735578124,72.99231015287728,588.5407867096682,229.18426580663663
553.9,10,6700.281446233249,187.42758295713088,131.50890700212224,94.68076222337359,71.82338716671278,587.7051196607462,245.89760678507673
554.0,10,6863.276467928703,189.48879268927956,136.18950465665,94.3094422806223,71.90557718467107,587.2578287596364,254.84342480727378
554.1,10,6921.3431148737845,183.49300975400845,132.99598230250712,94.61250793477856,71.7969569469375,587.5630860262095,248.73827947580935
554.2,10,6978.876770908927,185.386616398888,135.48540871442648,95.56244088316653,71.75715057092334,587.3251586163881,253.49682767223726
554.3,10,6842.9233812549355,184.40492107588875,132.1425860793689,93.39102544997185,72.41535589379566,587.64460423809,247.10791523820035
554.4,10,6986.824147194927,179.53666881891328,131.3595322731763,97.80216224924588,71.85714331299401,587.7193828745183,245.6123425096348
554.5,10,7187.418021575077,177.7038274264964,133.7513899909264,95.01833992583403,73.6978426055776,587.4909086005523,250.1818279889551
554.6,10,7227.304719995361,178.9546230157001,135.44029971258678,96.25663102356876,74.8575687145587,587.3294716706193,253.4105665876143
554.7,10,7193.879394151395,180.11561117140158,135.6885266016926,94.30152692787125,71.58874459277604,587.3057368909581,253.88526218083712
554.8,10,7167.67846459526,169.57320589596733,127.28123010827147,95.68812292840394,72.42873410574707,588.1085313180206,237.82937363958808
554.9,10,7075.516890088486,179.7020277780622,133.1495698495396,95.11983513422184,73.15054909583908,587.548412565096,249.0317486980814
555.0,10,7274.467202949044,184.61564415837844,140.6365837059387,96.02817007266596,71.82437106601752,586.8322073634556,263.35585273088896
555.1,10,7226.151314952357,172.80084209975735,130.7619908107463,94.76134954543906,71.07307839176787,587.7764327219635,244.47134556073024
555.2,10,7329.106018698788,171.9059587974465,131.93819942547856,96.86077969788184,73.7827655242381,587.664124254686,246.71751490627912
555.3,10,7250.11390535578,177.30087051633868,134.61216700633437,93.2070657848442,72.70764797570175,587.4086412889565,251.8271742208708
555.4,10,7327.827838713671,169.29687250502926,129.91305948455607,96.13486274673191,72.31685792475935,587.8574643960808,242.8507120783854
555.5,10,7393.475971955706,164.51919669089853,127.37783529572678,95.13561138041253,73.4251475402264,588.0993194037329,238.0136119253416
555.6,10,7434.466012985543,181.67636095107494,141.44148930326674,93.76814160409383,72.72109944232977,586.7551038756269,264.89792248746085
555.7,10,7490.68248068275,170.40392466621694,133.6686615298111,97.32905143017882,71.8789584264854,587.4988139937495,250.0237201250104
555.8,10,7420.946055619084,173.62072052786687,134.92407421187073,97.20090156812863,70.92607848505018,587.3788254708722,252.423490582554
555.9,10,7379.9902767465255,169.16430939190704,130.73538425633194,92.48916492922726,71.38498484121517,587.7789727008785,244.42054598242976
556.0,10,7692.992582709985,182.32852600472546,146.8853737665474,95.18475074165636,73.05854104723346,586.2330782208305,275.33843558338845
556.1,10,7805.517506997085,179.33181300145603,146.5843681164804,95.81365889367886,72.51100147190951,586.2619671555301,274.76065688939684
556.2,10,7641.270722580744,171.65482776275573,137.35681974345368,95.49061927655377,71.61724661169713,587.146168339607,257.0766332078597
556.3,10,7502.004100810835,165.07302256644965,129.6826924514382,96.77237473229134,73.54527602013148,587.8794493148705,242.41101370259116
556.4,10,7582.601615227901,170.9077388033439,135.70897968245134,96.51552091383248,71.59609607790082,587.3037811355958,253.92437728808318
556.5,10,7731.912238493274,177.3426534841395,143.591501279895,95.25666653055632,72.7152475926713,586.549048284117,269.0190343176596
556.6,10,7837.627960925527,174.69849708832112,143.3845742720151,97.66250452024649,71.9219914818515,586.5688864624888,268.6222707502236
556.7,10,7620.8251620311785,174.17903488311612,139.00374334892948,96.04519386709529,73.60894163634845,586.98855671285,260.22886574299946
556.8,10,7749.185809503381,174.94507566776457,141.96667635851895,94.48973885942993,72.40288645931143,586.7047839976067,265.9043200478652
556.9,10,7803.6475974613795,178.83280610069252,146.14146551820286,94.2385387593146,71.66967190313292,586.3044693108221,273.91061378355744
557.0,10,7890.264890991867,173.29613931094133,143.18881307172185,96.38274780723735,71.41820435639036,586.587652906152,268.2469418769608
557.1,10,7797.614515078733,176.8166862285911,144.3821905307397,93.92803873785721,71.55495161764595,586.4732319226373,270.53536154725407
557.2,10,7702.82451526826,166.84474052839496,134.58329062009696,94.37620857901562,70.81807292738114,587.4114014826004,251.77197034799292
557.3,10,7930.508730797301,191.72546934263607,159.2243465183136,94.56818512980237,70.14974388189965,585.0463287466807,299.0734250663854
557.4,10,7997.411915829137,171.965189411391,144.01861357963963,95.26969987757454,71.79799293495772,586.5080965064619,269.83806987076264
557.5,10,7900.70167440798,175.4889788716491,145.19248164463585,94.59747909589144,70.92838624302225,586.3955151856023,272.08969628795217
557.6,10,7963.94586379612,178.1482079388327,148.57248081596086,93.23544775821212,70.8982164359486,586.0711045845838,278.577908308323
557.7,10,7896.160101953929,171.4335869688253,141.75568194327525,96.19596411397363,71.31788101704505,586.7250011192833,265.4999776143336
557.8,10,7875.547010952245,174.49665299883483,143.91181398961797,94.30131910911821,71.43112002915036,586.5183370625655,269.6332587486893
557.9,10,8066.917449993547,174.55047727256056,147.45424214290128,97.19512396514078,71.35829672794875,586.178473270749,276.4305345850187
558.0,10,8018.568196798056,168.3269782641305,141.34458412564456,95.12007059018758,73.06109205010297,586.7643877105916,264.7122457881676
558.1,10,8039.5138718531625,177.9449884384328,149.81116045214654,96.25949103133051,71.9569070885721,585.952124590069,280.95750819861905
558.2,10,8145.614064335755,163.48453770220394,139.45340766027334,95.47891566820434,73.37393216181553,586.945508509597,261.0898298080622
558.3,10,7911.488363368108,187.4563647068529,155.30555939244303,96.28247137051909,70.7985763324941,585.4237682918326,291.52463416334854
558.4,10,7966.833298250411,180.90006948767171,150.92218409432346,95.37081674297679,71.99260175122517,585.8453643187338,283.09271362532286
558.5,10,8040.641869740712,179.98800575107293,151.55242924265644,94.95010473327618,70.79665040576901,585.7847851936938,284.3042961261244
558.6,10,7977.170404845487,163.52498481058836,136.60343016916124,95.96076333966907,70.58998351957578,587.218239364551,255.6352127089815
558.7,10,8109.095912818622,170.30300083812745,144.61833452028156,97.61251946156042,73.2675842022358,586.4505850294615,270.98829941076815
558.8,10,8019.5865980109475,185.74665984514746,155.99174353629172,94.28555943161666,70.32469646025984,585.3577142472645,292.8457150547081
558.9,10,7944.563996645535,205.25121790451973,170.75932467167917,95.54268551368993,68.83179403751843,583.9324206981903,321.351586036194
559.0,10,8045.3429451105485,184.72681527391,155.6335136025874,94.56143338120083,70.32614541482747,585.3922003906447,292.1559921871062
559.1,10,8054.294919110179,183.7935751726724,155.0195499136561,95.15345136982698,68.99622434535661,585.4512958675025,290.97408264994897
559.2,10,8124.708565370197,180.37975935332628,153.4702543494772,94.57472553142193,70.02356662913456,585.6003649198236,287.9927016035276
559.3,10,8069.852681960862,170.9407895993752,144.45744532614856,91.91230239415849,70.08646152466041,586.4660149639612,270.679700720774
559.4,10,8071.701474588336,184.0055725489871,155.53376502403702,94.23833473991125,70.95054168180191,585.4018022629552,291.96395474089513
559.5,10,8052.516221184032,169.49412850743178,142.92719960882025,95.65449870831208,68.83569549254598,586.6127302901086,267.7453941978274
559.6,10,7997.222575310635,168.88823637844862,141.43835669729262,93.51276994823378,72.05117946652621,586.7554039942909,264.89192011418254
559.7,10,7938.910588392981,168.60328895546576,140.17016059140653,95.5116529920108,68.94929931235143,586.8768774660098,262.46245067980453
559.8,10,8025.086064556698,184.49900381651892,155.0502040850464,94.60186439748774,70.66706861035277,585.448345620193,291.0330875961404
559.9,10,7955.558343330773,177.41266637315556,147.8032235713189,94.1262804185759,70.44032831835862,586.1449698314084,277.1006033718311
560.0,10,8136.178869385083,178.66023777237575,152.22185616980906,95.41710548126224,71.55941335139713,585.7204258517609,285.5914829647827
560.1,10,8090.494832476284,177.9794951720274,150.79039310187696,95.12094798729683,71.05510563026695,585.8580304378922,282.8393912421552
560.2,10,8009.371310824192,170.3332031594403,142.8651690152335,94.78147778624016,71.8598574869567,586.6186760117412,267.6264797651777
560.3,10,7970.414789153959,173.63618398272612,144.9271573413725,95.46854370827083,70.28087968370619,586.4209653235037,271.580693529927
560.4,10,7910.281806609103,174.0979660740017,144.2162740753054,94.46535761101639,70.14686421695517,586.4891427209088,270.2171455818245
560.5,10,7782.002567470313,168.70465176839863,137.4823811837064,92.2197536001403,70.9936128325829,587.134155077177,257.316898456462
560.6,10,7863.464887375127,175.1030255528404,144.19035797848105,93.7108611557917,71.57917093430316,586.4916279026758,270.1674419464848
560.7,10,7874.874588463529,171.14403007589655,141.1347695972113,91.97011996403695,71.34412504779861,586.7844876031888,264.3102479362233
560.8,10,7867.357824198756,182.8267159377104,150.6250414598187,94.8945838371189,70.80990014179105,585.8739211975956,282.5215760480887
560.9,10,7869.591139532812,183.4681302935476,151.1963901859564,95.15107878579434,70.68972488307584,585.819009223912,283.6198155217619
561.0,10,7891.07658004006,169.8321491672344,140.34106940027954,95.17512766243439,70.38969958745149,586.8605100580313,262.7897988393738
561.1,10,7715.532431476675,176.8448501859735,142.88509784263962,94.60100101503133,70.80479849171516,586.6167658184123,267.66468363175363
561.2,10,7693.337126145206,191.93412327685138,154.6306477295882,95.14415974538812,72.39863908593185,585.4887223066935,290.2255538661302
561.3,10,7872.242835802925,172.08300809056408,141.8616769804184,92.0588510559575,70.0899276898027,586.7148450354695,265.7030992906107
561.4,10,7783.112170235788,181.92710921621122,148.2788899848936,93.78938698047607,69.93677087736167,586.0992978715401,278.0140425691968
561.5,10,7647.514741193444,179.65669429090764,143.87732181531015,92.187830620715,69.82893210357359,586.5216442915098,269.5671141698051
561.6,10,7648.5706233344445,186.53020809932693,149.40257193365005,93.42257067851187,70.62805805117553,585.9913765765903,280.17246846819376
561.7,10,7622.501971142078,180.89424408209317,144.39458652648318,95.7584822262925,68.08561117295037,586.4720431552333,270.55913689533327
561.8,10,7608.188274608812,175.73639470510676,140.014038274369,95.09685989708443,70.04094314893666,586.8918280013145,262.16343997371155
561.9,10,7622.486391079588,179.13529542568702,142.99025476030536,94.54529783592162,71.0252808124292,586.6066862367095,267.8662752658113
562.0,10,7790.30191958488,179.13251925141046,146.1360421773166,93.4977798530662,69.5870164156815,586.3049897104738,273.90020579052475
562.1,10,7538.943909239332,177.79806148072424,140.36736639932906,92.48817169426397,70.26855266888938,586.8579915928719,262.8401681425612
562.2,10,7554.886952070755,169.06468939504148,133.7548378070175,93.86927635764836,72.15977535635396,587.490579128302,250.1884174339591
562.3,10,7302.372256270762,186.83971773887143,142.87682437841005,94.9416121386786,70.35062609069558,586.6175588378237,267.648823243527
562.4,10,7386.834682541248,185.42340316125396,143.43381349200124,94.0642091852751,67.74838383066006,586.564166002491,268.716679950179
562.5,10,7519.656537221575,170.44952937296335,134.22160536516546,91.63270495891126,68.54631168027375,587.4459714770717,251.0805704585664
562.6,10,7410.905463218468,175.43405810949687,136.1487946296009,93.62384977910583,69.67378319388955,587.261722125266,254.7655574946782
562.7,10,6925.274658571314,175.7232254688347,127.4367791767845,91.1647220388724,69.08955918359456,588.0936985879954,238.12602824009218
562.8,10,7375.657597237965,168.9419021454304,130.4868492555824,94.38775612937067,69.96537863562851,587.8026978644309,243.94604271138064
562.9,10,7463.106702828292,163.68732436045624,127.92732497760524,92.55277055073326,69.53604487932337,588.046916491275,239.0616701744989
563.0,10,7060.437253328271,171.75642198018684,126.99107514232095,91.87790735197076,70.96533648054054,588.1361976544661,237.27604691067768
563.1,10,7363.5099861651415,173.62940365293062,133.8864948052582,94.2880761218969,68.67659955949739,587.4779977433477,250.44004513304458
563.2,10,6924.944622574632,165.68690055725884,120.152578859642,93.9383564245713,69.52912313244207,588.7874823339248,224.250353321504
563.3,10,7246.535004705553,176.64306184477834,134.04653625884757,93.50616719351682,69.92260139214838,587.4627031461009,250.74593707798158
563.4,10,7125.82004700065,183.14998892065228,136.66910970579318,95.81716948532473,70.01523005110036,587.2119570246397,255.76085950720653
563.5,10,6872.721714075167,180.48742166963578,129.89855440327338,93.90860175875633,69.78968930799084,587.8588487280335,242.82302543932815
563.6,10,7107.828428735716,173.2650215529937,128.96636258717925,92.3317905854787,67.20043822965748,587.9478010362009,241.04397927598143
563.7,10,7144.438138776253,160.8045319754301,120.3081316875366,93.6875799092468,69.66387391481929,588.7726841203846,224.54631759230892
563.8,10,7039.5642304494895,178.20910464990703,131.37244480782104,92.67970276223616,69.39874364165962,587.7181499345637,245.63700130872576
563.9,10,7030.699882267532,173.71171108321087,127.89579794955333,94.50123496110449,70.38257334779075,588.0499233716616,239.0015325667673
564.0,10,6906.473270526218,175.12104639066212,126.65527928396878,93.27609890965888,70.21045228968357,588.168212543752,236.6357491249596
564.1,10,6739.521024767564,185.14263848668273,130.66645207719375,93.35231380587393,69.69740108172007,587.7855531661435,244.28893667713055
564.2,10,6953.213374001304,165.23115848583984,120.31121776323634,91.12272574618778,69.73885488344118,588.772390524947,224.55218950105973
564.3,10,7025.241203339726,150.2715443018593,110.5520009002967,92.8840388326642,70.74727101805438,589.6993514598323,206.0129708033537
564.4,10,6938.279378447437,162.38690998146856,117.98625571682479,92.69943872109842,70.51444754706834,588.9934924818858,220.13015036228467
564.5,10,6614.532082341823,172.50461054814397,119.48914463014303,91.49413902882247,69.60881669134173,588.8505883375681,222.98823324863974
564.6,10,6632.361840371187,168.6073142883257,117.10440735391654,92.41333219122835,71.44830931672928,589.077311291687,218.45377416625865
564.7,10,6669.319559470231,159.2012423622947,111.18766184197361,93.15768190978426,68.64417749042335,589.639064718281,207.2187056343796
564.8,10,6572.30312585122,157.03987139547178,108.08268739096958,92.58491552765285,68.056493285175,589.9334247766096,201.33150446780633
564.9,10,6702.347874463287,163.73819608307403,114.92263756375999,90.85068744885103,69.20074409488487,589.2845819683941,214.30836063211586
565.0,10,6710.626873249419,156.71578543076686,110.12969926700815,92.17213980016366,68.80750440705931,589.7393960487457,205.21207902508763
565.1,10,6513.091708014544,168.2763700174554,114.77279194345128,91.89288902122784,66.68579490524546,589.2988120274083,214.02375945183394
565.2,10,6699.138146168711,160.92103284853823,112.891271102825,92.64098459814598,68.46867043773032,589.4774307375934,210.45138524813183
565.3,10,6659.412204597138,158.55599754553384,110.57251554722745,92.4653928986186,69.4346478211702,589.6974060253985,206.05187949202787
565.4,10,6527.897748199404,156.7585476191205,107.16012020887666,91.82254450106511,69.00314601647509,590.0208290919888,199.58341816022426
565.5,10,6541.934355995241,163.00502222376807,111.66981206795023,91.7291563665897,68.2549263982778,589.5933287218863,208.13342556227326
565.6,10,6352.144291156468,160.5343138791167,106.78662206270695,92.30384300150602,69.0440335965116,590.0562069381859,198.87586123628125
565.7,10,6485.575582804085,160.69904775690722,109.14163268246597,93.33172760284549,69.09521029714124,589.8330674637884,203.33865072423237
565.8,10,6498.332412954538,159.5721891075636,108.58947770633169,92.46326508507521,69.65775465937327,589.8854000824649,202.29199835070062
565.9,10,6494.887499463241,156.80873730252446,106.65236948004916,93.78908715165088,68.27183803461985,590.0689223251923,198.6215534961559
566.0,10,6496.819084145072,149.06217128558356,101.41374817087457,93.39351238998927,69.75797303996067,590.5646503526665,188.7069929466702
566.1,10,6466.748430661759,150.13885017008099,101.67347563501195,93.78175844862487,67.7643732137088,590.5400924051266,189.198151897466
566.2,10,6401.907954690441,151.42396949465177,101.51557302233097,93.57993111442416,68.32266476767013,590.5550227796954,188.89954440609245
566.3,10,6438.44311839105,167.55633142518502,112.97187173386934,93.76474335418123,70.49618912513058,589.4697813249888,210.60437350022312
566.4,10,6491.442212092764,142.5498207776236,96.90283631214109,90.45685139085792,67.74460429361406,590.9908389185091,180.1832216298169
566.5,10,6372.932069539339,147.92936011638815,98.72389601369233,92.56875128121906,68.08113593608176,590.8188613366365,183.62277326727053
566.6,10,6398.69014652709,150.39978661623329,100.7782745088231,93.20484490004574,67.45835155942834,590.6247273888525,187.50545222294818
566.7,10,6338.102388209714,146.41792024548144,97.1811653009478,93.37252238745438,67.85589691066505,590.9645606133416,180.70878773316736
566.8,10,6282.3673887013965,154.8684081544257,101.88606335731696,90.71947065807619,68.79337153194429,590.5199901051508,189.6001978969855
566.9,10,6382.248176378812,143.98099455804555,96.22933288565974,92.38365317640809,69.33354324018548,591.0544176219826,178.91164756034868
567.0,10,6269.329350923264,143.26950140469063,94.05967049040486,91.63532864981525,68.58050595206926,591.2591393189077,174.8172136218443
567.1,10,6348.987264656733,149.3659377409686,99.30809332380825,93.71167624088956,68.24675099424992,590.7636692501915,184.72661499617175
567.2,10,6305.929960241991,155.07270339644842,102.40310347537262,89.780409035449,67.30112037284316,590.4710929731244,190.57814053751144
567.3,10,6266.016239809685,150.96684852101694,99.06077542304037,90.47180803248874,67.7893768976771,590.7870359068322,184.25928186335682
567.4,10,6256.048248294545,138.85740987143055,90.96991050698921,89.17183851312153,66.94324732972018,591.550430061159,168.99139877682046
567.5,10,6231.953550088916,138.1505543685572,90.15824673933989,91.46763476995231,69.19878419603694,591.6269023584024,167.4619528319522
567.6,10,6117.531118428834,137.4914613012478,88.08065447507391,93.96005775894784,69.24140784691582,591.8225549889362,163.5489002212762
567.7,10,6304.549476219369,136.84538265378885,90.34681013487138,91.13945734565294,68.36816870924127,591.6091383222224,167.81723355555187
567.8,10,6285.078289052755,128.52219391055064,84.58969133224116,91.2629943375824,68.82352346591668,592.151013624743,156.9797275051394
567.9,10,6339.299887742008,139.63292537784596,92.69530799951038,91.75100273173057,69.23193865282326,591.3878020933926,172.2439581321487
568.0,10,6204.162615286739,133.13268904900335,86.49609370426586,90.90000987208005,68.43072887996044,591.9716893448515,160.5662131029692
568.1,10,6431.327881064348,130.05184099103957,87.58823474162983,91.42751792486851,69.69712777602962,591.8689082954552,162.62183409089744
568.2,10,6212.326980731512,120.89017185362417,78.64550750793723,91.40756057612198,67.25390753402327,592.7094434226451,145.81113154709897
568.3,10,6162.895226654298,129.63491460594275,83.6633765930648,89.87075571908571,67.90340201002098,592.2381069884714,155.23786023057255
568.4,10,6149.724713751077,115.34609470769226,74.28261578288877,90.72098767972092,67.75889375780602,593.1186408168999,137.6271836620026
568.5,10,6077.932698758414,123.91624558604443,78.87016537923145,91.67249183698945,68.8486321770204,592.6883571816832,146.23285636633568
568.6,10,6387.191912521162,123.42546046907707,82.55499196696897,91.84470648268777,66.74220814820933,592.3422847115796,153.1543057684064
568.7,10,6371.155995250092,128.74621994557822,85.89766206616676,92.23677984960463,69.59947946302493,592.0279922167098,159.44015566580447
568.8,10,6297.631194285008,139.25769033368027,91.838552382996,91.02918944796089,68.68863732310363,591.4685672473826,170.62865505234868
568.9,10,6155.398483914293,129.45558650505464,83.4460123603524,91.00162860595768,69.8527209125114,592.2585401077524,154.82919784495266
569.0,10,6412.841000677622,134.93718838469815,90.61722258184533,91.42286415459581,68.03762681411814,591.583661624365,168.32676751269787
569.1,10,6207.843725577111,128.65428954458793,83.63607905209759,89.75681731030699,67.50386106337156,592.2406731464557,155.18653707088674
569.2,10,6216.393910853577,131.3465519454398,85.5038796222832,89.65545435427455,68.68748216801939,592.0650349427988,158.6993011440245
569.3,10,6379.357552477018,135.799042781326,90.71983904033252,90.21643355645291,69.03735286353451,591.5739931120785,168.52013775843034
569.4,10,6306.417147926798,116.99953109477033,77.26724608331563,88.78393135818165,67.26899723069123,592.8387729084029,143.22454183194282
569.5,10,6454.027668530578,115.86182719196458,78.30686079619969,90.74996070725462,65.96267299005497,592.7412257113406,145.17548577318848
569.6,10,6269.716230674225,125.43900744175578,82.35862965135162,91.46827671204791,66.11107921165545,592.3607370503212,152.78525899357646
569.7,10,6209.559608694407,120.04463371457129,78.06065107301465,89.30500142158458,68.17603082871607,592.7643305420701,144.7133891585986
569.8,10,6190.333550609168,120.92386825929393,78.38892341981649,90.62689112727912,69.43236527263743,592.7335243794507,145.32951241098544
569.9,10,6074.117609287901,116.95036845496746,74.38980306912423,89.29740165945086,66.56909834727014,593.1085945226021,137.82810954795877
570.0,10,6224.154694233498,113.826188980827,74.19099429234139,88.78010939760608,67.575565384075,593.1272279099624,137.45544180075171
570.1,10,6360.270527776703,128.65431598170622,85.68968896107407,92.41431433193036,67.47771288758047,592.0475566270143,159.04886745971453
570.2,10,6309.172116637305,108.91958077361541,71.96261796027885,88.69260813736251,69.72516360533363,593.3360018855212,133.2799622895766
570.3,10,6254.758786969373,120.73436292168383,79.0806223904633,88.30776302290397,70.042037136384,592.6686024459523,146.62795108095452
570.4,10,6158.617616462654,118.91226686169864,76.68996087302574,90.0482802078204,68.18674699836376,592.8929256334087,142.14148733182583
570.5,10,6274.718878678045,103.50534868612324,68.01202157970593,90.0605459929382,68.63949299343275,593.7057638817781,125.8847223644375
570.6,10,6349.098268319397,108.06214876915878,71.84793094204952,90.48672597178135,68.59113760804249,593.3467427579528,133.06514484094237
570.7,10,6293.162935454362,108.56201476262672,71.5443741205843,92.03528267857371,66.42031295606867,593.37517010295,132.49659794099784
570.8,10,6267.060279947554,116.48091127558968,76.44467693408352,88.6490550051049,68.37910560445437,592.9159316691391,141.68136661721633
570.9,10,6174.06156626633,109.29294992562329,70.66294313481733,88.83533422783876,66.6411785312891,593.457698326144,130.8460334771189
571.0,10,6330.247839046049,110.6024974774755,73.31861717563567,91.40792428042997,67.46970810846831,593.2089776094676,135.82044781064837
571.1,10,5947.9338328433505,100.34423425571032,62.501029318296126,90.55226276614259,68.76169858156682,594.2207972084634,115.58405583073295
571.2,10,6278.906538698471,126.18264185794396,82.96831163815709,90.33343143749254,67.68387324004486,592.3034408937791,153.93118212441777
571.3,10,6483.227116849738,109.76111573721157,74.51923139581599,88.61357970321973,68.68667759770355,593.0964631934231,138.07073613153761
571.4,10,6091.6678865333415,112.12586186664714,71.52710211337339,90.62065072168265,68.86495076279688,593.3767875008521,132.46424998295765
571.5,10,6207.325045120134,104.2278305857734,67.7511707171261,90.18164705901609,65.79052673946173,593.7301622277762,125.39675544447618
571.6,10,6224.139744245875,102.83302788028716,67.02557933133951,89.39360098816272,65.35180493449384,593.7980188172062,124.03962365587745
571.7,10,6174.896835326045,120.18988143816628,77.71882587211734,88.41266292612187,68.67390793268025,592.7964051046245,144.0718979075109
571.8,10,6310.534909640167,92.79475926141593,61.322272536717726,89.19112809233752,68.69680868576219,594.3308416834947,113.38316633010663
571.9,10,6249.458181901419,107.58469516626869,70.40791407339434,90.9898975642843,67.73385653717713,593.4815723221318,130.3685535573652
572.0,10,6210.772427903935,96.58819721181034,62.82005242292801,87.64768024278679,67.85261518954833,594.1910072860335,116.17985427933036
572.1,10,6262.980891833378,101.68103673885537,66.68830363100507,87.94952491134111,68.33686261828052,593.8295551723854,123.40889655229034
572.2,10,6178.951208152036,99.51001095181046,64.38877428172724,88.1048827273619,68.30191989363577,594.0444783689123,119.11043262175326
572.3,10,6468.728245232102,96.54929517894517,65.40284377895836,88.31434732489544,67.10730516418812,593.9497187530587,121.00562493882649
572.4,10,6169.4405467139695,103.18805577751327,66.66591298631505,88.7376665403505,68.3516014060009,593.8316486493663,123.36702701267313
572.5,10,6161.156400685779,84.46744678275351,54.49795654945097,89.85619000832968,67.03382563168667,594.9671283092358,100.65743381528364
572.6,10,5966.754433223856,99.75427082329797,62.330165613544615,89.20909783422462,67.60868476947816,594.236750977218,115.26498045563926
572.7,10,6063.350908701715,100.86552664067989,64.04483064660644,88.67805373040794,67.55027995581938,594.0766112107107,118.46777578578667
572.8,10,6208.779575281405,91.53377283409078,59.51360020411151,88.88723318537407,66.47623280746413,594.4996128466166,110.00774306766857
572.9,10,5956.766770745823,111.2091207778806,69.3712661787539,89.2535851911554,66.57839119926176,593.5785958958867,128.42808208226643
573.0,10,5861.568009147517,96.04041750016997,58.95171793681208,86.43686789264974,69.5414876826695,594.5520236203724,108.9595275925501
573.1,10,6051.5403878574725,98.14183766870568,62.19403587188657,89.69110448361516,66.40178864978805,594.2494609710686,115.01078057862628
573.2,10,6159.650362184859,95.27925149155257,61.45864993333135,87.36397123484339,67.65022604499138,594.3181120871841,113.63775825631933
573.3,10,6013.432470770768,98.49271256289929,62.02334073051182,87.77409795336058,67.8469565799724,594.2653974487761,114.69205102447859
573.4,10,5956.462759506029,107.87826169357743,67.2900713245018,88.66566214943525,67.20013142438084,593.7732856027221,124.53428794555634
573.5,10,5789.834293668913,115.70896709532022,70.15550724330681,88.1176732586688,67.91332905489654,593.5051989314982,129.89602137003658
573.6,10,5986.356213065207,103.3132792716521,64.76603650558036,88.74369376588861,67.55861625289889,594.0092287082625,119.81542583474834
573.7,10,5982.2193547370325,105.42535460375468,66.04440349536674,88.28098956805533,66.34747910796384,593.8897524942537,122.2049501149263
573.8,10,5725.145548909208,109.55990968079816,65.68509247052279,87.71522332326556,67.74295072666172,593.9233386193348,121.53322761330514
573.9,10,5976.211145051582,99.0427206203723,61.98364513105723,89.84877035007764,66.65013616517382,594.2691033944598,114.61793211080362
574.0,10,5914.205008191285,108.06851275678972,66.9305151065853,88.81599542303316,68.92452854376954,593.8069079684271,123.86184063145606
574.1,10,5921.086390857181,102.42034684184004,63.50621916509119,88.28113682886072,67.60231023172446,594.12692379077,117.46152418460156
574.2,10,5840.030588778447,97.69908197035105,59.74949276033282,88.70212735120586,66.46266701461984,594.4776066823152,110.44786635369519
574.3,10,5816.811266781585,98.9822184785079,60.293538744021234,86.9774491118894,67.4950568095513,594.4268469431379,111.46306113724222
574.4,10,5773.343129350278,83.6397617403941,50.56718465702792,90.38655019425539,66.21817176274641,595.3330040151335,93.33991969733006
574.5,10,5774.6030831214575,98.31569133003002,59.45297532541415,86.4248828600025,67.39137752707514,594.5052682111104,109.8946357777902
574.6,10,5486.614562645979,85.36724392795739,49.0483418871512,87.81932221435277,66.89878723607224,595.4742563406271,90.51487318745671
574.7,10,5483.185058354727,84.72075271745446,48.6464695355277,87.29353464131343,66.28881576862354,595.511619159869,89.76761680261916
574.8,10,5521.362556844396,97.39356279775463,56.31254261439056,87.20193437897899,66.26776375118888,594.7980736910547,104.03852617890493
574.9,10,5543.575636819983,88.21230550555353,51.20917371130122,87.00037312434658,69.5339748401524,595.2732787380899,94.53442523820286
575.0,10,5556.5551750975355,95.95020374087636,55.831609833631276,86.5739479988018,67.18258642284547,594.8428888917286,103.14222216542703
575.1,10,5513.471132450341,96.97989730740296,55.99321996590809,88.88080356701786,66.65192751901077,594.8278301864033,103.44339627193449
575.2,10,5550.889919790619,97.32475918029799,56.573698370569836,85.96422159963487,66.47154043520652,594.7737353201335,104.52529359733148
575.3,10,5515.229816460981,89.7687869294375,51.846278500955364,88.54549770093722,67.54073808837148,595.2139959064752,95.72008187049505
575.4,10,5283.849983779258,102.46425324844986,56.69587681317678,88.09911130677021,66.4245102558909,594.7623482287755,104.75303542448955
575.5,10,5349.268870294738,95.64620985164441,53.57853202478107,86.81973546690965,65.96214470298281,595.0527488670848,98.94502265830397
575.6,10,5205.240634993734,99.47721024516702,54.22418419901891,87.87217099433589,67.01842741154526,594.9926257041591,100.14748591681723
575.7,10,5226.414989359224,88.15475393971865,48.24788121805243,87.00010428950344,67.00527526630079,595.5486719907427,89.02656018514563
575.8,10,5232.747417124369,95.44287755759812,52.30002718525591,85.82522455536665,66.6229359464818,595.1717671673194,96.56465665361111
575.9,10,4835.626097214044,104.55460029799805,52.94494199203718,85.79507375268152,66.14372981506929,595.1117368950017,97.76526209996405
576.0,10,5345.230042254523,103.86800006416753,58.14023571266167,87.84760355830126,66.63942680674577,594.6276999099871,107.44600180025941
576.1,10,5126.14532973885,91.71957430253633,49.23586394518592,87.74316001359394,66.55646300655324,595.4568204497309,90.86359100538289
576.2,10,4971.421791572219,93.72600997643465,48.794329955235725,87.26741812287118,66.41376428006211,595.4978728512313,90.042542975375
576.3,10,5166.330127607398,90.88859112450555,49.17225707437409,86.46564488452653,67.29498316613254,595.4627347623997,90.74530475200618
576.4,10,4905.017461475228,93.49891441792131,48.02592565242962,86.66574325825123,69.24139267989385,595.5693030005655,88.61393998868948
576.5,10,4905.0217436290895,88.60438368291018,45.5118787707177,86.462734256154,68.34393878710978,595.8028859228561,83.94228154287703
576.6,10,4800.220218353786,97.75402193217576,49.138785071988195,84.7165470890443,68.95142965474639,595.465847018376,90.68305963248008
576.7,10,4957.19406720882,103.49564419319331,53.726260231014976,86.84621546168776,66.43948338601722,595.0389934900378,99.22013019924407
576.8,10,4743.775304344349,93.92941559234795,46.661032888477045,87.35984281350089,68.6798556391366,595.6961396165827,86.07720766834404
576.9,10,4721.220369730117,99.16998338733131,49.030139701004806,86.77457123191559,67.23076434179184,595.4759487338429,90.48102532314147
577.0,10,4774.467349961811,98.65813727033165,49.32719923264469,88.77732597462875,67.98850174215048,595.4483276782535,91.0334464349296
577.1,10,4668.645126915584,108.00242084892243,52.802315990092595,85.4101455777907,67.45882068281061,595.1250139291792,97.49972141641592
577.2,10,4560.745189564299,96.76756580130187,46.21620098213675,85.78394001008408,66.6571568442295,595.7374651573331,85.25069685333847
577.3,10,4624.191971516412,97.47104371457371,47.19979254639618,86.69890692546839,67.71955795202682,595.6460803141877,87.078393716248
577.4,10,4712.645362160605,96.0405422986823,47.39668646692534,86.79420346966411,67.48495613721104,595.6277836365541,87.44432726891773
577.5,10,4454.459117893463,94.48108417334652,44.072578864381576,84.18301574403574,65.2321333153529,595.9365299058672,81.26940188265394
577.6,10,4388.287101055385,106.64425860969776,49.00733999282056,87.15087420168669,66.8768187635615,595.4780685793507,90.43862841298505
577.7,10,4346.411376420384,102.50536338856655,46.655842510121715,86.6891790669749,67.87429924155867,595.6966218436955,86.06756312608809
577.8,10,4407.859626605737,104.3603412442917,48.171687900796734,83.81188533029325,67.28059750447287,595.5557544042997,88.88491191400703
577.9,10,4179.814985643087,113.43853291300216,49.65308968813699,86.17946344173943,67.47425633410998,595.4180229080372,91.63954183925625
578.0,10,4163.914069602731,114.39328953106067,49.88051459927482,85.31402604628663,66.25529946683841,595.3968726724358,92.06254655128419
578.1,10,3998.200449163126,94.11052553240962,39.403189762213856,85.70545673467115,67.26520007778117,596.3696839649845,72.60632070031193
578.2,10,3986.023140071708,110.7466532221313,46.22735491309116,84.60930378012776,66.91524103558879,595.7364290112662,85.2714197746775
578.3,10,4003.9039216672477,108.38061733346986,45.44267474449296,86.6804462712351,66.81105230110937,595.8093131382336,83.81373723532647
578.4,10,4002.7975312809845,104.17028217574055,43.66526315230852,88.26156544280532,66.33849838972334,595.9743396257624,80.51320748475291
578.5,10,4131.643818933694,110.30599481492557,47.72551334930622,86.43229848171949,67.93619349125517,595.5972243556109,88.0555128877802
578.6,10,3970.4621209465763,96.54817293902305,40.14336135318262,83.49027179125441,67.37070268288042,596.3010644678318,73.97871064336528
578.7,10,3789.3889030017262,119.50124280546991,47.420946592958025,86.3919401829209,67.27401105502031,595.6255291477775,87.48941704445087
578.8,10,3763.941775216446,113.50586852044015,44.73936655234029,85.78378385924019,69.084802875445,595.87462386385,82.50752272300019
578.9,10,3921.3721293055655,104.49138154077482,42.9088768641052,84.66469758233951,67.51269756866989,596.0445395596263,79.10920880747426
579.0,10,3856.114225464939,107.10375457101448,43.24971037432451,86.37926362579451,68.24459999115393,596.0129089873025,79.74182025395066
579.1,10,3710.7555594625683,99.94017033830501,38.835692176435906,86.98007869511004,67.32256518281244,596.422284519124,71.55430961752018
579.2,10,3625.750892611296,110.33112173351971,41.89137488042468,85.0920617760597,66.70232126004034,596.138947295811,77.22105408377843
579.3,10,3735.117239704612,109.82172484859164,42.95573125232488,83.89211775565295,66.00252311846545,596.0401915046941,79.19616990611644
579.4,10,3495.12087383447,104.60183836924756,38.28513078967781,83.42138710899806,67.30954828221019,596.4733063619431,70.53387276113881
579.5,10,3588.780106860546,119.99535740508334,45.09619611399026,85.00782504797048,64.41148783985577,595.8414896979527,83.17020604094637
579.6,10,3730.33212663312,124.18024918944676,48.50970633244597,85.59175620937815,67.35458443899584,595.5243332116584,89.51333576683282
579.7,10,3497.70147706044,115.73809367668164,42.39236865039847,85.13132985870068,67.4049757201046,596.0924669343224,78.15066131355138
579.8,10,3369.1713205245087,114.47908039043021,40.39037126949888,84.90324018800261,66.87978887191129,596.2781612460599,74.43677507880352
579.9,10,3447.4252958872185,120.35385551520356,43.449370563072456,86.37776929753407,67.0130875230565,595.9943782356077,80.11243528784803
580.0,10,3330.324743900445,117.86252726253468,41.10464968870204,86.22526423645292,65.86269921774651,596.2119220496654,75.76155900669278
580.1,10,3210.0424218565713,111.11578218610066,37.35210979793537,85.88344302771128,68.5082037045169,596.5597516097536,68.80496780492876
580.2,10,3377.584071871472,114.81264552353436,40.609207107253475,86.5982519409936,66.79439601630331,596.257868898392,74.84262203215962
580.3,10,3386.696807556521,117.99533084577077,41.847523187012776,84.80591391632068,66.16891566120901,596.1430153476106,77.13969304778857
580.4,10,3221.5167169382935,122.49463729975143,41.324354968205554,84.25551102177366,67.69534442869141,596.1915445209451,76.16910958109884
580.5,10,3186.8163710798626,121.50691525602036,40.54960732130911,84.91816696998532,67.27142688677189,596.2633956426785,74.73208714642965
580.6,10,3103.9721296971975,123.5949745807959,40.17420058472147,84.8118778727848,66.81263477442302,596.298205093279,74.03589813442068
580.7,10,3154.8241621163256,112.12535542773679,37.04312430990173,83.0368587957326,66.71754520846035,596.5883738440466,68.23252311906799
580.8,10,3090.4826719157454,128.127701726221,41.46655603701442,84.82118237021355,67.18685796795373,596.1783547124335,76.43290575133165
580.9,10,3023.8022454717934,124.16171552092247,39.3160345195832,86.77964012098334,68.54953859231652,596.377762868775,72.44474262450012
581.0,10,3276.66108696831,142.6673372552999,48.95360702012137,86.39329682852843,67.68480163667951,595.4830644428218,90.33871114356316
581.1,10,3119.3958428243245,122.73879365416165,40.0941450764949,86.04144749992739,67.19268492874296,596.3056276816169,73.88744636766205
581.2,10,3108.7553812771043,128.3629496248288,41.78831465012256,85.54862589394186,68.09166914850661,596.1485079406746,77.02984118650875
581.3,10,3118.728326170832,146.54178772942439,47.85944391472502,87.10932530732047,67.27921197641183,595.5847767129858,88.30446574028429
581.4,10,3089.6121754919404,128.7257858209537,41.64838232959655,84.0789160967172,67.66597855786658,596.1614886249183,76.77022750163246
581.5,10,2959.807939583246,127.51437721933789,39.52312746023119,84.17430532115856,67.42860019725083,596.3585659131472,72.82868173705651
581.6,10,3008.765544798958,121.69012756698328,38.341783574002605,86.66274438096677,67.8805976223352,596.4680566179686,70.63886764062886
581.7,10,2942.261846191332,139.8967757169713,43.104006867023834,85.32872203143532,66.86031486159489,596.0264312090043,79.47137581991456
581.8,10,2995.542851437224,121.67447838630163,38.16837299674581,84.4727041803596,66.17905360016242,596.484125457891,70.31749084218063
581.9,10,2973.5345247906957,133.35568073068356,41.52533301051728,85.92346750205984,68.23947611010965,596.1729027040209,76.5419459195823
582.0,10,2893.014250999312,127.61638830127573,38.66211785449442,84.71855706449865,68.85208028088044,596.4383710152797,71.23257969440601
582.1,10,2792.4750168624714,130.15860134231943,38.061928354970654,84.22376776285132,66.27008579736253,596.4939885650658,70.1202286986836
582.2,10,2923.129373594959,122.05580189420101,37.36242733060242,84.17498033689915,67.55636276338298,596.5587958187034,68.82408362593083
582.3,10,2881.3838440462873,141.95075158925738,42.83190899107575,85.5843908048465,66.94359274175908,596.0516819865811,78.96636026837768
582.4,10,2713.8163245767973,131.11545518900311,37.26172493542801,85.4311657619685,68.29151941071495,596.5681245111743,68.63750977651421
582.5,10,2935.285413247305,125.05072157385283,38.43838712776075,86.9904669885418,67.6707484677712,596.4591046118603,70.8179077627949
582.6,10,2973.4469604024484,142.80614398255182,44.466782547718886,84.80897709843504,70.76781950976448,595.8999327301136,82.00134539772762
582.7,10,3117.6222530942873,130.9734858406092,42.75978344221111,84.77574926189432,67.15543892318733,596.0583749015202,78.83250196959693
582.8,10,2836.940072929694,137.2935423831822,40.787669400925566,86.8596657222665,69.01096881323511,596.2413193051999,75.17361389600183
582.9,10,2820.5662675782137,141.27332494720565,41.72776196512568,86.30319234223937,69.12538822921675,596.1541251208431,76.9174975831379
583.0,10,2764.9303008801535,139.11661419026908,40.280217342295074,85.28313996084626,68.04171131722882,596.288375143084,74.23249713832092
583.1,10,2889.6444187546745,120.81932378054721,36.5602724256983,83.22542885979381,67.56282671526657,596.6330963037736,67.33807392452718
583.2,10,2889.432660483204,141.442711267889,42.79783184708238,84.11433800761668,67.63848196120698,596.054844205652,78.90311588696136
583.3,10,2794.3920215128637,136.2320282554307,39.865312530871705,83.81410820328851,67.57201935073826,596.3268435572272,73.46312885545444
583.4,10,2856.935025234068,134.97554608334156,40.381651329227054,85.11376194692673,68.7135518204775,596.2789698053907,74.42060389218682
583.5,10,2688.4743449713096,136.83861888931753,38.52504872906778,84.45154895957445,66.72631877304283,596.4510736712223,70.9785265755545
583.6,10,2968.123126033621,126.63596559666492,39.36113353576801,86.97712420659582,67.45693736073272,596.3735824178289,72.528351643424
583.7,10,2811.31657529515,139.5357981676803,41.07939246864799,83.16053614111397,67.3549628615465,596.2142645513559,75.71470897288236
583.8,10,2886.364066030809,128.90434307357623,38.96254142606693,83.64581883313235,65.9304409968643,596.4105278503882,71.78944299223531
583.9,10,2759.9240293840894,136.69849895009648,39.50840448347125,85.32669071385385,68.53529390280268,596.3599307343425,72.80138531315174
584.0,10,2846.583755179154,140.01709437926084,41.73819325205811,85.65311378287564,68.75929676071388,596.1531574683247,76.93685063350472
584.1,10,2882.4025989581714,146.64472070080612,44.26390156451083,81.91762669990959,67.08240995021904,595.9187684085879,81.6246318282424
584.2,10,2915.5208069121622,133.57153742581195,40.78107670956282,82.93504351275418,68.76726224232442,596.2419306909044,75.16138618191349
584.3,10,2970.334624266339,149.6312803655743,46.543215928323704,84.69710318210898,66.17422161574066,595.7070855483491,85.85828903301604
584.4,10,3070.138756131548,146.23829229063716,47.016222061116906,86.6371187156406,67.8028292648858,595.6631378706907,86.73724258618677
584.5,10,3012.1632980633117,136.72327529565928,43.12703330016385,87.2721653884875,67.67385528731225,596.0242942491466,79.51411501706957
584.6,10,3043.5151848143405,132.0652785641003,42.09133909468495,84.50698886131008,67.90934270503506,596.1203962254738,77.59207549052462
584.7,10,3099.429633305048,129.79564994565484,42.12797038118273,84.79769082526684,67.92585829228874,596.1169977435984,77.66004512803192
584.8,10,3026.460004671616,141.85886498615392,44.9593514395604,83.99685767388421,67.78822708923622,595.854197139164,82.91605721671999
584.9,10,2979.447600285268,134.8281552812604,42.06733135852539,85.76012183303578,67.49968556480013,596.1226235313911,77.54752937217745
585.0,10,3089.6674825573355,148.395497636972,48.01324783465199,86.83423550139271,67.80117390350074,595.5704813739601,88.59037252079702
585.1,10,3106.8357695851787,135.2324775192482,43.99749181565727,86.5074990380285,69.29575170802782,595.9435003421162,81.12999315767638
585.2,10,3077.8035497244723,133.65189116505815,43.07691790400866,84.96629584743928,67.37668883731776,596.0289451707395,79.4210965852119
585.3,10,2889.442901635552,141.537747679978,42.82673982163213,83.99622915200908,70.23384933128993,596.0521616664585,78.9567666708308
585.4,10,2959.250422410245,135.02419542880259,41.84291521162257,85.01422225467749,67.36666807550047,596.1434428189085,77.13114362182978
585.5,10,3024.7097472681926,139.78899344667465,44.27772530181812,86.66379637154742,68.26543407682145,595.9174850367067,81.65029926586499
585.6,10,3136.5532785576343,146.51224482644076,48.123278792737345,84.5292458398427,68.62034023466386,595.5602540982072,88.79491803585438
585.7,10,3072.128244018209,140.29077408433344,45.13329810003724,82.83491277866041,67.78135063220057,595.8380443013405,83.23911397318966
585.8,10,3193.7862524412753,140.15558076974904,46.87538637603917,84.58552459977152,69.47965386164734,595.6762237989349,86.47552402130145
585.9,10,3222.282187986848,140.56248804725175,47.43092828647413,84.68735927279859,68.66689519773853,595.6246015459551,87.50796908089796
586.0,10,3222.6934979882103,127.07155042649563,42.88406540435439,82.84183272963523,67.9413797990211,596.0468420201277,79.06315959744688
586.1,10,3234.5866897891906,141.44224116650634,47.91004097047026,85.31158097039601,69.54234895594526,595.5800740348674,88.3985193026524
586.2,10,3032.6488655528074,139.57460372662268,44.325857916450275,85.64663208933409,67.18059498840697,595.9130164445187,81.73967110962735
586.3,10,3187.8967329485286,144.44088305393163,48.2195327235255,87.27813193542474,67.65580365482882,595.5513070941846,88.97385811630784
586.4,10,3094.96029394893,142.14687076221233,46.0702960661547,83.45478598697332,68.8092530676361,595.7510186817793,84.97962636441343
586.5,10,3006.3564066091644,136.1885031109055,42.87553278584831,85.93818401457082,69.07373679347438,596.0476338282119,79.04732343576143
586.6,10,3145.7308229450396,144.50549720153975,47.60302421871287,86.23022319605853,68.62066945059068,595.6086081607774,87.82783678445185
586.7,10,3308.5629038110665,134.88790971079757,46.73486997134174,85.70256707727617,68.19681907891751,595.6892794836747,86.2144103265075
586.8,10,3235.7748799987694,138.30531408958845,46.86469386450152,83.88040178694361,68.09871495980701,595.6772172836991,86.4556543260187
586.9,10,3392.5777865594337,134.01772662068495,47.61246634943333,83.82073211000038,69.50788850405553,595.6077306505376,87.84538698924734
587.0,10,3226.166233705895,139.03067851071134,46.970588508153135,85.22589809907154,68.64338881437904,595.667378034199,86.65243931601935
587.1,10,3449.849209597931,132.74798179380076,47.95751351589499,85.22862938212181,67.55743710889116,595.5756616923,88.48676615400109
587.2,10,3241.6605153069045,146.48415260365817,49.72637401730929,84.46078489607976,67.52662743828142,595.4112077213737,91.77584557252658
587.3,10,3233.9047955323917,148.62398269244983,50.33206436266322,86.69429301669172,69.99701429315566,595.3548746137355,92.9025077252902
587.4,10,3116.6623605618,140.1548775825732,45.74320503076651,84.67618229536637,67.79198084316269,595.781400845661,84.37198308677921
587.5,10,3349.5835412169245,144.34542573200224,50.631693963231754,82.89792997561182,68.8108263106982,595.3270031562116,93.45993687576765
587.6,10,3201.673994782986,122.28553496441775,40.999712777550045,84.9153193486059,69.91651478114308,596.2216543885778,75.56691222844393
587.7,10,3192.6034632193005,122.59921683419518,40.98843100617435,85.77485958951014,69.13538603718709,596.2227006936744,75.54598612651375
587.8,10,3379.870943853582,129.77240380805296,45.9315482577271,85.62375589481292,67.86346100157681,595.7639067859155,84.72186428168925
587.9,10,3371.6343316351304,131.77257193717776,46.52582769135421,85.62986546198654,67.63338518845244,595.7087009899005,85.82598020199043
588.0,10,3371.9509565540006,129.54382362373676,45.743203813186696,87.03750423575225,70.54709177455183,595.7814009587513,84.37198082497389
588.1,10,3232.1418108322196,118.87088756531605,40.234122204711554,83.92340926390953,67.66430778740333,596.292649157545,74.14701684909915
588.2,10,3263.1809606802162,137.84933143380317,47.10580614489147,84.7696681307918,68.18061418261352,595.6548137493078,86.90372501384559
588.3,10,3263.131422892074,144.278298780007,49.30196126745649,87.14966100084135,69.13493693625925,595.4506744437397,90.98651112520656
588.4,10,3343.262999697608,137.5654945844462,48.162461387677034,82.9527701881834,68.57224044282658,595.5566120268079,88.86775946384319
588.5,10,3415.9245268106365,135.58645387577533,48.50127851303133,85.26766453087068,69.39374225849673,595.5251166774087,89.49766645182422
588.6,10,3302.023161582143,128.94998165045067,44.58923463968148,86.82582290884318,67.3811124970748,595.8885635721069,82.22872855786136
588.7,10,3452.6754629635398,120.83627199887492,43.68996476655765,86.82746657707091,68.66755904026417,595.9720467972508,80.5590640549849
588.8,10,3347.6026975386458,126.60643652751499,44.383169446031395,86.18282388947311,69.5848440176874,595.907695601436,81.84608797127908
588.9,10,3236.668845472462,140.19135050328708,47.51690059213813,86.23375403369411,69.61754503627628,595.6166119928754,87.66776014249217
589.0,10,3333.607032519633,122.33445708869947,42.70628761169854,84.18304496412082,68.39345199970364,596.0633389676539,78.73322064692275
589.1,10,3412.151156853085,120.95310359809532,43.21891865766252,87.10163195547969,67.97374194829818,596.0157667079388,79.68466584122325
589.2,10,3434.439659823935,131.22230313135393,47.19458423895163,84.03579068412695,69.23882197721247,595.6465642889864,87.0687142202712
589.3,10,3351.1871747355362,131.01495366594344,45.97779831133608,84.12991051974097,67.74241000886552,595.7596107407686,84.80778518462785
589.4,10,3234.025329165786,116.18707628046249,39.34865193974062,85.98689015619942,70.36901067901354,596.3747394046211,72.50521190757695
589.5,10,3203.4877975860113,119.61116593822315,40.125773360040625,84.95334998419753,69.2721166444146,596.3026951919603,73.94609616079379
589.6,10,3270.6330764460417,117.24399266710454,40.156055160475496,85.81701814269165,68.44796118333296,596.2998875174121,74.0022496517588
589.7,10,3366.1256394695415,120.55820854643464,42.496750750446836,86.11040323481133,68.12043001685456,596.0827818280395,78.34436343921084
589.8,10,3238.8714031739455,127.10719812630566,43.111433963982286,87.75219828703133,68.57212390120098,596.0257419416239,79.4851611675233
589.9,10,3230.799268892159,113.06284405182235,38.252383369852666,86.16440044707873,67.67358580297598,596.4763408671324,70.47318265735043
590.0,10,3181.86501987982,125.62765368565857,41.85965251077904,84.92763181608765,69.76071607870915,596.1418901351417,77.16219729716613
590.1,10,3134.6235526294186,118.02052204273019,38.74106378159575,86.50807541480364,68.49359105367981,596.4310545841821,71.37890831635787
590.2,10,3138.6097586651,132.90195352455476,43.681475859761775,84.72507365909894,69.72668719606013,595.9728347480632,80.54330503873757
590.3,10,3154.587948503828,118.16143329758914,39.03435505647361,86.84632316431691,69.89521274177817,596.4038717977166,71.92256404566592
590.4,10,3292.1461502438424,114.5642388741806,39.49633510570868,85.85591387597302,70.3543862852596,596.3610495619971,72.77900876005674
590.5,10,3092.877177116417,118.58144485892687,38.40679165730755,86.28729973966121,69.67102574946517,596.4620325136525,70.75934972694995
590.6,10,3106.916846216944,111.51758741390343,36.28286836449619,83.6986090239119,70.57526531638815,596.6587868311817,66.82426337636457
590.7,10,3005.5493534928946,100.63393682581298,31.67356475503118,83.16370241440941,70.86705448302321,597.08533158712,58.29336825759924
590.8,10,3141.283156577568,110.84517426247581,36.46300811588928,84.09254487543534,69.77012924216653,596.6421042529372,67.15791494125597
590.9,10,3188.11189561808,110.06814040365254,36.7471619094725,88.01928604819537,69.86146419408391,596.6157871216723,67.6842575665546
591.0,10,3197.340861645932,100.05540389990253,33.50102580361273,84.57712924070874,69.0165374897995,596.9162917330485,61.674165339029514
591.1,10,3046.763265726266,110.036519426042,35.10784509345133,86.86468438643115,68.61750697220776,596.7675816566524,64.64836686695207
591.2,10,3066.164058391891,95.43148826867106,30.641900871749417,85.24706105118618,70.91836986785846,597.180717868742,56.3856426251607
591.3,10,2980.9303096784274,106.82893855994678,33.34796631902792,85.76118881905845,70.2732426410801,596.9304534033099,61.390931933802904
591.4,10,3029.391552411971,110.33802752988132,35.003320455654276,86.02786840728768,70.38556801747194,596.7772576096502,64.4548478069953
591.5,10,2992.5990161746977,108.69118224569763,34.06210312378114,88.08680430608894,69.13930242370775,596.8643728579091,62.71254284181737
591.6,10,2951.7164403571214,104.52393285955439,32.308663603595996,86.84884042307077,71.38523621055913,597.0265959524486,59.46808095102938
591.7,10,2942.5801161025556,106.20237603985504,32.725865954545796,86.64305962521122,69.56402963344799,596.9880056450143,60.23988709971604
591.8,10,2955.6788605692545,100.72335944811752,31.175689394540242,87.77106284027464,69.02215443511032,597.1313683091488,57.37263381702405
591.9,10,2868.0328972541015,105.70988132321098,31.7488743264838,85.48960841533379,69.28169191362427,597.078367364047,58.432652719059206
592.0,10,2856.1880559467263,105.47532929570801,31.54759861458868,87.56628744495474,71.4579444071755,597.0969798916456,58.06040216708766
592.1,10,3024.72797675762,98.2142949743238,31.10925742708839,87.4010776785918,68.80710433491467,597.1375104919754,57.249790160492466
592.2,10,3103.4283721807647,105.85056662909228,34.40040308167507,87.42303609878519,69.19843759689633,596.833064132932,63.338717341359825
592.3,10,2715.043224196009,105.28130754844305,29.933440451260108,86.20517881601435,72.87948310288104,597.2462034571863,55.07593085627491
592.4,10,2693.513272831167,101.77649427450149,28.707490204719345,85.90285872690306,70.95342728437771,597.3594884535671,52.81023092865894
592.5,10,2706.1513693947286,119.39098006790368,33.83391240505231,85.42067771986396,69.31074810774372,596.8854894128344,62.290211743311374
592.6,10,2771.4388804296173,100.9777734899387,29.306213814090682,85.53306445947332,68.99376619600916,597.3041682717436,53.91663456512788
592.7,10,2850.812976749499,99.54291675051856,29.71718767708658,85.4388683493778,68.43391771484507,597.2661896184461,54.67620763107789
592.8,10,2806.677079555948,98.09195689447874,28.830652042179988,87.01748178454783,70.23511871639367,597.3481095272689,53.03780945462336
592.9,10,2752.0162512678844,93.82001516620012,27.038034070830165,86.3416165756626,70.89739945285035,597.513686630333,49.72626739334032
593.0,10,2771.4975430518143,105.002907642655,30.47505100913768,87.17202720542173,71.71953326219172,597.1961417109071,56.07716578185773
593.1,10,2641.5247822601373,95.00049858982341,26.279021612206808,87.2788990969651,68.33808541216263,597.5837658771309,48.32468245738369
593.2,10,2670.592952560469,95.44914860997127,26.693675426562645,85.46118971490348,68.93799598280833,597.5454831399766,49.090337200469776
593.3,10,2678.9126015664006,95.29598448914322,26.733865834046483,85.46498932284915,70.17510651755994,597.5417723158457,49.16455368308448
593.4,10,2517.9207733822245,91.82664842809552,24.212487648348546,86.53848759144857,73.11357444826068,597.7744843599012,44.5103128019764
593.5,10,2546.296243644566,86.14027314004282,22.969090127093192,85.92325317641428,71.24301845298466,597.8891775156139,42.21644968772125
593.6,10,2538.907191927257,94.85322577563315,25.218981832084268,85.83776653117691,70.76108812073947,597.6816112183918,46.36777563216356
593.7,10,2707.552877131246,103.92274542393832,29.46566020358086,88.97028914262498,69.19449457266222,597.2894341901876,54.21131619624589
593.8,10,2648.4840447175143,98.92377594871529,27.436370825557304,85.13697869943522,68.3305166863664,597.476901788184,50.46196423632068
593.9,10,2674.1788530924864,108.22464997432397,30.307161135167952,89.44655293790552,70.52038609071262,597.2116608853016,55.766782293966344
594.0,10,2433.086497248617,102.33345077643091,26.073767326349657,87.40772539856853,70.41314852973058,597.6027140696622,47.94571860675546
594.1,10,2459.445555005388,100.54129258702552,25.894664903671902,88.28708007790812,70.27563590872197,597.619247049118,47.615059017639396
594.2,10,2656.756510555951,109.86971361373904,30.567390418999732,88.18843154237415,70.19387557731513,597.1876058214762,56.24788357047578
594.3,10,2324.009986527855,95.84981207232514,23.32694544232948,87.92993412345857,69.85675806073549,597.8561728434898,42.87654313020312
594.4,10,2699.4506440800765,96.83121019850356,27.37280912752609,89.2272404127551,69.65820643299192,597.482771767522,50.34456464956065
594.5,10,2405.94527718625,96.190605555286,24.23522309449515,85.97790479875273,72.0560231091476,597.7723867914339,44.552264171322804
594.6,10,2656.2763886232724,106.97998368936632,29.75804575600363,87.13321197177093,69.81058067438136,597.26241360266,54.751727946799065
594.7,10,2489.7150558804824,96.11524399394584,25.059392378111955,86.34180472751574,70.4514781262513,597.6963390921946,46.07321815610703
594.8,10,2672.7459291714044,91.50547035603832,25.61140197090851,85.37456951589547,70.7189855010156,597.6453932307513,47.092135384974654
594.9,10,2877.8647366643927,100.12458443769388,30.17447497269396,86.66130357897826,71.49469823325813,597.2239253739294,55.52149252141248
595.0,10,2358.16780921834,90.28618132260081,22.295879545221343,89.74705733386858,69.96685538961833,597.9512572105368,40.97485578926353
595.1,10,2642.271121969851,99.74515626025138,27.59928373600244,87.33732119502304,71.82693180678672,597.4618561071002,50.76287785799536
595.2,10,2407.6038419584297,98.9402985135709,24.945192632004982,89.97145048549172,70.29928239072501,597.7068776837705,45.86244632458943
595.3,10,2624.186250948085,94.77181810408673,26.043688120795554,90.14023877178656,70.74704016337814,597.6054907511469,47.89018497706138
595.4,10,2569.373590961937,100.13415757568926,26.942514322834413,91.27767626083597,72.58192482342938,597.5225068296077,49.549863407846715
595.5,10,2607.843208045486,85.8563269947485,23.44673633455297,90.01663912422023,69.9993844769293,597.8451238207799,43.097523584400506
595.6,10,2516.535577427885,97.53041533324378,25.702286851133792,90.60658234247595,71.71919663548515,597.6370044815511,47.25991036897767
595.7,10,2686.07412459033,93.29047354468051,26.2412131422625,88.21404555240525,72.03247305016144,597.5872562830497,48.25487433900662
595.8,10,2484.259189179104,116.72701549616168,30.36665143605353,88.14509742259861,71.3672175267284,597.206161894986,55.8767621002778
595.9,10,2750.8994957995315,97.96431440258867,28.22092503705918,88.27240327215641,70.96913049766638,597.4044379682969,51.911240634063915
596.0,10,2606.3213584637756,92.90201229302257,25.35605598959863,87.96639143015344,73.24158778563795,597.6689606097042,46.62078780591628
596.1,10,2525.3695193207527,87.65251093063553,23.180239236882798,88.19385630902715,71.1311384176125,597.8697038664557,42.60592267088782
596.2,10,2824.7396404643555,106.68276068801843,31.557405340909348,88.9650411459236,71.37803581316298,597.0960730632776,58.07853873444856
596.3,10,2682.5890973124115,95.35916919828585,26.78830480646648,87.55181463955181,70.86627730259261,597.5367458323826,49.26508335234871
596.4,10,2887.146843192603,92.55434037621956,27.98300055381519,86.50622815120614,71.38259979616848,597.4264152644198,51.47169471160282
596.5,10,2840.050360875911,100.75195096591933,29.96457510114268,88.64450280936053,72.22421472999389,597.2433258706787,55.133482586426226
596.6,10,2667.457959887922,103.26928485887464,28.846781900838742,87.42577396220116,71.01323203906617,597.346619256837,53.06761486325968
596.7,10,2755.6213539466494,103.5013459383801,29.867175710374706,87.59918220180795,69.20830624475931,597.2523278118101,54.953443763796486
596.8,10,2796.7523253406016,99.56303860037102,29.1595466985471,88.18436288993004,71.8585618089013,597.3177208046561,53.64558390687762
596.9,10,2952.9453724996433,100.91855832416658,31.207218996083917,87.95863159006899,70.29466461154867,597.1284530932335,57.430938135331644
597.0,10,2873.3261992257726,101.82588565351604,30.638799663156085,89.78696601914528,72.14273235637124,597.1810045562424,56.379908875152296
597.1,10,2873.4343015006093,102.971363587137,30.98463280032818,88.30470619129156,71.42723442480272,597.1490327232004,57.01934553599244
597.2,10,2863.7162725297803,104.02290503024321,31.19518628239378,89.94738058072971,72.39921484434838,597.1295656371016,57.40868725796872
597.3,10,2904.9972898020796,109.15872572726848,33.20724197392851,88.85226396853442,70.53514887922374,596.9434731816289,61.130536367421655
597.4,10,3061.8904936366234,102.3575942309098,32.819982280430686,88.54916609460086,70.97549566772454,596.9792993969546,60.41401206090768
597.5,10,2967.499019794471,96.72602795308339,30.05817136047682,88.89576935803154,71.19773940285424,597.2346751693865,55.30649661226903
597.6,10,2959.832311397171,101.92992174784072,31.59347635564237,87.20659472735086,70.08238314911429,597.092737551314,58.14524897372053
597.7,10,2974.9332470406293,108.72760469402485,33.8723761670603,89.21302533947195,72.70280390014256,596.8819301176502,62.36139764699715
597.8,10,3008.1280599076213,91.47097651683465,28.81431199287009,89.87727280502466,69.9925046018566,597.3496192100265,53.007615799468795
597.9,10,2960.6550995631615,92.0507794520307,28.539338700281586,90.09830430523274,72.74160753850214,597.3750232736729,52.499534526542675
598.0,10,3056.604016677963,111.49665729931185,35.68861093541048,87.33783264345776,72.09487848639576,596.7138138193791,65.72372361241719
598.1,10,3305.1635419466397,116.35762261234993,40.27322522051877,87.18893705541281,71.49761557561995,596.2890234677013,74.2195306459746
598.2,10,3178.9693579473173,98.27574522639556,32.71608331634428,88.41891119697439,72.0674159183698,596.9889105751197,60.221788497605075
598.3,10,3302.125801460903,109.26227553922295,37.782655083907294,90.7761711279935,72.06566105025922,596.5198643269025,69.60271346194986
598.4,10,3037.130791357138,107.20001921665927,34.094708053250564,89.43132673871577,71.37293616256835,596.8613555056949,62.7728898861028
598.5,10,3364.770469764807,109.6189734881759,38.6251156423898,88.288193387101,72.0967557313689,596.4418001881141,71.16399623771713
598.6,10,3334.3485261734468,115.04093092526188,40.16909047124674,87.52605749687149,72.5548338509816,596.298678898446,74.02642203107803
598.7,10,3343.5288943879063,105.31832790837304,36.87547761417883,88.50063497248416,70.9038124442686,596.6039022945649,67.92195410870136
598.8,10,3446.7017506321454,108.09216537532514,39.01454440046695,88.47147247796276,72.21933200973099,596.4057079650458,71.88584069908302
598.9,10,3423.2709831314332,115.21553896987484,41.30293868553076,90.54805550990996,69.27124846385931,596.1935309295786,76.1293814084263
599.0,10,3310.0510042977166,117.79488862906135,40.83097492220015,90.69241078292617,69.99220207259708,596.2373032544003,75.25393491199338
599.1,10,3641.419500536528,112.42492726272587,42.87083543953695,88.26957618677832,72.51034628920112,596.0480697306339,79.03860538732374
599.2,10,3619.381992095549,127.33337316056367,48.26199643953499,90.48541005723636,71.55179468989738,595.5473599169374,89.05280166125294
599.3,10,3609.422550324426,120.38652112199969,45.50343789217197,90.41471729277232,71.13977404188624,595.803669863688,83.92660272623971
599.4,10,3590.832871370653,121.8639608491627,45.824643996965,88.27043042463791,71.96355645528028,595.7738366011254,84.52326797749379
599.5,10,3586.737805721397,128.30540048862852,48.19180412816044,89.6377377801918,71.64377884748716,595.5538845528458,88.92230894308454
599.6,10,3791.736569839845,126.93664176051847,50.402697445397706,90.1996057171429,71.07404759863729,595.3483045820369,93.03390835926166
599.7,10,3968.132799646308,135.21488794261694,56.18745077616978,90.03882870707021,70.44630508519761,594.8097308941494,103.80538211701264
599.8,10,3878.80017308698,124.33271428902815,50.502332751529295,87.84263860841291,70.13966664450143,595.3390366208196,93.21926758360974
599.9,10,3772.992182198041,122.59888848138843,48.4396566432085,90.1050600248387,72.8688553719317,595.5308450977991,89.38309804401797
